-- phpMyAdmin SQL Dump
-- version 4.0.10.7
-- http://www.phpmyadmin.net
--
-- Servidor: localhost
-- Tiempo de generación: 04-08-2015 a las 02:11:06
-- Versión del servidor: 5.5.42-cll
-- Versión de PHP: 5.4.31

SET SQL_MODE = "NO_AUTO_VALUE_ON_ZERO";
SET time_zone = "+00:00";


/*!40101 SET @OLD_CHARACTER_SET_CLIENT=@@CHARACTER_SET_CLIENT */;
/*!40101 SET @OLD_CHARACTER_SET_RESULTS=@@CHARACTER_SET_RESULTS */;
/*!40101 SET @OLD_COLLATION_CONNECTION=@@COLLATION_CONNECTION */;
/*!40101 SET NAMES utf8 */;

--
-- Base de datos: `yosoypad_va_por_mi_cuenta`
--

-- --------------------------------------------------------

--
-- Estructura de tabla para la tabla `cartas`
--

CREATE TABLE IF NOT EXISTS `cartas` (
  `idcartas` int(11) NOT NULL,
  `contenido` text,
  `fecha` timestamp NULL DEFAULT NULL,
  `ninos_padrinos_ninos_idninos` int(11) NOT NULL,
  `ninos_padrinos_padrinos_idpadrinos` int(11) NOT NULL,
  PRIMARY KEY (`idcartas`),
  KEY `fk_cartas_ninos_padrinos1_idx` (`ninos_padrinos_ninos_idninos`,`ninos_padrinos_padrinos_idpadrinos`)
) ENGINE=InnoDB DEFAULT CHARSET=utf8;

-- --------------------------------------------------------

--
-- Estructura de tabla para la tabla `comedores`
--

CREATE TABLE IF NOT EXISTS `comedores` (
  `idcomedores` int(11) NOT NULL,
  `nombre_comedor` varchar(45) DEFAULT NULL,
  PRIMARY KEY (`idcomedores`)
) ENGINE=InnoDB DEFAULT CHARSET=utf8;

--
-- Volcado de datos para la tabla `comedores`
--

INSERT INTO `comedores` (`idcomedores`, `nombre_comedor`) VALUES
(1, 'Ecatepec'),
(2, 'A. Obregón'),
(3, 'Chalco'),
(4, 'Metepec'),
(5, 'García');

-- --------------------------------------------------------

--
-- Estructura de tabla para la tabla `genero`
--

CREATE TABLE IF NOT EXISTS `genero` (
  `idgenero` int(11) NOT NULL,
  `genero` varchar(45) DEFAULT NULL,
  `foto` varchar(45) DEFAULT NULL,
  PRIMARY KEY (`idgenero`)
) ENGINE=InnoDB DEFAULT CHARSET=utf8;

--
-- Volcado de datos para la tabla `genero`
--

INSERT INTO `genero` (`idgenero`, `genero`, `foto`) VALUES
(1, 'Niña', 'nina.png'),
(2, 'Niño', 'nino.png');

-- --------------------------------------------------------

--
-- Estructura de tabla para la tabla `movimientos`
--

CREATE TABLE IF NOT EXISTS `movimientos` (
  `idmovimientos` int(11) NOT NULL AUTO_INCREMENT,
  `idpadrino` int(11) NOT NULL,
  `idnino` int(11) NOT NULL,
  `movimiento` varchar(100) NOT NULL,
  `fecha` timestamp NOT NULL DEFAULT CURRENT_TIMESTAMP,
  `donacion` int(11) NOT NULL,
  `num_comidas` float NOT NULL,
  PRIMARY KEY (`idmovimientos`)
) ENGINE=MyISAM  DEFAULT CHARSET=latin1 AUTO_INCREMENT=436 ;

--
-- Volcado de datos para la tabla `movimientos`
--

INSERT INTO `movimientos` (`idmovimientos`, `idpadrino`, `idnino`, `movimiento`, `fecha`, `donacion`, `num_comidas`) VALUES
(1, 601, 796, 'alta', '2014-08-25 20:21:22', 35, 1),
(2, 250, 646, 'alta', '2014-08-25 20:33:29', 70, 2),
(3, 408, 222, 'alta', '2014-08-25 20:38:23', 35, 1),
(4, 545, 70, 'alta', '2014-08-25 20:38:40', 105, 3),
(5, 222, 0, 'carta', '2014-08-25 20:42:49', -1, -1),
(6, 410, 855, 'alta', '2014-08-25 21:17:03', 2, 0.0571429),
(7, 410, 855, 'cambio', '2014-08-25 21:22:07', 70, 2),
(8, 855, 0, 'carta', '2014-08-25 21:24:36', -1, -1),
(9, 399, 0, 'carta', '2014-08-25 22:45:39', -1, -1),
(10, 841, 459, 'cambio', '2014-08-26 14:40:10', 105, 3),
(11, 459, 0, 'carta', '2014-08-26 14:44:46', -1, -1),
(12, 885, 338, 'cambio', '2014-08-26 22:56:14', 20, 0.571429),
(13, 588, 658, 'alta', '2014-08-27 14:12:33', 50, 1.42857),
(14, 873, 713, 'cambio', '2014-08-27 15:18:36', 35, 1),
(15, 504, 737, 'alta', '2014-08-27 17:39:23', 10, 0.285714),
(16, 408, 0, 'carta', '2014-08-28 21:01:21', -1, -1),
(17, 846, 408, 'cambio', '2014-08-28 21:02:42', 70, 2),
(18, 1333, 644, 'alta', '2014-08-18 16:00:00', 70, 2),
(19, 1320, 12, 'cambio', '2014-08-19 16:00:00', 70, 2),
(20, 464, 62, 'alta', '2014-08-18 16:00:00', 100, 2.9),
(21, 1067, 702, 'cambio', '2014-08-18 16:00:00', 35, 1),
(22, 1275, 532, 'alta', '2014-08-19 16:00:00', 15, 0.4),
(23, 1275, 532, 'carta', '2014-08-19 16:00:00', -1, -1),
(24, 426, 960, 'cambio', '2014-08-18 16:00:00', 35, 1),
(25, 426, 960, 'carta', '2014-08-18 16:00:00', -1, -1),
(26, 404, 443, 'alta', '2014-08-19 16:00:00', 70, 2),
(27, 404, 443, 'carta', '2014-08-19 16:00:00', -1, -1),
(28, 385, 395, 'cambio', '2014-08-18 16:00:00', 35, 1),
(29, 41, 157, 'alta', '2014-08-18 16:00:00', 175, 5),
(30, 718, 433, 'cambio', '2014-08-18 16:00:00', 175, 5),
(31, 718, 434, 'carta', '2014-08-18 16:00:00', -1, -1),
(32, 366, 57, 'alta', '2014-08-18 16:00:00', 105, 3),
(33, 706, 586, 'alta', '2014-08-19 16:00:00', 35, 1),
(34, 968, 34, 'cambio', '2014-08-18 16:00:00', 105, 3),
(35, 604, 653, 'alta', '2014-08-18 16:00:00', 70, 2),
(36, 85, 487, 'alta', '2014-08-18 16:00:00', 35, 1),
(37, 323, 438, 'alta', '2014-08-19 16:00:00', 70, 2),
(38, 323, 438, 'carta', '2014-08-19 16:00:00', -1, -1),
(39, 920, 140, 'alta', '2014-08-20 16:00:00', 70, 2),
(40, 920, 140, 'carta', '2014-08-20 16:00:00', -1, -1),
(41, 951, 273, 'alta', '2014-08-18 16:00:00', 70, 2),
(42, 951, 273, 'carta', '2014-08-18 16:00:00', -1, -1),
(43, 1133, 175, 'alta', '2014-08-18 16:00:00', 175, 5),
(44, 1132, 718, 'alta', '2014-08-20 16:00:00', 35, 1),
(45, 11, 162, 'alta', '2014-08-21 16:00:00', 105, 3),
(46, 304, 254, 'alta', '2014-08-18 16:00:00', 4, 0.1),
(47, 547, 440, 'alta', '2014-08-18 16:00:00', 350, 10),
(48, 847, 135, 'alta', '2014-08-18 16:00:00', 350, 10),
(49, 847, 135, 'carta', '2014-08-18 16:00:00', -1, -1),
(50, 703, 0, 'carta', '2014-08-29 16:11:56', -1, -1),
(51, 624, 0, 'carta', '2014-08-29 16:51:19', -1, -1),
(52, 498, 716, 'alta', '2014-08-29 16:55:20', 5, 0.142857),
(53, 716, 0, 'carta', '2014-08-29 16:56:26', -1, -1),
(54, 62, 453, 'alta', '2014-08-29 17:01:59', 175, 5),
(55, 1096, 727, 'alta', '2014-08-29 17:09:21', 175, 5),
(56, 142, 604, 'alta', '2014-08-29 17:12:14', 35, 1),
(57, 1216, 747, 'alta', '2014-08-29 17:13:45', 35, 1),
(58, 604, 0, 'carta', '2014-08-29 17:16:27', -1, -1),
(59, 327, 17, 'alta', '2014-08-29 17:17:26', 35, 1),
(60, 17, 0, 'carta', '2014-08-29 17:26:25', -1, -1),
(61, 626, 0, 'carta', '2014-08-29 17:41:06', -1, -1),
(62, 1095, 46, 'alta', '2014-08-29 17:41:24', 70, 2),
(63, 1169, 522, 'cambio', '2014-08-29 18:01:49', 10, 0.285714),
(64, 522, 177, 'carta', '2014-08-29 18:10:09', -1, -1),
(65, 835, 414, 'cambio', '2014-08-29 18:10:28', 210, 6),
(66, 927, 0, 'carta', '2014-08-29 18:14:53', -1, -1),
(67, 1343, 269, 'alta', '2014-08-29 18:19:54', 175, 5),
(68, 269, 0, 'carta', '2014-08-29 18:20:58', -1, -1),
(69, 832, 768, 'alta', '2014-08-29 18:24:06', 35, 1),
(70, 241, 0, 'carta', '2014-08-29 18:46:08', -1, -1),
(71, 91, 964, 'alta', '2014-08-29 19:02:50', 70, 2),
(72, 1405, 798, 'alta', '2014-08-29 20:03:15', 35, 1),
(73, 798, 0, 'carta', '2014-08-29 20:07:14', -1, -1),
(74, 423, 178, 'cambio', '2014-08-29 20:38:31', 70, 2),
(75, 184, 0, 'carta', '2014-08-30 13:54:14', -1, -1),
(76, 820, 184, 'cambio', '2014-08-30 14:00:21', 280, 8),
(77, 820, 184, 'cambio', '2014-08-30 14:03:02', 500, 14.2857),
(78, 964, 0, 'carta', '2014-09-01 04:19:50', -1, -1),
(79, 1373, 992, 'alta', '2014-09-01 15:19:03', 350, 10),
(80, 992, 0, 'carta', '2014-09-01 15:23:12', -1, -1),
(81, 938, 490, 'alta', '2014-09-01 15:36:39', 175, 5),
(82, 490, 0, 'carta', '2014-09-01 15:38:19', -1, -1),
(83, 1174, 721, 'alta', '2014-09-01 15:56:23', 35, 1),
(84, 721, 0, 'carta', '2014-09-01 16:14:53', -1, -1),
(85, 20, 0, 'carta', '2014-09-01 16:19:29', -1, -1),
(86, 262, 0, 'carta', '2014-09-01 20:26:05', -1, -1),
(87, 76, 0, 'carta', '2014-09-01 21:16:27', -1, -1),
(88, 479, 976, 'alta', '2014-09-02 16:17:38', 350, 10),
(89, 976, 0, 'carta', '2014-09-02 16:26:30', -1, -1),
(90, 1242, 675, 'alta', '2014-09-02 17:55:11', 35, 1),
(91, 675, 0, 'carta', '2014-09-02 17:58:17', -1, -1),
(92, 660, 0, 'carta', '2014-09-02 18:08:41', -1, -1),
(93, 1143, 236, 'alta', '2014-09-02 18:22:28', 35, 1),
(94, 236, 0, 'carta', '2014-09-02 18:30:14', -1, -1),
(95, 236, 0, 'carta', '2014-09-02 18:30:14', -1, -1),
(96, 374, 418, 'alta', '2014-09-02 20:37:30', 50, 1.42857),
(97, 312, 852, 'alta', '2014-09-03 17:58:35', 35, 1),
(98, 1171, 720, 'alta', '2014-09-03 18:01:53', 35, 1),
(99, 720, 0, 'carta', '2014-09-03 18:09:05', -1, -1),
(100, 298, 0, 'carta', '2014-09-04 15:03:53', -1, -1),
(101, 1087, 73, 'alta', '2014-09-04 15:18:54', 30, 0.857143),
(102, 812, 0, 'carta', '2014-09-04 16:56:22', -1, -1),
(103, 932, 0, 'carta', '2014-09-05 18:37:23', -1, -1),
(104, 971, 336, 'alta', '2014-09-05 18:48:22', 20, 0.571429),
(105, 856, 0, 'carta', '2014-09-05 20:25:29', -1, -1),
(106, 332, 822, 'alta', '2014-09-07 23:03:42', 70, 2),
(107, 822, 0, 'carta', '2014-09-07 23:07:45', -1, -1),
(108, 350, 0, 'carta', '2014-09-08 18:22:19', -1, -1),
(109, 524, 0, 'carta', '2014-09-08 20:51:29', -1, -1),
(110, 940, 280, 'alta', '2014-09-11 14:25:42', 35, 1),
(111, 753, 735, 'alta', '2014-09-11 15:39:27', 70, 2),
(112, 688, 0, 'carta', '2014-09-11 23:29:54', -1, -1),
(113, 1065, 52, 'cambio', '2014-09-12 17:44:16', 105, 3),
(114, 165, 0, 'carta', '2014-09-12 17:53:47', -1, -1),
(115, 165, 0, 'carta', '2014-09-12 17:53:56', -1, -1),
(116, 1004, 808, 'alta', '2014-09-12 18:39:11', 35, 1),
(117, 808, 0, 'carta', '2014-09-12 18:42:24', -1, -1),
(118, 4, 47, 'alta', '2014-09-12 22:00:00', -1, -1),
(119, 5, 48, 'alta', '2014-09-12 22:00:00', -1, -1),
(120, 7, 49, 'alta', '2014-09-12 22:00:00', -1, -1),
(121, 14, 51, 'alta', '2014-09-12 22:00:00', -1, -1),
(122, 16, 131, 'alta', '2014-09-12 22:00:00', -1, -1),
(123, 18, 142, 'alta', '2014-09-12 22:00:00', -1, -1),
(124, 21, 143, 'alta', '2014-09-12 22:00:00', -1, -1),
(125, 31, 151, 'alta', '2014-09-12 22:00:00', -1, -1),
(126, 37, 153, 'alta', '2014-09-12 22:00:00', -1, -1),
(127, 44, 154, 'alta', '2014-09-12 22:00:00', -1, -1),
(128, 287, 155, 'alta', '2014-09-12 22:00:00', -1, -1),
(129, 295, 156, 'alta', '2014-09-12 22:00:00', -1, -1),
(130, 300, 160, 'alta', '2014-09-12 22:00:00', -1, -1),
(131, 471, 164, 'alta', '2014-09-12 22:00:00', -1, -1),
(132, 474, 165, 'alta', '2014-09-12 22:00:00', -1, -1),
(133, 478, 172, 'alta', '2014-09-12 22:00:00', -1, -1),
(134, 493, 174, 'alta', '2014-09-12 22:00:00', -1, -1),
(135, 522, 177, 'alta', '2014-09-12 22:00:00', -1, -1),
(136, 542, 181, 'alta', '2014-09-12 22:00:00', -1, -1),
(137, 543, 183, 'alta', '2014-09-12 22:00:00', -1, -1),
(138, 546, 187, 'alta', '2014-09-12 22:00:00', -1, -1),
(139, 556, 188, 'alta', '2014-09-12 22:00:00', -1, -1),
(140, 557, 192, 'alta', '2014-09-12 22:00:00', -1, -1),
(141, 566, 195, 'alta', '2014-09-12 22:00:00', -1, -1),
(142, 568, 196, 'alta', '2014-09-12 22:00:00', -1, -1),
(143, 572, 200, 'alta', '2014-09-12 22:00:00', -1, -1),
(144, 580, 201, 'alta', '2014-09-12 22:00:00', -1, -1),
(145, 596, 206, 'alta', '2014-09-12 22:00:00', -1, -1),
(146, 599, 208, 'alta', '2014-09-12 22:00:00', -1, -1),
(147, 603, 210, 'alta', '2014-09-12 22:00:00', -1, -1),
(148, 605, 211, 'alta', '2014-09-12 22:00:00', -1, -1),
(149, 618, 214, 'alta', '2014-09-12 22:00:00', -1, -1),
(150, 626, 218, 'alta', '2014-09-12 22:00:00', -1, -1),
(151, 633, 219, 'alta', '2014-09-12 22:00:00', -1, -1),
(152, 636, 220, 'alta', '2014-09-12 22:00:00', -1, -1),
(153, 639, 226, 'alta', '2014-09-12 22:00:00', -1, -1),
(154, 663, 227, 'alta', '2014-09-12 22:00:00', -1, -1),
(155, 679, 228, 'alta', '2014-09-12 22:00:00', -1, -1),
(156, 806, 232, 'alta', '2014-09-12 22:00:00', -1, -1),
(157, 836, 234, 'alta', '2014-09-12 22:00:00', -1, -1),
(158, 1092, 235, 'alta', '2014-09-12 22:00:00', -1, -1),
(159, 1109, 237, 'alta', '2014-09-12 22:00:00', -1, -1),
(160, 1115, 238, 'alta', '2014-09-12 22:00:00', -1, -1),
(161, 1172, 240, 'alta', '2014-09-12 22:00:00', -1, -1),
(162, 1191, 242, 'alta', '2014-09-12 22:00:00', -1, -1),
(163, 1255, 243, 'alta', '2014-09-12 22:00:00', -1, -1),
(164, 1294, 246, 'alta', '2014-09-12 22:00:00', -1, -1),
(165, 1327, 248, 'alta', '2014-09-12 22:00:00', -1, -1),
(166, 1351, 249, 'alta', '2014-09-12 22:00:00', -1, -1),
(167, 4, 47, 'alta	', '2014-09-08 22:00:00', -1, -1),
(168, 5, 48, 'alta	', '2014-09-08 22:00:00', -1, -1),
(169, 7, 49, 'alta	', '2014-09-08 22:00:00', -1, -1),
(170, 8, 137, 'alta', '2014-09-08 22:00:00', -1, -1),
(171, 12, 74, 'alta', '2014-09-08 22:00:00', -1, -1),
(172, 14, 51, 'alta', '2014-09-08 22:00:00', -1, -1),
(173, 16, 131, 'alta', '2014-09-08 22:00:00', -1, -1),
(174, 18, 142, 'alta', '2014-09-08 22:00:00', -1, -1),
(175, 31, 151, 'alta', '2014-09-08 22:00:00', -1, -1),
(176, 37, 153, 'alta', '2014-09-08 22:00:00', -1, -1),
(177, 44, 154, 'alta', '2014-09-08 22:00:00', -1, -1),
(178, 295, 156, 'alta', '2014-09-08 22:00:00', -1, -1),
(179, 300, 160, 'alta', '2014-09-08 22:00:00', -1, -1),
(180, 546, 187, 'alta', '2014-09-08 22:00:00', -1, -1),
(181, 557, 192, 'alta', '2014-09-08 22:00:00', -1, -1),
(182, 566, 195, 'alta', '2014-09-08 22:00:00', -1, -1),
(183, 568, 196, 'alta', '2014-09-08 22:00:00', -1, -1),
(184, 572, 200, 'alta', '2014-09-08 22:00:00', -1, -1),
(185, 580, 201, 'alta', '2014-09-08 22:00:00', -1, -1),
(186, 596, 206, 'alta', '2014-09-08 22:00:00', -1, -1),
(187, 599, 208, 'alta', '2014-09-08 22:00:00', -1, -1),
(188, 603, 210, 'alta', '2014-09-08 22:00:00', -1, -1),
(189, 605, 211, 'alta', '2014-09-08 22:00:00', -1, -1),
(190, 618, 214, 'alta', '2014-09-08 22:00:00', -1, -1),
(191, 626, 218, 'alta', '2014-09-08 22:00:00', -1, -1),
(192, 633, 219, 'alta', '2014-09-08 22:00:00', -1, -1),
(193, 635, 59, 'alta', '2014-09-08 22:00:00', -1, -1),
(194, 636, 220, 'alta', '2014-09-08 22:00:00', -1, -1),
(195, 639, 226, 'alta', '2014-09-08 22:00:00', -1, -1),
(196, 836, 234, 'alta', '2014-09-08 22:00:00', -1, -1),
(197, 1092, 235, 'alta', '2014-09-08 22:00:00', -1, -1),
(198, 1109, 237, 'alta', '2014-09-08 22:00:00', -1, -1),
(199, 1115, 238, 'alta', '2014-09-08 22:00:00', -1, -1),
(200, 1172, 240, 'alta', '2014-09-08 22:00:00', -1, -1),
(201, 1255, 243, 'alta', '2014-09-08 22:00:00', -1, -1),
(202, 1294, 246, 'alta', '2014-09-08 22:00:00', -1, -1),
(203, 1327, 248, 'alta', '2014-09-08 22:00:00', -1, -1),
(204, 1350, 104, 'alta', '2014-09-08 22:00:00', -1, -1),
(205, 1351, 249, 'alta', '2014-09-08 22:00:00', -1, -1),
(206, 1467, 127, 'alta', '2014-09-08 22:00:00', -1, -1),
(207, 1469, 136, 'alta', '2014-09-08 22:00:00', -1, -1),
(208, 1470, 141, 'alta', '2014-09-08 22:00:00', -1, -1),
(209, 701, 0, 'carta', '2014-09-15 17:32:59', -1, -1),
(210, 487, 0, 'carta', '2014-09-15 22:13:10', -1, -1),
(211, 485, 0, 'carta', '2014-09-17 15:10:46', -1, -1),
(212, 162, 0, 'carta', '2014-09-17 16:45:10', -1, -1),
(213, 963, 617, 'alta', '2014-09-19 02:50:10', 70, 2),
(214, 617, 0, 'carta', '2014-09-19 02:55:19', -1, -1),
(215, 617, 0, 'carta', '2014-09-19 02:55:41', -1, -1),
(216, 119, 0, 'carta', '2014-09-19 16:05:18', -1, -1),
(217, 948, 827, 'alta', '2014-09-29 15:06:19', 1, 0.0285714),
(218, 648, 0, 'carta', '2014-10-01 13:52:28', -1, -1),
(219, 662, 0, 'carta', '2014-10-01 17:23:05', -1, -1),
(220, 727, 0, 'carta', '2014-10-01 17:34:56', -1, -1),
(221, 199, 0, 'carta', '2014-10-01 18:17:52', -1, -1),
(222, 789, 0, 'carta', '2014-10-01 21:13:42', -1, -1),
(223, 561, 0, 'carta', '2014-10-02 23:01:28', -1, -1),
(224, 1056, 677, 'alta', '2014-10-03 13:45:41', 35, 1),
(225, 223, 0, 'carta', '2014-10-03 14:35:20', -1, -1),
(226, 223, 0, 'carta', '2014-10-03 14:35:49', -1, -1),
(227, 223, 0, 'carta', '2014-10-03 14:36:27', -1, -1),
(228, 672, 654, 'alta', '2014-10-03 16:17:14', 70, 2),
(229, 654, 0, 'carta', '2014-10-03 16:27:47', -1, -1),
(230, 1004, 0, 'carta', '2014-10-13 19:36:03', -1, -1),
(231, 1004, 0, 'carta', '2014-10-13 19:38:52', -1, -1),
(232, 1004, 0, 'carta', '2014-10-15 15:16:15', -1, -1),
(233, 1004, 0, 'carta', '2014-10-21 16:03:30', -1, -1),
(234, 933, 650, 'alta', '2014-10-29 23:24:11', 35, 1),
(235, 949, 449, 'alta', '2014-10-29 23:34:22', 20, 0.571429),
(236, 1400, 313, 'alta', '2014-10-29 23:35:08', 35, 1),
(237, 449, 0, 'carta', '2014-10-29 23:36:06', -1, -1),
(238, 313, 0, 'carta', '2014-10-29 23:38:39', -1, -1),
(239, 1096, 727, 'baja', '2014-10-30 15:59:32', 0, 0),
(240, 475, 0, 'carta', '2014-10-30 17:07:37', -1, -1),
(241, 799, 0, 'carta', '2014-10-30 18:12:19', -1, -1),
(242, 799, 0, 'carta', '2014-10-30 18:17:37', -1, -1),
(243, 799, 0, 'carta', '2014-10-30 18:18:31', -1, -1),
(244, 799, 0, 'carta', '2014-10-30 18:19:46', -1, -1),
(245, 799, 0, 'carta', '2014-10-30 18:20:49', -1, -1),
(246, 799, 0, 'carta', '2014-10-30 18:21:34', -1, -1),
(247, 1471, 253, 'alta', '2014-10-31 02:02:22', 140, 4),
(248, 194, 0, 'carta', '2014-11-04 19:30:09', -1, -1),
(249, 375, 534, 'alta', '2014-11-05 23:59:36', 70, 2),
(250, 534, 0, 'carta', '2014-11-06 00:43:01', -1, -1),
(251, 304, 254, 'cambio', '2014-11-14 16:22:45', 2, 0.0571429),
(252, 175, 0, 'carta', '2014-11-18 16:06:43', -1, -1),
(253, 465, 780, 'alta', '2014-12-03 16:19:09', 100, 2.85714),
(254, 994, 681, 'alta', '2014-12-03 19:29:42', 17, 0.485714),
(255, 681, 0, 'carta', '2014-12-03 19:41:17', -1, -1),
(256, 681, 0, 'carta', '2014-12-03 20:00:29', -1, -1),
(257, 184, 0, 'carta', '2014-12-08 16:33:04', -1, -1),
(258, 40, 0, 'carta', '2014-12-09 22:26:25', -1, -1),
(259, 40, 0, 'carta', '2014-12-09 22:26:41', -1, -1),
(260, 40, 0, 'carta', '2014-12-09 22:26:46', -1, -1),
(261, 0, 0, 'carta', '2014-12-09 22:26:48', -1, -1),
(262, 0, 0, 'carta', '2014-12-09 22:26:50', -1, -1),
(263, 0, 0, 'carta', '2014-12-09 22:26:52', -1, -1),
(264, 0, 0, 'carta', '2014-12-09 22:26:55', -1, -1),
(265, 0, 0, 'carta', '2014-12-09 22:26:56', -1, -1),
(266, 484, 993, 'alta', '2014-12-09 22:56:00', 35, 1),
(267, 993, 0, 'carta', '2014-12-09 22:57:37', -1, -1),
(268, 1301, 743, 'alta', '2014-12-10 15:03:50', 20, 0.571429),
(269, 743, 0, 'carta', '2014-12-10 15:06:51', -1, -1),
(270, 1225, 830, 'alta', '2014-12-10 15:10:54', 105, 3),
(271, 830, 0, 'carta', '2014-12-10 15:12:10', -1, -1),
(272, 302, 896, 'alta', '2014-12-10 15:28:37', 50, 1.42857),
(273, 848, 543, 'alta', '2014-12-10 16:40:46', 35, 1),
(274, 669, 110, 'alta', '2014-12-10 18:40:36', 35, 1),
(275, 110, 0, 'carta', '2014-12-10 18:46:07', -1, -1),
(276, 351, 431, 'alta', '2014-12-10 20:25:11', 70, 2),
(277, 424, 544, 'alta', '2014-12-11 00:20:00', 35, 1),
(278, 1004, 0, 'carta', '2014-12-11 17:46:36', -1, -1),
(279, 999, 499, 'alta', '2014-12-16 04:45:31', 35, 1),
(280, 499, 0, 'carta', '2014-12-16 04:49:03', -1, -1),
(281, 978, 454, 'alta', '2014-12-16 16:30:29', 35, 1),
(282, 1002, 491, 'alta', '2014-12-18 16:56:01', 35, 1),
(283, 491, 0, 'carta', '2014-12-18 16:58:26', -1, -1),
(284, 162, 0, 'carta', '2014-12-18 21:38:55', -1, -1),
(285, 11, 162, 'cambio', '2014-12-18 21:39:50', 35, 1),
(286, 162, 0, 'carta', '2014-12-18 21:41:13', -1, -1),
(287, 1025, 540, 'alta', '2014-12-19 21:37:52', 70, 2),
(288, 540, 0, 'carta', '2014-12-19 21:39:13', -1, -1),
(289, 998, 698, 'alta', '2014-12-21 02:00:22', 175, 5),
(290, 698, 0, 'carta', '2014-12-21 02:02:52', -1, -1),
(291, 1486, 415, 'alta', '2014-12-22 18:57:32', 175, 5),
(292, 1021, 994, 'alta', '2014-12-23 02:18:07', 35, 1),
(293, 994, 0, 'carta', '2014-12-23 02:20:02', -1, -1),
(294, 703, 0, 'carta', '2014-12-23 16:23:30', -1, -1),
(295, 414, 0, 'carta', '2014-12-23 19:44:45', -1, -1),
(296, 809, 0, 'carta', '2015-01-02 20:59:14', -1, -1),
(297, 809, 0, 'carta', '2015-01-02 21:03:49', -1, -1),
(298, 809, 0, 'carta', '2015-01-02 21:03:55', -1, -1),
(299, 809, 0, 'carta', '2015-01-02 21:08:54', -1, -1),
(300, 1022, 844, 'alta', '2015-01-08 00:32:57', 35, 1),
(301, 844, 0, 'carta', '2015-01-08 00:34:10', -1, -1),
(302, 844, 0, 'carta', '2015-01-08 00:36:04', -1, -1),
(303, 844, 0, 'carta', '2015-01-08 00:36:23', -1, -1),
(304, 936, 345, 'alta', '2015-01-08 21:21:45', 35, 1),
(305, 1049, 723, 'alta', '2015-01-09 19:03:52', 175, 5),
(306, 1095, 46, 'baja', '2015-01-14 16:29:53', 0, 0),
(307, 841, 459, 'cambio', '2015-01-21 17:55:30', 35, 1),
(308, 76, 0, 'carta', '2015-02-03 18:08:04', -1, -1),
(309, 502, 205, 'cambio', '2015-02-03 18:20:58', 70, 2),
(310, 205, 0, 'carta', '2015-02-03 18:23:26', -1, -1),
(311, 336, 0, 'carta', '2015-02-03 18:32:09', -1, -1),
(312, 1134, 901, 'alta', '2015-02-03 18:32:09', 35, 1),
(313, 336, 0, 'carta', '2015-02-03 18:39:09', -1, -1),
(314, 1185, 256, 'alta', '2015-02-03 18:50:30', 70, 2),
(315, 175, 0, 'carta', '2015-02-03 19:31:18', -1, -1),
(316, 251, 343, 'alta', '2015-02-03 19:57:33', 35, 1),
(317, 1520, 430, 'alta', '2015-02-09 21:39:06', 35, 1),
(318, 430, 0, 'carta', '2015-02-09 21:44:05', -1, -1),
(319, 833, 293, 'alta', '2015-02-09 22:35:06', 35, 1),
(320, 293, 0, 'carta', '2015-02-09 22:38:21', -1, -1),
(321, 289, 941, 'alta', '2015-02-10 16:22:32', 2, 0.0571429),
(322, 941, 0, 'carta', '2015-02-10 16:26:34', -1, -1),
(323, 1463, 546, 'alta', '2015-02-10 23:44:13', 105, 3),
(324, 546, 0, 'carta', '2015-02-10 23:50:34', -1, -1),
(325, 444, 623, 'alta', '2015-02-11 15:35:38', 70, 2),
(326, 407, 714, 'alta', '2015-02-11 15:42:19', 70, 2),
(327, 438, 0, 'carta', '2015-02-11 22:04:10', -1, -1),
(328, 162, 0, 'carta', '2015-02-16 19:26:10', -1, -1),
(329, 242, 456, 'alta', '2015-02-17 16:47:32', 50, 1.42857),
(330, 456, 0, 'carta', '2015-02-17 16:51:42', -1, -1),
(331, 267, 613, 'alta', '2015-02-18 00:00:41', 10, 0.285714),
(332, 336, 0, 'carta', '2015-02-25 00:31:29', -1, -1),
(333, 189, 439, 'alta', '2015-03-02 22:47:32', 20, 0.571429),
(334, 938, 490, 'cambio', '2015-03-10 15:50:15', 35, 1),
(335, 256, 281, 'alta', '2015-03-11 16:29:55', 35, 1),
(336, 294, 645, 'alta', '2015-03-11 16:32:01', 105, 3),
(337, 645, 0, 'carta', '2015-03-11 16:33:25', -1, -1),
(338, 281, 0, 'carta', '2015-03-11 16:37:05', -1, -1),
(339, 238, 182, 'cambio', '2015-03-11 17:05:39', 105, 3),
(340, 321, 283, 'alta', '2015-03-11 17:05:50', 35, 1),
(341, 182, 0, 'carta', '2015-03-11 17:25:48', -1, -1),
(342, 739, 0, 'carta', '2015-03-11 18:12:31', -1, -1),
(343, 350, 483, 'alta', '2015-03-11 18:18:20', 35, 1),
(344, 478, 0, 'carta', '2015-03-12 23:12:17', -1, -1),
(345, 478, 0, 'carta', '2015-03-12 23:17:03', -1, -1),
(346, 0, 0, 'carta', '2015-03-12 23:17:11', -1, -1),
(347, 478, 0, 'carta', '2015-03-12 23:19:05', -1, -1),
(348, 458, 551, 'cambio', '2015-03-13 16:45:44', 80, 2.28571),
(349, 458, 551, 'cambio', '2015-03-13 16:46:06', 70, 2),
(350, 551, 0, 'carta', '2015-03-13 16:51:49', -1, -1),
(351, 276, 777, 'alta', '2015-03-13 20:23:04', 50, 1.42857),
(352, 847, 135, 'cambio', '2015-03-20 19:10:03', 35, 1),
(353, 809, 0, 'carta', '2015-03-26 01:44:07', -1, -1),
(354, 809, 0, 'carta', '2015-03-26 01:46:19', -1, -1),
(355, 809, 0, 'carta', '2015-03-26 01:48:24', -1, -1),
(356, 494, 0, 'carta', '2015-04-01 14:55:22', -1, -1),
(357, 494, 0, 'carta', '2015-04-01 14:55:29', -1, -1),
(358, 1274, 263, 'alta', '2015-04-01 16:11:38', 140, 4),
(359, 1274, 263, 'baja', '2015-04-01 16:16:54', 0, 0),
(360, 1099, 97, 'alta', '2015-04-01 16:19:46', 35, 1),
(361, 97, 0, 'carta', '2015-04-01 16:24:57', -1, -1),
(362, 1274, 263, 'alta', '2015-04-01 22:13:55', 140, 4),
(363, 368, 656, 'cambio', '2015-04-07 16:54:42', 105, 3),
(364, 494, 0, 'carta', '2015-04-25 02:04:45', -1, -1),
(365, 494, 0, 'carta', '2015-04-25 02:04:52', -1, -1),
(366, 497, 598, 'cambio', '2015-04-28 15:02:54', 35, 1),
(367, 263, 0, 'carta', '2015-04-29 15:11:03', -1, -1),
(368, 721, 0, 'carta', '2015-05-04 16:33:40', -1, -1),
(369, 721, 0, 'carta', '2015-05-04 16:33:59', -1, -1),
(370, 456, 315, 'cambio', '2015-05-04 16:35:08', 70, 2),
(371, 315, 0, 'carta', '2015-05-04 16:38:28', -1, -1),
(372, 703, 0, 'carta', '2015-05-04 16:39:29', -1, -1),
(373, 236, 5, 'cambio', '2015-05-07 22:13:11', 105, 3),
(374, 480, 888, 'cambio', '2015-06-02 18:03:04', 35, 1),
(375, 1004, 0, 'carta', '2015-06-02 18:04:43', -1, -1),
(376, 743, 0, 'carta', '2015-06-02 18:08:34', -1, -1),
(377, 927, 0, 'carta', '2015-06-02 18:14:08', -1, -1),
(378, 54, 0, 'carta', '2015-06-02 18:15:10', -1, -1),
(379, 718, 0, 'carta', '2015-06-02 18:30:02', -1, -1),
(380, 718, 0, 'carta', '2015-06-02 18:32:01', -1, -1),
(381, 888, 0, 'carta', '2015-06-02 18:36:36', -1, -1),
(382, 162, 0, 'carta', '2015-06-02 18:37:43', -1, -1),
(383, 1484, 330, 'alta', '2015-06-02 18:46:10', 105, 3),
(384, 330, 0, 'carta', '2015-06-02 18:47:32', -1, -1),
(385, 194, 0, 'carta', '2015-06-02 18:50:59', -1, -1),
(386, 760, 346, 'cambio', '2015-06-02 18:52:55', 200, 5.71429),
(387, 346, 0, 'carta', '2015-06-02 19:02:25', -1, -1),
(388, 569, 0, 'carta', '2015-06-02 19:02:51', -1, -1),
(389, 569, 0, 'carta', '2015-06-02 19:03:37', -1, -1),
(390, 1217, 569, 'cambio', '2015-06-02 19:21:00', 35, 1),
(391, 569, 0, 'carta', '2015-06-02 19:21:52', -1, -1),
(392, 999, 0, 'carta', '2015-06-02 19:31:54', -1, -1),
(393, 999, 0, 'carta', '2015-06-02 19:32:17', -1, -1),
(394, 999, 0, 'carta', '2015-06-02 19:32:41', -1, -1),
(395, 999, 0, 'carta', '2015-06-02 19:33:05', -1, -1),
(396, 999, 0, 'carta', '2015-06-02 19:33:32', -1, -1),
(397, 999, 0, 'carta', '2015-06-02 19:34:52', -1, -1),
(398, 999, 0, 'carta', '2015-06-02 19:35:25', -1, -1),
(399, 721, 0, 'carta', '2015-06-02 20:14:48', -1, -1),
(400, 721, 0, 'carta', '2015-06-02 20:18:03', -1, -1),
(401, 806, 0, 'carta', '2015-06-02 21:17:09', -1, -1),
(402, 999, 0, 'carta', '2015-06-02 21:37:13', -1, -1),
(403, 999, 0, 'carta', '2015-06-02 21:37:29', -1, -1),
(404, 999, 0, 'carta', '2015-06-02 21:51:24', -1, -1),
(405, 415, 0, 'carta', '2015-06-02 22:18:04', -1, -1),
(406, 644, 0, 'carta', '2015-06-02 23:01:55', -1, -1),
(407, 935, 727, 'alta', '2015-06-03 18:34:02', 70, 2),
(408, 727, 0, 'carta', '2015-06-03 18:37:23', -1, -1),
(409, 727, 0, 'carta', '2015-06-03 18:37:35', -1, -1),
(410, 739, 0, 'carta', '2015-06-03 18:48:16', -1, -1),
(411, 296, 0, 'carta', '2015-06-04 16:04:35', -1, -1),
(412, 352, 0, 'carta', '2015-06-08 18:04:24', -1, -1),
(413, 888, 0, 'carta', '2015-06-19 16:37:42', -1, -1),
(414, 684, 0, 'carta', '2015-07-02 19:01:16', -1, -1),
(415, 656, 0, 'carta', '2015-07-02 20:09:31', -1, -1),
(416, 888, 0, 'carta', '2015-07-22 17:06:41', -1, -1),
(417, 1645, 1053, 'alta', '2015-08-03 06:20:54', 210, 6),
(418, 1645, 1053, 'baja', '2015-08-03 06:22:36', 0, 0),
(419, 1645, 1176, 'alta', '2015-08-03 06:37:00', 35, 1),
(420, 1176, 0, 'carta', '2015-08-03 06:37:22', -1, -1),
(421, 1645, 1176, 'baja', '2015-08-03 11:38:29', 0, 0),
(422, 1645, 93, 'alta', '2015-08-03 11:45:57', 35, 1),
(423, 93, 0, 'carta', '2015-08-03 11:46:12', -1, -1),
(424, 1645, 93, 'baja', '2015-08-03 11:49:43', 0, 0),
(425, 1645, 1252, 'alta', '2015-08-03 12:12:36', 105, 3),
(426, 1252, 0, 'carta', '2015-08-03 12:13:02', -1, -1),
(427, 1645, 1252, 'baja', '2015-08-03 12:13:24', 0, 0),
(428, 1645, 153, 'alta', '2015-08-03 12:18:10', 70, 2),
(429, 153, 0, 'carta', '2015-08-03 12:18:27', -1, -1),
(430, 1645, 153, 'baja', '2015-08-03 12:19:32', 0, 0),
(431, 404, 853, 'alta', '2015-08-03 13:30:49', 35, 1),
(432, 853, 0, 'carta', '2015-08-03 13:31:39', -1, -1),
(433, 404, 853, 'cambio', '2015-08-03 13:43:30', 175, 5),
(434, 459, 0, 'carta', '2015-08-03 20:10:10', -1, -1),
(435, 1645, 461, 'alta', '2015-08-04 02:40:36', 35, 1);

-- --------------------------------------------------------

--
-- Estructura de tabla para la tabla `ninos`
--

CREATE TABLE IF NOT EXISTS `ninos` (
  `idninos` int(11) NOT NULL AUTO_INCREMENT,
  `nombre` varchar(45) DEFAULT NULL,
  `apat` varchar(45) DEFAULT NULL,
  `amat` varchar(45) DEFAULT NULL,
  `fNacDia` int(2) DEFAULT NULL,
  `fNacMes` int(2) DEFAULT NULL,
  `fNacAno` int(4) DEFAULT NULL,
  `genero_idgenero` int(11) NOT NULL,
  `comedores_idcomedores` int(11) NOT NULL,
  `apadrinado` int(1) DEFAULT '0',
  PRIMARY KEY (`idninos`),
  KEY `fk_ninos_genero1_idx` (`genero_idgenero`),
  KEY `fk_ninos_comedores1_idx` (`comedores_idcomedores`)
) ENGINE=InnoDB  DEFAULT CHARSET=utf8 AUTO_INCREMENT=1397 ;

--
-- Volcado de datos para la tabla `ninos`
--

INSERT INTO `ninos` (`idninos`, `nombre`, `apat`, `amat`, `fNacDia`, `fNacMes`, `fNacAno`, `genero_idgenero`, `comedores_idcomedores`, `apadrinado`) VALUES
(1, 'Abraham Josue', 'Contreras', 'Contreras', 5, 11, 2005, 2, 1, 0),
(2, 'Adrián', 'Martínez', 'Carrillo', 29, 11, 2010, 2, 1, 0),
(3, 'Adriana', 'Contreras', 'Ramírez', 4, 9, 2005, 1, 1, 0),
(4, 'Adriana', 'Martínez', 'Sánchez', 26, 6, 2002, 1, 1, 0),
(5, 'Alan Eduardo', 'Lara', 'Reyes', 6, 12, 2004, 2, 1, 0),
(6, 'Alex Geovany', 'Meza', 'Ibañez', 11, 3, 2005, 2, 1, 0),
(7, 'Alfredo', 'López', 'Romero', 12, 7, 2011, 2, 1, 0),
(8, 'Alondra', 'Sánchez', 'González', 11, 3, 2004, 1, 1, 0),
(9, 'Alondra Paola', 'Colin', 'Álvarez', 15, 3, 2005, 1, 1, 0),
(10, 'Amanda', 'Contreras', 'Contreras', 22, 6, 2009, 1, 1, 0),
(11, 'Ana', 'Justo', 'Hernández', 9, 6, 1999, 1, 1, 0),
(12, 'Andrea', 'Martínez', 'Reyes', 7, 8, 2006, 1, 1, 0),
(13, 'Anel Sofía', 'Sánchez', 'González', 24, 9, 2005, 1, 1, 1),
(14, 'Ángel', 'Domínguez', 'Eduardo', 24, 11, 2004, 2, 1, 0),
(15, 'Ángel Alejandro', 'Galvez', 'Jimenez', 6, 3, 2000, 2, 1, 0),
(16, 'Ángel', 'Carmona', 'Garduño', 26, 8, 2006, 2, 1, 1),
(17, 'Ángel Geovanny', 'Guzmán', 'Contreras', 26, 9, 2005, 2, 1, 0),
(18, 'Ángel Isai', 'Girón', 'Hernández', 27, 6, 2009, 2, 1, 0),
(19, 'Ángel Manuel', 'Labastida', 'Martínez', 14, 9, 2011, 2, 1, 0),
(20, 'Angelique', 'Martínez', 'Reyes', 13, 4, 2008, 1, 1, 0),
(21, 'Ani', 'Torres', 'Carmona', 20, 7, 2011, 1, 1, 0),
(22, 'Anthony Daniel', 'Rivas', 'Alcántara', 18, 12, 2004, 2, 1, 0),
(23, 'Anyuli Jaqueline', 'Morales', 'Romero', 25, 2, 2003, 1, 1, 0),
(24, 'Aranza Angelina', 'Meza', 'Sánchez', 17, 3, 2011, 1, 1, 0),
(25, 'Ariadna', 'Mesa', 'Gómez', 24, 9, 2004, 1, 1, 0),
(26, 'Audrey', 'Hernández', 'Guzmán', 13, 12, 2007, 2, 1, 1),
(27, 'Axel Gael', 'Lara', 'Reyes', 1, 9, 2013, 2, 1, 0),
(28, 'Berenice', 'Sánchez', 'González', 12, 11, 2001, 1, 1, 0),
(29, 'Blanca Jazmín', 'Acevedo', 'Sánchez', 7, 2, 2007, 1, 1, 0),
(30, 'Brandon Arnoldo', 'Ramírez', 'López', 10, 6, 2007, 2, 1, 1),
(31, 'Brayan', 'González', 'Toledo', 14, 3, 2009, 2, 1, 0),
(32, 'Brayan', 'Velázquez', 'Sánchez', 28, 12, 2006, 2, 1, 0),
(33, 'Brayan Ramses', 'Rivas', 'Alcántara', 19, 11, 2001, 2, 1, 0),
(34, 'Brenda Estefanía', 'Ramírez', 'López', 30, 6, 2002, 1, 1, 0),
(35, 'Bryan Alberto', 'Pedroza', 'Lagunas', 4, 6, 2005, 2, 1, 0),
(36, 'Carlos Jesús', 'Samano', 'García', 31, 10, 2008, 2, 1, 0),
(37, 'César', 'Justo', 'Hernández', 19, 3, 2010, 2, 1, 0),
(38, 'César Augusto', 'Ramírez', 'Esteban', 11, 5, 2004, 2, 1, 0),
(39, 'César Ivan', 'Díaz', 'Celestino', 17, 11, 2003, 2, 1, 1),
(40, 'Cinthya Citlali', 'Torres', 'Carmona', 5, 3, 2005, 1, 1, 0),
(41, 'Claudia', 'Esquivel', 'Mercado', 6, 10, 2003, 1, 1, 0),
(42, 'Concepción', 'López', 'Sánchez', 9, 12, 2004, 1, 1, 0),
(43, 'Cristian', 'López', 'Sánchez', 21, 3, 2003, 2, 1, 0),
(44, 'Daniel', 'Hernández', 'Justo', 8, 12, 2004, 2, 1, 0),
(45, 'Daniela Elizabeth', 'Deceano', 'Aguilar', 12, 9, 2005, 1, 1, 0),
(46, 'David', 'Acopa', 'Romero', 17, 12, 2009, 2, 1, 0),
(47, 'Diana', 'Osorio', 'Lara', 24, 8, 2002, 1, 1, 0),
(48, 'Diego', 'Galvez', 'Jimenez', 8, 12, 2007, 2, 1, 0),
(49, 'Dulce María', 'Reyes', 'Gabriel', 11, 4, 2008, 1, 1, 0),
(50, 'Eder Arturo', 'Mercado', 'Guzmán', 15, 12, 2003, 2, 1, 0),
(51, 'Eder Efraín', 'Zuñiga', 'Sánchez', 4, 1, 2012, 2, 1, 0),
(52, 'Edith', 'Mesa', 'Gómez', 24, 4, 2009, 1, 1, 0),
(53, 'Eduardo', 'Sánchez', 'Contreras', 13, 4, 2005, 2, 1, 0),
(54, 'Eduardo', 'Sánchez', 'Contreras', 29, 12, 2009, 2, 1, 0),
(55, 'Erika Guadalupe', 'Sánchez', 'Nava', 4, 8, 2007, 1, 1, 0),
(56, 'Ernesto', 'Martínez', 'Reyes', 11, 10, 2012, 2, 1, 0),
(57, 'Esmeralda', 'Reyes', 'Sánchez', 16, 4, 2013, 1, 1, 0),
(58, 'Estefanía', 'Osorio', 'Lara', 14, 8, 2000, 1, 1, 0),
(59, 'Estrella Cecilia', 'Contreras', 'Carmona', 5, 9, 2007, 1, 1, 0),
(60, 'Fátima Ángeles', 'Meza', 'Villa', 23, 6, 2005, 1, 1, 0),
(61, 'Fernanda', 'Contreras', 'Contreras', 16, 10, 2011, 1, 1, 0),
(62, 'Francisco', 'Hernández', 'Justo', 3, 10, 2006, 2, 1, 0),
(63, 'Gabriela', 'Contreras', 'Ramírez', 31, 3, 2003, 1, 1, 0),
(64, 'Gardenia Guadalupe', 'Velásquez', 'Hernández', 17, 12, 2002, 1, 1, 0),
(65, 'Gerardo', 'Osorio', 'Lara', 3, 9, 1998, 2, 1, 0),
(66, 'Gilberto Edgar', 'Morales', 'Vera', 21, 5, 2008, 2, 1, 0),
(67, 'Griselda Xochitl', 'Carmona', 'Garduño', 7, 12, 2004, 1, 1, 0),
(68, 'Guadalupe Nahomi', 'González', 'De Jesús', 5, 2, 2007, 1, 1, 0),
(69, 'Gustavo', 'Martínez', 'Reyes', 6, 7, 2003, 2, 1, 0),
(70, 'Hellen', 'Martínez', 'Reyes', 7, 6, 2004, 1, 1, 0),
(71, 'Ian Aldair', 'Meza', 'Ibañez', 20, 10, 2009, 2, 1, 0),
(72, 'Ingrid Elizabeth', 'Piña', 'Esquivel', 17, 4, 2007, 1, 1, 0),
(73, 'Isaac', 'Contreras', 'Mercado', 30, 4, 2004, 2, 1, 0),
(74, 'Janet', 'Martínez', 'Reyes', 30, 12, 2001, 1, 1, 0),
(75, 'Javier', 'Justo', 'Hernández', 29, 11, 2006, 2, 1, 0),
(76, 'Jennifer', 'López', 'Romero', 16, 9, 2006, 1, 1, 0),
(77, 'Jennifer', 'Sánchez', 'Contreras', 20, 9, 2007, 1, 1, 0),
(78, 'Jessica', 'López', 'Romero', 29, 5, 2009, 1, 1, 1),
(79, 'Jesús Ramón', 'González', 'De Jesús', 12, 4, 2003, 2, 1, 0),
(80, 'Jocelyn', 'Colin', 'Álvarez', 10, 12, 2006, 1, 1, 0),
(81, 'Jonathan David', 'López', 'Romero', 20, 9, 2004, 2, 1, 0),
(82, 'Jonathan Fernando', 'Francisco', 'Hernández', 14, 8, 2008, 2, 1, 1),
(83, 'José Alejandro', 'Martínez', 'Carrillo', 15, 12, 2006, 2, 1, 0),
(84, 'José Andrés', 'Sánchez', 'Contreras', 26, 5, 2005, 2, 1, 0),
(85, 'Juan Antonio', 'Munguía', 'Piña', 14, 7, 2013, 2, 1, 0),
(86, 'José Armando', 'Guzmán', 'Contreras', 27, 8, 2001, 2, 1, 0),
(87, 'José Bryan', 'Hernández', 'Paulino', 22, 11, 2012, 2, 1, 0),
(88, 'José Guadalupe', 'Díaz', 'Celestino', 8, 8, 2002, 2, 1, 0),
(89, 'Jose Luis', 'Garibay', 'Sánchez', 1, 1, 1999, 2, 1, 0),
(90, 'José Misael', 'Carmona', 'Reyes', 11, 1, 2011, 2, 1, 0),
(91, 'José Raúl', 'Mercado', 'Guzmán', 29, 5, 2008, 2, 1, 0),
(92, 'Josúe', 'Mediel', 'Flores', 18, 12, 2005, 2, 1, 0),
(93, 'Juan Carlos', 'Meza', 'Villa', 13, 12, 2012, 2, 1, 0),
(94, 'Juan Roberto', 'Contreras', 'Carmona', 8, 11, 2012, 2, 1, 0),
(95, 'Julieta', 'Hernández', 'Justo', 16, 2, 2008, 1, 1, 0),
(96, 'Karen Danae', 'Rivas', 'Alcántara', 30, 5, 2000, 1, 1, 0),
(97, 'Karina', 'Garibay', 'Sánchez', 24, 4, 1999, 1, 1, 1),
(98, 'Karina', 'Mediel', 'Flores', 11, 1, 2000, 1, 1, 0),
(99, 'Karina Marlen', 'Esquivel', 'García', 7, 2, 2001, 1, 1, 0),
(100, 'Karla Valentina', 'Contreras', 'Contreras', 15, 8, 2008, 1, 1, 0),
(101, 'Katya Alejandra', 'Vázquez', 'Hernández', 22, 12, 2003, 1, 1, 0),
(102, 'Kevin David', 'Lara', 'Reyes', 3, 1, 2006, 2, 1, 1),
(103, 'Kevin Israel', 'Labastida', 'Martínez', 15, 8, 2009, 2, 1, 0),
(104, 'Leilani Melisa', 'Carmona', 'Echegaray', 4, 2, 2005, 1, 1, 0),
(105, 'Leonardo', 'Mercado', 'Guzmán', 20, 2, 2006, 2, 1, 0),
(106, 'Leoncio De Jesús', 'Velásquez', 'Hernández', 6, 1, 2005, 2, 1, 0),
(107, 'Leopoldo', 'Blanquel', 'Mondragón', 24, 7, 2003, 2, 1, 0),
(108, 'Leticia', 'Ramírez', 'Esteban', 9, 11, 1999, 1, 1, 0),
(109, 'Lisandro Alexis', 'Colin', 'Álvarez', 29, 10, 2002, 2, 1, 0),
(110, 'Lizbeth', 'Justo', 'Hernández', 13, 3, 2012, 1, 1, 0),
(111, 'Lizeth', 'Garduño', 'González', 24, 10, 2002, 1, 1, 0),
(112, 'Lluvia Iveth', 'Contreras', 'Carmona', 9, 11, 2004, 1, 1, 0),
(113, 'Lucero', 'Velázquez', 'Álvarez', 8, 4, 2000, 1, 1, 0),
(114, 'Luis', 'Hernández', 'Justo', 4, 8, 2010, 2, 1, 0),
(115, 'Luis Ángel', 'Calzada', 'Blanquel', 11, 3, 2001, 2, 1, 0),
(116, 'Luis Arturo', 'Sánchez', 'Contreras', 11, 8, 2007, 2, 1, 0),
(117, 'Luis David', 'Velázquez', 'Álvarez', 19, 7, 2008, 2, 1, 0),
(118, 'Luna Lizeth', 'Contreras', 'Carmona', 19, 7, 2011, 1, 1, 1),
(119, 'Marco Antonio', 'Álcantara', 'Hernández', 23, 3, 2003, 2, 1, 0),
(120, 'Marco Antonio', 'Corral', 'Carmona', 5, 12, 2004, 2, 1, 1),
(121, 'María del Carmen', 'Hernández', 'Bernal', 4, 9, 2000, 1, 1, 0),
(122, 'María Guadalupe', 'Contreras', 'Ramírez', 9, 12, 2002, 1, 1, 0),
(123, 'María Guadalupe', 'Francisco', 'Hernández', 30, 7, 2000, 1, 1, 0),
(124, 'Marian', 'Contreras', 'Mercado', 7, 8, 2002, 1, 1, 0),
(125, 'Martha Laura', 'Ramírez', 'Esteban', 27, 9, 2001, 1, 1, 0),
(126, 'Mayra Camila', 'González', 'Toledo', 25, 3, 2002, 1, 1, 0),
(127, 'Melani Julissa', 'Corral', 'Sánchez', 24, 9, 2012, 1, 1, 1),
(128, 'Mónica', 'Sánchez', 'Nava', 27, 8, 2001, 1, 1, 0),
(129, 'Nancy Teresa', 'Francisco', 'Hernández', 9, 8, 2003, 1, 1, 0),
(130, 'Noemi', 'Acopa', 'Romero', 16, 10, 2012, 1, 1, 0),
(131, 'Nohemi', 'González', 'De Jesús', 28, 2, 2005, 1, 1, 0),
(132, 'Óscar', 'Justo', 'Hernández', 14, 2, 2004, 2, 1, 0),
(133, 'Pablo', 'Justo', 'Hernández', 18, 5, 2008, 2, 1, 1),
(134, 'Paola Gabriela', 'Samano', 'García', 26, 12, 2004, 1, 1, 0),
(135, 'Paulina', 'Carmona', 'Nava', 19, 9, 2003, 1, 1, 0),
(136, 'Perla Itzel', 'Pedroza', 'Laguna', 9, 5, 2003, 1, 1, 0),
(137, 'Renata Leonor', 'Velázquez', 'Sánchez', 27, 7, 2011, 1, 1, 1),
(138, 'Ricardo', 'Sánchez', 'Contreras', 17, 10, 2005, 2, 1, 0),
(139, 'Rogelio', 'Mondragón', 'Contreras', 22, 3, 2004, 2, 1, 1),
(140, 'Sandra', 'Blanquel', 'Mondragón', 27, 11, 2008, 1, 1, 0),
(141, 'Sandra Lizbeth', 'Esquivel', 'Domínguez', 25, 11, 2009, 1, 1, 0),
(142, 'Sandra Paola', 'Francisco', 'Hernández', 28, 3, 2006, 1, 1, 0),
(143, 'Sergio Alexander', 'Piña', 'Esquivel', 2, 9, 2009, 2, 1, 0),
(144, 'Solange Fernanda', 'Carmona', 'Echegaray', 23, 2, 2010, 1, 1, 0),
(145, 'Tania Guadalupe', 'Deceano', 'Aguilar', 10, 4, 2008, 1, 1, 0),
(146, 'Tonathiu', 'López', 'Sánchez', 20, 10, 2006, 1, 1, 0),
(147, 'Tristan', 'Cañas', 'Carmona', 9, 8, 2002, 2, 1, 1),
(148, 'Uriel', 'Corral', 'Carmona', 13, 1, 2008, 2, 1, 0),
(149, 'Valeria Litzi', 'Hernández', 'Álvarez', 29, 12, 2003, 1, 1, 1),
(150, 'Vicente', 'Hernández', 'Justo', 1, 4, 2009, 2, 1, 0),
(151, 'Victoria', 'Hernández', 'Justo', 19, 8, 2011, 1, 1, 0),
(152, 'Violeta', 'Álvarez', 'Álvarez', 20, 12, 2001, 1, 1, 0),
(153, 'Wendy Atzury', 'Pedroza', 'Lagunas', 23, 5, 2010, 1, 1, 0),
(154, 'Wendy Odeth', 'Piña', 'Esquivel', 16, 12, 2002, 1, 1, 0),
(155, 'Ximena', 'Contreras', 'Ramírez', 2, 11, 2009, 1, 1, 0),
(156, 'Yoselyn Itzel', 'Meza', 'Ibañez', 1, 3, 2000, 1, 1, 0),
(157, 'Yuridia', 'Colin', 'Álvarez', 3, 6, 2008, 1, 1, 0),
(158, 'Agustín David', 'Cruz', 'Bautista', 22, 2, 2006, 2, 2, 1),
(159, 'Alejandro', 'Cruz', 'Villar', 20, 1, 2009, 2, 2, 0),
(160, 'Alexis', 'Avila', 'Reyes', 26, 2, 2013, 2, 2, 0),
(161, 'Alma Itzel', 'Vázquez', 'Hernández', 13, 12, 2001, 1, 2, 0),
(162, 'Ana Belén', 'Carmona', 'García', 15, 8, 2005, 1, 2, 0),
(163, 'Ana Belen', 'Avila', 'Reyes', 14, 3, 2011, 1, 2, 0),
(164, 'Ana Cecilia', 'Tranquilino', 'Miranda', 15, 5, 2005, 1, 2, 0),
(165, 'Ana Fernanda', 'Sánchez', 'Carmona', 7, 2, 2003, 1, 2, 0),
(166, 'Ángel Gerardo', 'Rebollar', 'Zepeda', 22, 9, 2003, 1, 2, 1),
(167, 'Angela Berenice', 'García', 'Gil', 14, 3, 2012, 1, 2, 0),
(168, 'Angela Karina', 'García', 'Mendoza', 27, 1, 2003, 1, 2, 0),
(169, 'Ángeles Mayte', 'Vázquez', 'Hernández', 1, 9, 2005, 1, 2, 0),
(170, 'Angelica', 'Martínez', 'Cuevas', 24, 10, 2003, 1, 2, 0),
(171, 'Ariadna Victoria', 'Ortíz', 'Garduño', 4, 5, 2008, 1, 2, 0),
(172, 'Ariadna Yamileth', 'Sanchez', 'Hernández', 17, 12, 2011, 1, 2, 0),
(173, 'Ariatna Michel', 'Mata', 'Torres', 20, 11, 2004, 1, 2, 0),
(174, 'Ariel Xchel', 'Márquez', 'Gómez', 31, 10, 2005, 1, 2, 0),
(175, 'Armando', 'Delgado', 'Antonio', 7, 8, 2006, 2, 2, 1),
(176, 'Athenea Rubi', 'Gómez', 'Moreno', 2, 5, 2011, 1, 2, 0),
(177, 'Axel Oswaldo', 'Mata', 'Torres', 21, 12, 2008, 2, 2, 0),
(178, 'Benjamín Alejandro', 'Delgado', 'Acosta', 18, 8, 2008, 2, 2, 0),
(179, 'Benny Alejandro', 'Reyes', 'Crescencio', 21, 3, 2005, 2, 2, 1),
(180, 'Brayan Gael', 'Reyes', 'Barragán', 23, 2, 2004, 2, 2, 0),
(181, 'Brenda', 'Tolentino', 'Mendoza', 14, 4, 2002, 1, 2, 1),
(182, 'Brenda Evelin', 'Romero', 'Velazco', 18, 1, 2004, 1, 2, 0),
(183, 'Carlos Esteban', 'Olea', 'Zepeda', 11, 6, 2005, 2, 2, 0),
(184, 'Cintia Alejandra', 'Zárate', 'Sánchez', 15, 9, 2012, 1, 2, 0),
(185, 'Cristian Yair', 'Hrnández', 'Pablo', 3, 9, 2012, 2, 2, 0),
(186, 'Dana Paola', 'Martínez', 'Cuevas', 10, 9, 2006, 1, 2, 0),
(187, 'Daniel', 'Avila', 'Reyes', 3, 5, 2010, 2, 2, 0),
(188, 'Daniel Eleazer', 'Romero', 'Velazco', 21, 5, 2010, 2, 2, 0),
(189, 'Daniela', 'Velasco', 'Valeriano', 22, 5, 2000, 1, 2, 0),
(190, 'David', 'Delgado', 'Antonio', 6, 12, 2003, 2, 2, 0),
(191, 'David Misael', 'Hrnández', 'Pablo', 4, 7, 2004, 2, 2, 1),
(192, 'Diana Laura', 'Ramos', 'Velázquez', 19, 11, 2002, 1, 2, 0),
(193, 'Diego', 'Cama', 'Ballón', 30, 8, 2001, 2, 2, 1),
(194, 'Eber Isai', 'Quiroz', 'Velasco', 9, 10, 2007, 2, 2, 0),
(195, 'Eddy Erik', 'González', 'Hernández', 17, 10, 2006, 2, 2, 0),
(196, 'Edith', 'Zárate', 'Sánchez', 6, 9, 2007, 1, 2, 1),
(197, 'Elier', 'Filio', 'Miguel', 24, 7, 2002, 2, 2, 0),
(198, 'Eliezer', 'Filio', 'Miguel', 2, 6, 2003, 2, 2, 0),
(199, 'Emiliano Leon', 'Terán', 'Santiago', 4, 2, 2010, 2, 2, 0),
(200, 'Erick Alfredo', 'Montiel', 'Gallegos', 13, 1, 2008, 2, 2, 0),
(201, 'Erick Israel', 'Reyes', 'Damaso', 22, 5, 2009, 2, 2, 0),
(202, 'Erick Rubén', 'García', 'Rojo', 30, 9, 2008, 2, 2, 0),
(203, 'Evelyn', 'Báez', 'Mondragón', 8, 7, 2002, 1, 2, 0),
(204, 'Evelyn Constanza', 'Reyes', 'Damaso', 4, 3, 2005, 1, 2, 0),
(205, 'Fabiola', 'Vázquez', 'Hernández', 12, 4, 2013, 1, 2, 1),
(206, 'Fernando Eliezer', 'López', 'Báez', 27, 12, 2005, 2, 2, 0),
(207, 'Francisco', 'González', 'Hernández', 15, 8, 2005, 2, 2, 0),
(208, 'Francisco Daniel', 'Anaya', 'Flores', 21, 7, 2001, 2, 2, 0),
(209, 'Francisco Guadalupe', 'Hernández', 'García', 11, 2, 2005, 2, 2, 0),
(210, 'Francisco Pablo', 'Martínez', 'Álvarez', 9, 12, 2000, 2, 2, 0),
(211, 'Galilea', 'Pacheco', 'Clemente', 17, 6, 2002, 1, 2, 1),
(212, 'Gerardo Jair', 'Uribe', 'Europa', 4, 8, 2003, 2, 2, 1),
(213, 'Guadalupe', 'Vázquez', 'Hernández', 18, 1, 2012, 1, 2, 0),
(214, 'Guadalupe', 'Pacheco', 'Clemente', 26, 11, 2005, 1, 2, 0),
(215, 'Guadalupe', 'Velázquez', 'Cerón', 17, 6, 2002, 1, 2, 0),
(216, 'Ian', 'Rosado', 'Aguilar', 3, 9, 2012, 2, 2, 0),
(217, 'Iker Santiago', 'Reyes', 'Barragán', 29, 7, 2011, 2, 2, 0),
(218, 'Ileana', 'Filio', 'Miguel', 10, 1, 2011, 1, 2, 0),
(219, 'Ingrid Zeltzin', 'Márquez', 'Gómez', 27, 12, 2007, 1, 2, 0),
(220, 'Irvin Kenai', 'Escamilla', 'López', 27, 6, 2009, 2, 2, 0),
(221, 'Issac', 'Rios', 'López', 19, 1, 2011, 2, 2, 0),
(222, 'Ivonne Georgelett', 'Escamilla', 'López', 3, 6, 2004, 1, 2, 0),
(223, 'Jaqueline', 'Velasco', 'Valeriano', 25, 1, 2008, 1, 2, 0),
(224, 'Jehú Silvestre', 'Uribe', 'Europa', 17, 12, 2007, 2, 2, 0),
(225, 'Jenifer Alexandra', 'Cruz', 'Villar', 15, 9, 2006, 1, 2, 0),
(226, 'Jennifer', 'López', 'Gonzalez', 11, 4, 2003, 1, 2, 1),
(227, 'Jessica Roxana', 'Terán', 'Santiago', 1, 5, 2007, 1, 2, 0),
(228, 'Jesús', 'Aguirre', 'Velázquez', 2, 4, 2011, 2, 2, 0),
(229, 'Jesús Emmanuel', 'Hernández', 'García', 22, 9, 2000, 2, 2, 0),
(230, 'Jesus Uriel', 'Cabanzo', 'Mendez', 4, 11, 2008, 2, 2, 0),
(231, 'Joana', 'Maldonado', 'Dorado', 9, 3, 2004, 1, 2, 0),
(232, 'Johan', 'García', 'Marcial', 11, 12, 2011, 2, 2, 1),
(233, 'Jonathan', 'Reyes', 'Téllez', 27, 10, 2012, 2, 2, 1),
(234, 'Jonathan De Jesús Alejandro', 'Marquez', 'Garay', 5, 5, 2005, 2, 2, 0),
(235, 'Jorge Alexis', 'Cohetero', 'Garduño', 27, 2, 2008, 2, 2, 0),
(236, 'Jose', 'Filio', 'Miguel', 22, 5, 2012, 2, 2, 0),
(237, 'José Alberto', 'Vázquez', 'Hernández', 27, 11, 2003, 2, 2, 0),
(238, 'Jose Armando', 'Torrez', 'Lopez', 9, 7, 2007, 2, 2, 1),
(239, 'José De Jesús', 'García', 'Marcial', 5, 8, 2012, 2, 2, 0),
(240, 'José Miguel', 'Marcial', 'Uribe', 9, 1, 2007, 2, 2, 1),
(241, 'Joshua Said', 'Mata', 'Torres', 17, 1, 2010, 2, 2, 0),
(242, 'Juan José', 'Tolentino', 'Mendoza', 18, 12, 2005, 1, 2, 1),
(243, 'Karina', 'Pérez', 'Bautista', 1, 1, 2005, 2, 2, 0),
(244, 'Karla Arizbeth', 'Montien', 'Gallegos', 23, 5, 2003, 2, 2, 0),
(245, 'Karla Paola', 'Rosas', 'Hernández', 19, 5, 2005, 2, 2, 0),
(246, 'Katy Stefany Gisel', 'Garay', 'Mata', 2, 1, 2002, 2, 2, 0),
(247, 'Laila Ameyali', 'Cohetero', 'Garduño', 20, 9, 2010, 1, 2, 0),
(248, 'Laisha Lynn', 'Terán', 'Santiago', 22, 2, 2001, 1, 2, 0),
(249, 'Leonardo  De Jesus', 'Cruz', 'Villar', 13, 10, 2007, 2, 2, 0),
(250, 'Leonel', 'Pérez', 'Bautista', 30, 8, 2003, 2, 2, 0),
(251, 'Liliana Shalom', 'Quiroz', 'Velasco', 26, 7, 2011, 1, 2, 0),
(252, 'Linda Judith', 'Velázquez', 'Cerón', 27, 1, 2009, 1, 2, 1),
(253, 'Lorena Guadalupe', 'Marquez', 'Garay', 19, 11, 2008, 1, 2, 1),
(254, 'Luis Ángel Tadeo', 'Téllez', 'Ramírez', 28, 5, 2009, 2, 2, 0),
(255, 'Luis David', 'Tranquilino', 'Miranda', 6, 12, 2007, 2, 2, 0),
(256, 'Luz Esmeralda', 'Sánchez', 'Carmona', 8, 4, 2011, 1, 2, 1),
(257, 'Marco Antonio', 'Gómez', 'Moreno', 15, 5, 2008, 2, 2, 0),
(258, 'María Aquetzali', 'Cohetero', 'Garduño', 14, 8, 2007, 1, 2, 0),
(259, 'María De Los Ángeles', 'Hernández', 'García', 5, 11, 2003, 1, 2, 0),
(260, 'María Eugenia', 'Sánchez', 'Carmona', 4, 6, 2005, 1, 2, 0),
(261, 'María Fernanda', 'López', 'Báez', 26, 1, 2000, 1, 2, 0),
(262, 'Martha', 'Tranquilino', 'Miranda', 23, 2, 2004, 1, 2, 0),
(263, 'Marvin Uriel', 'Escamilla', 'López', 6, 8, 2007, 2, 2, 0),
(264, 'Mayra', 'Tolentino', 'Mendoza', 11, 1, 2004, 1, 2, 0),
(265, 'Mayra', 'Martínez', 'Cuevas', 26, 11, 2000, 1, 2, 0),
(266, 'Mayté Guadalupe', 'Escamilla', 'López', 6, 10, 2005, 1, 2, 0),
(267, 'Melanie', 'Martínez', 'Cuevas', 10, 3, 2002, 1, 2, 0),
(268, 'Melina', 'Cruz', 'Bautista', 23, 5, 2001, 1, 2, 0),
(269, 'Michelle Alondra', 'González', 'Hernández', 7, 9, 2003, 1, 2, 0),
(270, 'Mitzi Janeth', 'Hernández', 'Montiel', 25, 3, 2012, 1, 2, 0),
(271, 'Miztli Cesar Elihu', 'Márquez', 'Gómez', 20, 11, 2003, 2, 2, 0),
(272, 'Nabila Yovana', 'Barrios', 'Coyote', 19, 8, 2004, 1, 2, 0),
(273, 'Natally', 'Castillo', 'Mendoza', 10, 1, 2004, 1, 2, 0),
(274, 'Nayeli', 'Cabanzo', 'Mendez', 15, 10, 2001, 1, 2, 0),
(275, 'Nora Sarai', 'Quiroz', 'Velasco', 23, 10, 2005, 1, 2, 0),
(276, 'Paola Marisol', 'Delgado', 'Acosta', 8, 10, 2003, 1, 2, 0),
(277, 'Paula', 'Pacheco', 'Clemente', 22, 5, 2003, 1, 2, 0),
(278, 'Pedro', 'Vázquez', 'Hernández', 3, 10, 2008, 2, 2, 0),
(279, 'Perla Monserrat', 'Márquez', 'Hernández', 13, 2, 2000, 1, 2, 0),
(280, 'Reyna Paola', 'Avila', 'Reyes', 7, 1, 2009, 1, 2, 0),
(281, 'Sandra Lizbeth', 'López', 'Gonzalez', 25, 6, 2009, 1, 2, 0),
(282, 'Silvia Alexa Aurora', 'Martínez', 'Álvarez', 8, 12, 2008, 1, 2, 1),
(283, 'Sofía', 'Delgado', 'Acosta', 5, 9, 2002, 1, 2, 0),
(284, 'Tania', 'Cama', 'Ballón', 28, 4, 2009, 1, 2, 0),
(285, 'Tifany Esmeralda', 'Martínez', 'Cuevas', 2, 12, 2005, 1, 2, 0),
(286, 'Valeria', 'Sánchez', 'Hernández', 12, 4, 2008, 1, 2, 0),
(287, 'Valeria', 'Velázquez', 'Cerón', 19, 4, 2000, 1, 2, 0),
(288, 'Victoria Abigail', 'Sánchez', 'Carmona', 2, 7, 2000, 1, 2, 0),
(289, 'Viridiana', 'Tolentino', 'Mendoza', 21, 9, 2000, 1, 2, 0),
(290, 'Wendy Alexandra', 'Delgado', 'Antonio', 10, 6, 2013, 1, 2, 0),
(291, 'Yael Alejandro', 'Velasco', 'Valeriano', 19, 9, 2004, 2, 2, 0),
(292, 'Yaret Astrid', 'García', 'Mendoza', 29, 12, 2005, 1, 2, 0),
(293, 'Zaira Mirel', 'Reyes', 'Barragán', 21, 12, 2006, 1, 2, 0),
(294, 'Zuri Rebeca', 'Romero', 'Velazco', 27, 1, 2002, 1, 2, 0),
(295, 'Abraham Jesús', 'García', 'Reyes', 26, 12, 2005, 2, 3, 0),
(296, 'Adriana', 'Martínez', 'Cantú', 5, 2, 2003, 1, 3, 0),
(297, 'Adriana', 'Martínez', 'Vaquero', 19, 12, 2004, 1, 3, 0),
(298, 'Aida Geovanna', 'Gallegos', 'Severo', 9, 6, 2012, 1, 3, 1),
(299, 'Alan Emmanuel', 'Jaimes', 'González', 23, 12, 2003, 2, 3, 0),
(300, 'Alejandra', 'Fernández', 'Valentín', 12, 5, 2007, 1, 3, 0),
(301, 'Alejandra Jacqueline', 'Aparicio', 'Ortiz', 30, 5, 2013, 1, 3, 1),
(302, 'Alejandro', 'Chaparro', 'Mauricio', 28, 9, 2006, 2, 3, 0),
(303, 'Alexis Nicandro', 'Martínez', 'Cantú', 15, 10, 2006, 2, 3, 0),
(304, 'Alexis', 'Peña', 'Bautista', 16, 11, 2011, 2, 3, 0),
(305, 'Aline Alexandra', 'Cruz', 'Millan', 12, 1, 2008, 1, 3, 0),
(306, 'Allison Edith', 'Martínez', 'Cruz', 27, 10, 2003, 1, 3, 0),
(307, 'Alma Jesuri', 'Velasco', 'Nuñez', 6, 10, 2002, 1, 3, 0),
(308, 'Alondra Naomi', 'Peña', 'Bautista', 9, 6, 2007, 1, 3, 0),
(309, 'América Guadalupe', 'García', 'Reyes', 1, 5, 2008, 1, 3, 0),
(310, 'Ana Karen', 'Pérez', 'Cantor', 21, 6, 2001, 1, 3, 1),
(311, 'Ana Karen', 'Sandoval', 'Mancilla', 3, 11, 2001, 1, 3, 0),
(312, 'Ana Luisa', 'Álvarez', 'De la Cruz', 3, 9, 2005, 1, 3, 0),
(313, 'Andrea', 'Fernández', 'Valentín', 6, 12, 2004, 1, 3, 1),
(314, 'Andrés Alejandro', 'Valenzuela', 'Luna', 23, 8, 2001, 2, 3, 0),
(315, 'Ángel Alejandro', 'Ochoa', 'González', 19, 7, 2007, 2, 3, 0),
(316, 'Ángel Alfredo', 'Fernández', 'Valentín', 9, 2, 2013, 2, 3, 0),
(317, 'Ángel Antonio', 'Pedroza', 'Andrew', 13, 6, 2003, 2, 3, 0),
(318, 'Ángel Cuauhtemoc', 'Hernández', 'Allende', 18, 11, 2007, 2, 3, 0),
(319, 'Ángel Elias', 'Romero', 'García', 16, 11, 2010, 2, 3, 0),
(320, 'Ángel Emmanuel', 'Castro', 'Ortiz', 16, 5, 2009, 2, 3, 0),
(321, 'Ángel Gabriel', 'Gómez', 'Peralta', 22, 5, 2005, 2, 3, 0),
(322, 'Ángel Gabriel', 'Hernández', 'Pérez', 12, 1, 2012, 2, 3, 0),
(323, 'Ángel Humberto', 'Cadena', 'Mendoza', 2, 8, 2005, 2, 3, 0),
(324, 'Ángel Rodrigo', 'Montoya', 'Reyes', 17, 4, 2003, 2, 3, 0),
(325, 'Ángel Santiago', 'Osnaya', 'Trejo', 26, 8, 2013, 2, 3, 0),
(326, 'Angela', 'Álvarez', 'Fragoso', 15, 12, 2003, 1, 3, 0),
(327, 'Angélica', 'Martínez', 'Cantú', 5, 11, 2001, 1, 3, 0),
(328, 'Araceli', 'Aguilar', 'Morales', 1, 3, 2007, 1, 3, 1),
(329, 'Ariadna Araceli', 'Martínez', 'Morales', 30, 6, 2002, 1, 3, 0),
(330, 'Axel Ivan', 'Vázquez', 'Tovar', 1, 12, 2009, 2, 3, 0),
(331, 'Bairon Manuel', 'Jiménez', 'Lara', 6, 6, 2012, 2, 3, 0),
(332, 'Blanca Jimena', 'Razo', 'Mercado', 24, 9, 2013, 1, 3, 0),
(333, 'Blanca Yadira', 'Cruz', 'Migueles', 1, 6, 2002, 1, 3, 0),
(334, 'Brandon Abdiel', 'Chavez', 'Alvarado', 12, 2, 2005, 2, 3, 1),
(335, 'Brandon Esteban', 'Castañeda', 'González', 12, 6, 2006, 2, 3, 0),
(336, 'Brayan Jair', 'Chavez', 'Alvarado', 27, 10, 2003, 2, 3, 0),
(337, 'Brayan Omar', 'Chaparro', 'Mauricio', 17, 4, 2005, 2, 3, 1),
(338, 'Brayan Saúl', 'Martínez', 'Cruz', 1, 10, 2005, 2, 3, 1),
(339, 'Brisa Andrea', 'Valenzuela', 'Luna', 9, 5, 2007, 1, 3, 0),
(340, 'Camila', 'Barcenas', 'Argüelles', 11, 1, 2012, 1, 3, 0),
(341, 'Carlos Abdalla', 'Chavez', 'Alvarado', 14, 1, 2010, 2, 3, 1),
(342, 'Carlos Alberto', 'García', 'De la Cruz', 28, 6, 2006, 2, 3, 0),
(343, 'Carlos Eduardo', 'García', 'De la Cruz', 18, 9, 2004, 2, 3, 0),
(344, 'Carlos Manuel', 'Castañeda', 'González', 18, 11, 2002, 2, 3, 0),
(345, 'Carmen Nayelli', 'Castro', 'Ortiz', 26, 1, 2012, 1, 3, 1),
(346, 'Carolina', 'Francisco', 'Marcelino', 16, 11, 2003, 1, 3, 0),
(347, 'Cecilia Jazmín', 'González', 'Rojas', 22, 11, 2007, 1, 3, 0),
(348, 'Cesar Owen', 'Barcenas', 'Argüelles', 28, 5, 2009, 2, 3, 0),
(349, 'Cinthya Gabriela', 'Hernández', 'Pérez', 26, 12, 2003, 1, 3, 0),
(350, 'Cristofer Joset', 'Valenzuela', 'Luna', 23, 8, 2006, 2, 3, 0),
(351, 'Cristopher Yael', 'López', 'Pedroza', 29, 1, 2012, 2, 3, 0),
(352, 'Daniel', 'Gabino', 'Aguilar', 13, 10, 2001, 2, 3, 0),
(353, 'Daniel', 'Huerta', 'Hernández', 23, 6, 2001, 2, 3, 0),
(354, 'Daniela Yoselin', 'Aparicio', 'Cruz', 25, 2, 2011, 1, 3, 1),
(355, 'Diana Yazmín', 'Mendoza', 'Delgadillo', 6, 12, 2006, 1, 3, 0),
(356, 'Diego Misael', 'Martínez', 'Morales', 14, 5, 2007, 2, 3, 0),
(357, 'Dorian Ariel', 'Lara', 'Guzmán', 18, 2, 2010, 1, 3, 0),
(358, 'Dulce Alicia', 'Castañeda', 'González', 11, 3, 2009, 1, 3, 0),
(359, 'Dulce Daniela', 'Chavez', 'Segura', 31, 1, 2003, 1, 3, 0),
(360, 'Edgar Donovan', 'Martínez', 'Reyna', 15, 6, 2009, 2, 3, 0),
(361, 'Edwin Daniel', 'Serafico', 'Morales', 1, 6, 2006, 2, 3, 0),
(362, 'Emigdio', 'Aguilar', 'Morales', 5, 3, 2012, 2, 3, 1),
(363, 'Emmanuel Roberto', 'Gallegos', 'Severo', 22, 6, 2013, 2, 3, 0),
(364, 'Erick David', 'Pérez', 'Cantor', 31, 12, 2000, 2, 3, 0),
(365, 'Erick Ricardo', 'González', 'Mirón', 23, 4, 2006, 2, 3, 0),
(366, 'Erika Jazmín', 'Fabila', 'Gómez', 17, 3, 1998, 1, 3, 0),
(367, 'Esau Alexis', 'Rodríguez', 'Cruz', 12, 2, 2014, 2, 3, 0),
(368, 'Esmeralda', 'Delgadillo', 'Jiménez', 12, 2, 2000, 1, 3, 1),
(369, 'Esmeralda Joceline', 'Alavez', 'Reyes', 25, 7, 2002, 1, 3, 0),
(370, 'Estrella de Jesús', 'Rodríguez', 'Cruz', 13, 1, 2011, 1, 3, 0),
(371, 'Estrella Yamilet', 'Jacinto', 'González', 14, 12, 2011, 1, 3, 0),
(372, 'Estrella Yuridia', 'Cruz', 'Migueles', 14, 6, 2007, 1, 3, 0),
(373, 'Ezequiel', 'Bautista', 'González', 2, 12, 2004, 2, 3, 0),
(374, 'Fanny Griselda', 'Jiménez', 'De la Cruz', 28, 3, 2010, 1, 3, 1),
(375, 'Fátima Aixa', 'Barcenas', 'Argüelles', 23, 3, 2006, 1, 3, 0),
(376, 'Fátima Guadalupe', 'García', 'Bustos', 15, 9, 2003, 1, 3, 1),
(377, 'Fátima Natalia', 'Jacinto', 'González', 22, 12, 2013, 1, 3, 0),
(378, 'Fátima', 'Trejo', 'Martínez', 5, 9, 2005, 1, 3, 1),
(379, 'Fernanda Michelle', 'Jiménez', 'Lara', 8, 7, 2013, 1, 3, 0),
(380, 'Fernando Meliton', 'Trejo', 'Cruz', 21, 8, 2012, 2, 3, 0),
(381, 'Flor Lizeth', 'Romero', 'García', 14, 2, 2009, 1, 3, 0),
(382, 'Francisco', 'Álvarez', 'De la Cruz', 7, 12, 2007, 2, 3, 0),
(383, 'Gabriel Adrian', 'González', 'García', 23, 6, 2011, 2, 3, 1),
(384, 'Gabriela Fernanda', 'Martínez', 'Valtierra', 28, 9, 2005, 1, 3, 0),
(385, 'Gabriela', 'López', 'Fonseca', 4, 6, 2007, 1, 3, 0),
(386, 'Gerardo Alberto', 'García', 'De la Cruz', 26, 8, 2002, 2, 3, 0),
(387, 'Gilberto Jesús', 'González', 'Rojas', 11, 6, 2004, 2, 3, 0),
(388, 'Gloria Estefan', 'Patricio', 'Martínez', 10, 4, 2004, 1, 3, 0),
(389, 'Graciela Josseline', 'García', 'Hernández', 9, 2, 1999, 1, 3, 1),
(390, 'Guadalupe Irene', 'Alavez', 'Reyes', 10, 12, 2009, 1, 3, 0),
(391, 'Guadalupe Teresa', 'Olvera', 'Pedroza', 6, 3, 2012, 1, 3, 1),
(392, 'Guillermo', 'Hernández', 'Carbajal', 9, 5, 2006, 2, 3, 0),
(393, 'Gustavo Ángel', 'Hernández', 'Arango', 16, 5, 2005, 2, 3, 0),
(394, 'Gustavo', 'De la Cruz', 'Dominguez', 28, 7, 2007, 2, 3, 0),
(395, 'Héctor Gamaliel', 'Castro', 'Ortiz', 3, 2, 2007, 2, 3, 0),
(396, 'Irvin', 'Trejo', 'Martínez', 23, 6, 2003, 2, 3, 0),
(397, 'Jaime Jair', 'Alavez', 'Reyes', 6, 7, 2003, 2, 3, 0),
(398, 'Janet', 'López', 'Fonseca', 4, 6, 2007, 1, 3, 0),
(399, 'Janet Yuridia', 'Cadena', 'Mendoza', 24, 10, 2007, 1, 3, 0),
(400, 'Janeth Maite', 'Reyes', 'Ríos', 18, 7, 2006, 1, 3, 0),
(401, 'Jaqueline', 'García', 'González', 25, 9, 2002, 1, 3, 0),
(402, 'Jazmín', 'Sandoval', 'Mancilla', 8, 9, 1999, 1, 3, 0),
(403, 'Jennifer Paola', 'Olvera', 'Pedroza', 13, 10, 2004, 1, 3, 0),
(404, 'Jennifer', 'Velasco', 'Hernández', 17, 6, 2009, 1, 3, 0),
(405, 'Jeremy Adan', 'Castañeda', 'González', 12, 5, 2011, 2, 3, 0),
(406, 'Jesús Adan', 'Mendez', 'Sandoval', 30, 10, 2000, 2, 3, 0),
(407, 'Jesús Armando', 'Jiménez', 'Lara', 14, 6, 2009, 2, 3, 0),
(408, 'Jesús Damián', 'Valenzuela', 'Alegría', 25, 8, 2013, 2, 3, 0),
(409, 'Jesús Gabriel', 'Martínez', 'García', 12, 9, 2000, 2, 3, 0),
(410, 'Jimena Guadalupe', 'Jacinto', 'González', 25, 1, 2009, 1, 3, 0),
(411, 'Jonathan Emanuel', 'Hernández', 'Pérez', 18, 3, 2003, 2, 3, 0),
(412, 'Jonathan Ignacio', 'Sandoval', 'Mancilla', 28, 8, 2000, 2, 3, 0),
(413, 'Jonthan', 'Pedroza', 'Andrew', 21, 2, 2010, 2, 3, 0),
(414, 'Jorge Daniel', 'Resendiz', 'Álvarez', 15, 7, 2002, 2, 3, 0),
(415, 'Jorge Luis', 'Peña', 'Bautista', 18, 3, 2006, 2, 3, 0),
(416, 'Jorge Omar', 'Razo', 'Mercado', 18, 10, 2000, 2, 3, 0),
(417, 'José de Jesús', 'Hernández', 'Allende', 24, 12, 2008, 2, 3, 0),
(418, 'José Giovanni', 'Álvarez', 'De la Cruz', 26, 5, 2001, 2, 3, 0),
(419, 'José Manuel', 'Pérez', 'Cantor', 30, 3, 2003, 2, 3, 0),
(420, 'José Ricardo', 'Montoya', 'Reyes', 20, 6, 2000, 2, 3, 0),
(421, 'Juan Antonio', 'Aguilar', 'Toribio', 28, 11, 2003, 2, 3, 0),
(422, 'Juan Carlos', 'De la Cruz', 'Dominguez', 12, 2, 2001, 2, 3, 0),
(423, 'Juan Carlos', 'Gómez', 'Peralta', 12, 4, 2000, 2, 3, 0),
(424, 'Juan Carlos', 'Velasco', 'Hernández', 31, 5, 2011, 2, 3, 0),
(425, 'Justin Emmanuel', 'Gómez', 'Peralta', 6, 12, 2006, 2, 3, 0),
(426, 'Karen Samantha', 'Hernández', 'Pérez', 29, 6, 2005, 1, 3, 0),
(427, 'Karina', 'Fernández', 'Valentín', 23, 9, 2002, 1, 3, 0),
(428, 'Karina', 'Martínez', 'Vaquero', 10, 10, 2003, 1, 3, 0),
(429, 'Karla Citlali', 'Álvarez', 'Fragoso', 14, 10, 2002, 1, 3, 1),
(430, 'Karla', 'Vargas', 'Fernández', 19, 4, 2008, 1, 3, 0),
(431, 'Kelly Yaritza', 'Trejo', 'Cruz', 23, 12, 2009, 1, 3, 0),
(432, 'Kenia Hetzemani', 'García', 'Reyes', 31, 1, 2007, 1, 3, 0),
(433, 'Kimberly Paola', 'Salgado', 'Serafico', 6, 7, 2010, 1, 3, 0),
(434, 'Kinari Dominique', 'Gallegos', 'Severo', 26, 9, 2010, 1, 3, 1),
(435, 'Kitcia Cinay', 'Chavez', 'Segura', 23, 10, 2007, 1, 3, 0),
(436, 'Lucero Aide', 'Valenzuela', 'Luna', 23, 9, 2005, 1, 3, 0),
(437, 'Lucero Guadalupe', 'Pedroza', 'Andrew', 25, 3, 2013, 1, 3, 0),
(438, 'Lucero', 'Santillan', 'González', 3, 4, 2006, 1, 3, 0),
(439, 'Luis Ángel', 'González', 'Rojas', 19, 12, 2006, 2, 3, 0),
(440, 'Luis Ángel', 'Hernández', 'Carbajal', 11, 1, 2004, 2, 3, 0),
(441, 'Luis Ángel', 'Jiménez', 'Lara', 15, 5, 2007, 2, 3, 0),
(442, 'Luis Ángel', 'Martínez', 'Cruz', 23, 7, 2007, 2, 3, 0),
(443, 'Luis Eduardo', 'García', 'Bustos', 10, 8, 2005, 2, 3, 0),
(444, 'Luis Enrique', 'Resendiz', 'Álvarez', 23, 6, 2001, 2, 3, 0),
(445, 'Luis Ernesto', 'Aguilar', 'Morales', 7, 12, 2009, 2, 3, 0),
(446, 'Luna Sarai', 'Aparicio', 'Ortiz', 13, 8, 2009, 1, 3, 0),
(447, 'Luz Jatziri', 'Gallegos', 'Severo', 12, 2, 2008, 1, 3, 1),
(448, 'Marcos Antonio', 'Fabila', 'Gómez', 4, 5, 2007, 2, 3, 1),
(449, 'Margarita Esmeralda', 'García', 'De la Cruz', 3, 2, 2008, 1, 3, 0),
(450, 'María de Jesús', 'Martínez', 'Vaquero', 25, 12, 2006, 1, 3, 1),
(451, 'María de la Luz', 'Fabila', 'Gómez', 26, 8, 2005, 1, 3, 0),
(452, 'María de los Angeles', 'Rodríguez', 'Reyes', 13, 6, 2000, 1, 3, 0),
(453, 'María del Carmen', 'Gallegos', 'Severo', 27, 9, 2009, 1, 3, 0),
(454, 'María Fernanda', 'Hernández', 'Pérez', 18, 3, 2007, 1, 3, 1),
(455, 'María Guadalupe', 'Francisco', 'Marcelino', 6, 10, 1999, 1, 3, 0),
(456, 'María Guadalupe', 'Trejo', 'Borjas', 7, 10, 2010, 1, 3, 1),
(457, 'María Isabel', 'Francisco', 'Marcelino', 9, 5, 2001, 1, 3, 0),
(458, 'María José', 'Lara', 'Guzmán', 7, 6, 2008, 1, 3, 0),
(459, 'Maricarmen', 'Guzmán', 'Lobato', 8, 9, 2001, 1, 3, 1),
(460, 'Mariela', 'López', 'Fonseca', 20, 6, 2010, 1, 3, 0),
(461, 'Mauricio', 'Álvarez', 'De la Cruz', 30, 10, 2003, 2, 3, 1),
(462, 'Melissa', 'De la Cruz', 'Dominguez', 27, 10, 2009, 1, 3, 0),
(463, 'Mía Yoneli', 'Martínez', 'Reyna', 6, 9, 2007, 1, 3, 0),
(464, 'Miguel Ángel', 'González', 'Pedroza', 22, 11, 2002, 2, 3, 0),
(465, 'Miguel Ángel', 'Marcelino', 'Francisco', 15, 2, 2010, 2, 3, 0),
(466, 'Mónica Guadalupe', 'Cadena', 'Mendoza', 23, 4, 2001, 1, 3, 0),
(467, 'Mónica Irene', 'Montoya', 'Reyes', 18, 3, 2005, 1, 3, 0),
(468, 'Nadia Coral', 'Fernández', 'García', 29, 7, 2005, 1, 3, 0),
(469, 'Naydeline Yael', 'García', 'Soria', 12, 1, 2011, 1, 3, 1),
(470, 'Nelly Gesuri', 'Romero', 'Méndez', 7, 3, 2002, 1, 3, 0),
(471, 'Omaet Jovani', 'Romero', 'Álvarez', 17, 4, 2012, 2, 3, 0),
(472, 'Omar Ulises', 'Martínez', 'De la Cruz', 5, 4, 2008, 2, 3, 1),
(473, 'Orly Jazmín', 'Olvera', 'Pedroza', 1, 8, 2010, 1, 3, 0),
(474, 'Oscar', 'Aguilar', 'Morales', 18, 7, 2008, 2, 3, 0),
(475, 'Pablo Yair', 'Pérez', 'Álvarez', 5, 10, 2007, 2, 3, 0),
(476, 'Pamela Abigail', 'García', 'Bustos', 1, 9, 2007, 1, 3, 0),
(477, 'Paola Natali', 'Álvarez', 'Flores', 19, 1, 2009, 1, 3, 1),
(478, 'Pedro Gabriel', 'Castro', 'Ortiz', 6, 11, 2010, 2, 3, 0),
(479, 'Perla Izamar', 'Fernández', 'García', 17, 11, 1999, 1, 3, 0),
(480, 'Ramón', 'Bautista', 'López', 31, 10, 2003, 2, 3, 0),
(481, 'Rey David', 'Osorio', 'Reyes', 25, 9, 2007, 2, 3, 0),
(482, 'Ricardo', 'Hernández', 'Arango', 12, 8, 2003, 2, 3, 0),
(483, 'Ricardo', 'Santillan', 'Diego', 11, 9, 2011, 2, 3, 1),
(484, 'Rodolfo', 'López', 'Fonseca', 18, 5, 2008, 2, 3, 0),
(485, 'Rodrigo', 'Trejo', 'Martínez', 27, 6, 2011, 2, 3, 1),
(486, 'Sandra', 'Fernández', 'Valentín', 30, 8, 2008, 1, 3, 1),
(487, 'Sandra Vanessa', 'Rosas', 'Martínez', 31, 12, 2012, 1, 3, 0),
(488, 'Saúl Axel', 'Rodríguez', 'Cruz', 19, 5, 2009, 2, 3, 0),
(489, 'Saúl Fidencio', 'Cruz', 'Migueles', 18, 1, 2001, 2, 3, 0),
(490, 'Selene Gabriela', 'García', 'Hernández', 24, 2, 2007, 1, 3, 0),
(491, 'Soledad', 'Velasco', 'Nuñez', 11, 11, 1999, 1, 3, 0),
(492, 'Sonia Anel', 'Alavez', 'Reyes', 27, 2, 2006, 1, 3, 0),
(493, 'Uriel', 'Pedroza', 'Andrew', 24, 8, 2006, 2, 3, 0),
(494, 'Valeri Melissa', 'Martínez', 'Cruz', 20, 5, 2010, 1, 3, 0),
(495, 'Victor Jesús', 'Pérez', 'Cantor', 19, 1, 2005, 2, 3, 0),
(496, 'Wendy Jaqueline', 'Santillan', 'Diego', 23, 7, 2002, 1, 3, 0),
(497, 'Wendy Melany', 'Razo', 'Mercado', 10, 10, 2010, 1, 3, 1),
(498, 'Wendy Monserrat', 'Hernández', 'Pérez', 27, 2, 2007, 1, 3, 0),
(499, 'Wendy Valentina', 'González', 'Rojas', 14, 2, 2001, 1, 3, 1),
(500, 'Ximena Elizabeth', 'Jiménez', 'Lara', 9, 10, 2009, 1, 3, 0),
(501, 'Xochitl Guadalupe', 'Álvarez', 'De la Cruz', 30, 3, 2011, 1, 3, 0),
(502, 'Yahir Emanuel', 'Valenzuela', 'Alegría', 4, 5, 2008, 2, 3, 0),
(503, 'Yolanda de Jesús', 'Alcantara', 'González', 6, 8, 2004, 1, 3, 0),
(504, 'Yoselin Reyna', 'González', 'Osnaya', 9, 3, 2007, 1, 3, 0),
(505, 'Zoe Renata', 'Martínez', 'Reyna', 28, 11, 2011, 1, 3, 1),
(506, 'Abel Alexander', 'Muñoz', 'Pérez', 11, 8, 2012, 2, 4, 0),
(507, 'Abigail Janet', 'Lujano', 'Hernández', 15, 4, 2002, 1, 4, 0),
(508, 'Alan José', 'Jaramillo', 'Olvera', 30, 4, 2009, 2, 4, 0),
(509, 'Alejandra Guadalupe', 'Guzmán', 'Alvarado', 26, 12, 2008, 1, 4, 0),
(510, 'Alexandro', 'Ramírez', 'Hernández', 23, 8, 2005, 2, 4, 1),
(511, 'Alison Fernanda', 'Miranda', 'Iglesias', 30, 9, 2005, 1, 4, 0),
(512, 'Allisson Valeri', 'Cortés', 'Reyes', 27, 1, 2009, 1, 4, 0),
(513, 'Alondra Jazmín', 'Ramírez', 'Luján', 5, 7, 2013, 1, 4, 1),
(514, 'Alondra', 'Rodríguez', 'Ramírez', 15, 3, 2005, 1, 4, 0),
(515, 'Amanda Esther', 'González', 'Maya', 1, 1, 2007, 1, 4, 0),
(516, 'América Lizbeth', 'Licona', 'Lara', 7, 9, 2005, 1, 4, 0),
(517, 'Ana María Atlantida', 'Jaramillo', 'Martínez', 30, 9, 2003, 1, 4, 0),
(518, 'Ana María', 'López', 'Hernández', 13, 6, 2008, 1, 4, 0),
(519, 'Anahí Elena', 'Licona', 'Lara', 6, 9, 2007, 1, 4, 0),
(520, 'Andrea', 'Riaño', 'García', 16, 9, 2004, 1, 4, 0),
(521, 'Andrés Delfino', 'Sánchez', 'Reyes', 20, 9, 2005, 2, 4, 0),
(522, 'Ángel Alexis', 'Hernández', 'Sandoval', 25, 2, 2007, 2, 4, 0),
(523, 'Ángel Del Refugio', 'Alvarado', 'Arriaga', 5, 5, 2012, 2, 4, 0),
(524, 'Arely Jocelyn', 'García', 'Aguilera', 7, 2, 2005, 1, 4, 0),
(525, 'Ari Lesly', 'Rodríguez', 'Balderas', 11, 6, 2008, 1, 4, 0),
(526, 'Ariel', 'Domínguez', 'Rosales', 25, 10, 2006, 1, 4, 0),
(527, 'Axel Alexander', 'Félix', 'Pérez', 5, 11, 2005, 2, 4, 0),
(528, 'Axel Yahir', 'Ramírez', 'Brígido', 9, 10, 2002, 2, 4, 0),
(529, 'Bayron Misael', 'Becerril', 'Cruz', 8, 4, 2012, 2, 4, 0),
(530, 'Brandon Felipe', 'García', 'De La Cruz', 15, 7, 1999, 2, 4, 0),
(531, 'Brandon Uriel', 'Romero', 'González', 31, 5, 2008, 2, 4, 0),
(532, 'Braulio Miguel', 'Galindo', 'Galicia', 7, 10, 2011, 2, 4, 0),
(533, 'Brayan Alexis', 'Lujano', 'Hernández', 13, 6, 2006, 2, 4, 0),
(534, 'Brayan Alexis', 'Romero', 'González', 18, 8, 2003, 2, 4, 0),
(535, 'Brayan', 'Deza', 'Arteaga', 18, 7, 2005, 2, 4, 0),
(536, 'Brayan Fidel', 'Lara', 'Olivares', 16, 11, 2003, 2, 4, 0),
(537, 'Brisa Pamela', 'Sandoval', 'Becerra', 1, 10, 2013, 1, 4, 0),
(538, 'Brissa', 'Brígido', 'De Jesús', 29, 7, 2009, 1, 4, 1),
(539, 'Britany', 'Hernández', 'De La Cruz', 9, 12, 2005, 1, 4, 0),
(540, 'Byron Dario', 'Valencia', 'García', 18, 5, 2011, 2, 4, 0),
(541, 'Carlos Hernán', 'Ramírez', 'Hernández', 19, 5, 2011, 2, 4, 0),
(542, 'Cazandra Abigail', 'Romero', 'González', 4, 12, 2001, 1, 4, 1),
(543, 'Christopher Aldair', 'Castro', 'Alvarado', 23, 3, 2013, 2, 4, 0),
(544, 'Citlali De María', 'Licona', 'Lara', 19, 10, 2006, 1, 4, 0),
(545, 'Citlalli Guadalupe', 'Becerril', 'Cruz', 17, 5, 2010, 1, 4, 0),
(546, 'Cristian Ariel', 'Valdez', 'Sánchez', 26, 4, 2005, 1, 4, 0),
(547, 'Dana Luisa', 'González', 'Gonzaga', 28, 7, 2010, 1, 4, 0),
(548, 'Daniel', 'Escutia', 'Calderón', 12, 2, 2008, 2, 4, 1),
(549, 'Daniel', 'González', 'Gonzaga', 22, 11, 2007, 2, 4, 1),
(550, 'Daniela Anaid', 'González', 'Hernández', 11, 6, 2004, 1, 4, 0),
(551, 'Daniela', 'Morales', 'Ortíz', 22, 1, 2001, 1, 4, 0),
(552, 'Daniela', 'Rodríguez', 'Martínez', 20, 4, 2005, 1, 4, 0),
(553, 'David Adrian', 'Yáñez', 'Flores', 29, 6, 2011, 2, 4, 0),
(554, 'Dereck Geovanny', 'Hernández', 'Vergara', 3, 8, 2007, 2, 4, 0),
(555, 'Derek Isael', 'González', 'Gonzaga', 25, 2, 2011, 2, 4, 1),
(556, 'Diego Ángel', 'Romero', 'González', 26, 3, 2005, 2, 4, 1),
(557, 'Donnovan Armando', 'Ocampo', 'Alvarado', 12, 1, 2010, 2, 4, 0),
(558, 'Donovan', 'Miranda', 'Iglesias', 30, 11, 2013, 2, 4, 0),
(559, 'Dulce Camila', 'Valdez', 'Tamayo', 7, 7, 2006, 1, 4, 1),
(560, 'Edgar', 'Hernández', 'García', 19, 7, 2010, 2, 4, 0),
(561, 'Eduardo', 'Juárez', 'Romero', 15, 5, 2004, 2, 4, 0),
(562, 'Edwar Anthoni', 'De La Cruz', 'Escalona', 4, 6, 2004, 2, 4, 0),
(563, 'Edwin', 'Aguilar', 'Ortíz', 20, 7, 2007, 2, 4, 0),
(564, 'Edwin Jesús', 'Serafín', 'Martínez', 12, 7, 2004, 2, 4, 0),
(565, 'Elisa Brillit', 'Ramírez', 'Luján', 29, 5, 2011, 1, 4, 0),
(566, 'Emiliano', 'Serrano', 'Gómez', 16, 11, 2007, 2, 4, 0),
(567, 'Erica Griselda', 'Riaño', 'García', 17, 5, 2001, 1, 4, 0),
(568, 'Erick Gabriel', 'Alvarado', 'Arriaga', 13, 4, 2004, 2, 4, 0),
(569, 'Erik Jesús', 'Valdéz', 'Álvarez', 13, 4, 2004, 2, 4, 0),
(570, 'Erika', 'Lara', 'Olivares', 20, 9, 2008, 1, 4, 0),
(571, 'Estephanie Alexia', 'Flores', 'Flores', 28, 5, 2004, 1, 4, 0),
(572, 'Estrella Magavi', 'Hernández', 'Váldez', 30, 6, 2011, 1, 4, 0),
(573, 'Fátima Guadalupe', 'Hernández', 'Escobar', 23, 11, 2006, 1, 4, 0),
(574, 'Fernando', 'Lara', 'Olivares', 19, 8, 2005, 2, 4, 0),
(575, 'Francisco Javier', 'Herrera', 'León', 16, 10, 1999, 2, 4, 0),
(576, 'Gabriel Tadeo', 'Hernández', 'De La Cruz', 28, 6, 2012, 2, 4, 0),
(577, 'Gabriela Iracema', 'Sandoval', 'Morales', 24, 12, 2004, 1, 4, 1),
(578, 'Gabriela', 'Morales', 'Ortíz', 24, 7, 2002, 1, 4, 0),
(579, 'Geovana', 'Sandoval', 'Becerra', 7, 11, 2007, 1, 4, 0),
(580, 'Geraldin Samanta', 'Hernández', 'De La Cruz', 20, 11, 2001, 1, 4, 0),
(581, 'Gerardo Gabriel', 'Rodríguez', 'Jaramillo', 6, 1, 2003, 2, 4, 0),
(582, 'Giovanna', 'Primero', 'Lucas', 26, 2, 2003, 1, 4, 0),
(583, 'Guadalupe Azul', 'Camacho', 'Sánchez', 15, 1, 2008, 1, 4, 0),
(584, 'Guadalupe Yuriko', 'González', 'Amaya', 31, 12, 2008, 1, 4, 0),
(585, 'Héctor Imanol', 'Ramírez', 'Brígido', 26, 6, 2005, 2, 4, 1),
(586, 'Hugo Eduardo', 'Valdéz', 'Álvarez', 23, 5, 2002, 2, 4, 0),
(587, 'Humberto David', 'Félix', 'Pérez', 22, 5, 2007, 2, 4, 0),
(588, 'Ingrid', 'Escutia', 'Calderón', 16, 5, 2004, 1, 4, 0),
(589, 'Isaac', 'Juárez', 'Romero', 5, 6, 2003, 2, 4, 0),
(590, 'Isamar', 'Rodríguez', 'Ramírez', 13, 11, 2006, 1, 4, 0),
(591, 'Ismael', 'Domínguez', 'Rosales', 10, 10, 2010, 2, 4, 0),
(592, 'Jatziri Nicole', 'Lujano', 'Hernández', 11, 6, 2013, 1, 4, 0),
(593, 'Javier Isaac', 'Yáñez', 'Flores', 30, 4, 2013, 2, 4, 0),
(594, 'Jazmín', 'Domínguez', 'Rosales', 14, 11, 2001, 1, 4, 0),
(595, 'Jessica Lizbeth', 'Jaramillo', 'Olvera', 10, 9, 2007, 1, 4, 0),
(596, 'Jesús Ángel', 'Hernández', 'García', 10, 9, 2005, 2, 4, 0),
(597, 'Jesús David', 'Cruz', 'Ramírez', 6, 4, 2008, 2, 4, 0),
(598, 'Jesús Eduardo', 'Guzmán', 'Alvarado', 3, 5, 2004, 2, 4, 0),
(599, 'Jesús Emiliano', 'Servín', 'Hernández', 31, 10, 2013, 2, 4, 0),
(600, 'Joel Isaías', 'Madrigal', 'Reza', 24, 1, 2009, 2, 4, 0),
(601, 'Johan', 'Rodríguez', 'Balderas', 4, 10, 1999, 2, 4, 0),
(602, 'Jonathan Eduardo', 'Becerril', 'Cruz', 2, 4, 2004, 2, 4, 0),
(603, 'Jorge Jair', 'Becerril', 'Cruz', 29, 11, 2002, 2, 4, 0),
(604, 'Jorge', 'Noguez', 'Victoria', 25, 7, 2001, 2, 4, 0),
(605, 'José Eduardo', 'Licona', 'Lara', 29, 10, 2008, 2, 4, 1),
(606, 'José Luis', 'Sandoval', 'Becerra', 26, 1, 2004, 2, 4, 0),
(607, 'José Miguel', 'Lujano', 'Hernández', 30, 8, 2011, 2, 4, 0),
(608, 'Juan Carlos', 'Cárdenas', 'Primero', 25, 12, 2005, 2, 4, 0),
(609, 'Juan De Dios', 'Ramírez', 'Hernández', 8, 9, 2004, 2, 4, 0),
(610, 'Juan Luis', 'Coronel', 'Flores', 7, 7, 2002, 2, 4, 0),
(611, 'Juan Luis', 'Deza', 'Arteaga', 2, 10, 2002, 2, 4, 0),
(612, 'Julieta Joseline', 'González', 'Maya', 14, 8, 2005, 1, 4, 0),
(613, 'Julio César', 'Ramírez', 'Brígido', 6, 5, 2008, 2, 4, 0),
(614, 'Karina', 'López', 'Hernández', 14, 7, 2006, 1, 4, 0),
(615, 'Karla Elizabeth', 'De La Cruz', 'Frías', 24, 9, 2000, 1, 4, 0),
(616, 'Karla Guadalupe', 'Pastor', 'Morales', 30, 6, 2004, 1, 4, 0),
(617, 'Karla López Hernández', 'López', 'Hernández', 23, 4, 1998, 1, 4, 0),
(618, 'Kebin Agustín', 'Jaramillo', 'Martínez', 30, 4, 2001, 2, 4, 0),
(619, 'Kevin Aarón', 'González', 'Ramírez', 27, 12, 2002, 2, 4, 0),
(620, 'Kevin', 'Aguilar', 'Ortíz', 18, 10, 2008, 2, 4, 0),
(621, 'Kimberly Isamara', 'Hernández', 'Galindo', 11, 9, 2010, 1, 4, 0),
(622, 'Landon Donnovan', 'Ramírez', 'Luján', 10, 3, 2010, 2, 4, 0),
(623, 'Leandro Heznahider', 'Ramírez', 'Luján', 17, 4, 2008, 2, 4, 0),
(624, 'Leonardo Daniel', 'Pastor', 'Bautista', 26, 3, 2003, 2, 4, 0),
(625, 'Leonardo', 'Escutia', 'Calderón', 7, 5, 2006, 2, 4, 0),
(626, 'Liliana', 'Rodríguez', 'Martínez', 12, 9, 2007, 1, 4, 0),
(627, 'Lizbeth', 'Domínguez', 'Rosales', 7, 1, 2000, 1, 4, 0),
(628, 'Luis Ángel', 'Ramírez', 'Hernández', 4, 5, 2011, 2, 4, 0),
(629, 'Luis Eduardo', 'Sánchez', 'Reyes', 9, 10, 2003, 2, 4, 0),
(630, 'Luis Enrique', 'García', 'De La Cruz', 27, 10, 2000, 2, 4, 0),
(631, 'Luisita Marlen', 'Becerril', 'Cruz', 23, 2, 2006, 1, 4, 0),
(632, 'Luz Abril', 'Valdez', 'Villegas', 2, 4, 2004, 1, 4, 0),
(633, 'Marco Antonio', 'Hernández', 'Escobar', 26, 9, 2009, 2, 4, 0),
(634, 'María Guadalupe', 'Noguez', 'Victoria', 19, 6, 2002, 1, 4, 0),
(635, 'María Josselin', 'Hernández', 'Sandoval', 2, 7, 2003, 1, 4, 1),
(636, 'Mario Josué', 'Yáñez', 'Flores', 3, 5, 2012, 2, 4, 0),
(637, 'Miguel Arón', 'Martínez', 'Vergara', 8, 6, 2010, 2, 4, 0),
(638, 'Missael Arturo', 'Calderón', 'Flores', 30, 9, 1999, 2, 4, 0),
(639, 'Monserrat Isamar', 'Valdez', 'Tamayo', 26, 7, 2003, 1, 4, 1),
(640, 'Montserrat', 'García', 'De La Cruz', 22, 1, 2002, 1, 4, 0),
(641, 'Naomi Mitsuko', 'Pastor', 'Morales', 4, 6, 2006, 1, 4, 0),
(642, 'Natali', 'Hernández', 'De La Cruz', 13, 7, 2003, 1, 4, 0),
(643, 'Natalia Altair', 'Cortés', 'Reyes', 10, 2, 2008, 1, 4, 0),
(644, 'Nataly Valeria', 'Hernández', 'Sandoval', 1, 9, 2005, 1, 4, 0),
(645, 'Omar De Jesús', 'López', 'López', 21, 8, 2003, 2, 4, 0),
(646, 'Omar', 'Riaño', 'García', 4, 8, 2007, 2, 4, 0),
(647, 'Osiris Yamileth', 'De La Cruz', 'Escalona', 7, 6, 2006, 1, 4, 0),
(648, 'Pamela Saraí', 'Martínez', 'Sanchez', 12, 6, 2010, 1, 4, 0),
(649, 'Paola Naomi', 'Serrano', 'Gómez', 29, 7, 2005, 1, 4, 1),
(650, 'Pedro Emmanuel', 'Jaramillo', 'González', 21, 1, 2006, 2, 4, 0),
(651, 'Perla Elizabeth', 'Madrigal', 'Reza', 5, 8, 2005, 1, 4, 1),
(652, 'Regina Wendolee', 'Hernández', 'De La Cruz', 20, 7, 2011, 1, 4, 0),
(653, 'Rolando Jared', 'Rodríguez', 'Balderas', 13, 2, 2007, 2, 4, 0),
(654, 'Sandra', 'López', 'Hernández', 12, 10, 2000, 1, 4, 0),
(655, 'Sandra', 'Riaño', 'García', 6, 12, 2002, 1, 4, 0),
(656, 'Santiago', 'Celis', 'Quintero', 30, 9, 2005, 2, 4, 0),
(657, 'Sara Yuridia', 'Pérez', 'López', 6, 11, 2004, 1, 4, 0),
(658, 'Sebastian', 'Rodríguez', 'Martínez', 21, 3, 2009, 2, 4, 1),
(659, 'Shumalli Julieta', 'Valencia', 'García', 19, 3, 2007, 1, 4, 0),
(660, 'Silvia Damaris', 'Rodríguez', 'Jaramillo', 28, 5, 2008, 1, 4, 0),
(661, 'Uriel Alexis', 'Sandoval', 'Morales', 7, 8, 2001, 2, 4, 0),
(662, 'Valente', 'Rodríguez', 'Ramírez', 26, 4, 2012, 2, 4, 0),
(663, 'Valeria', 'Deza', 'Arteaga', 19, 7, 2004, 1, 4, 0),
(664, 'Valeria', 'Primero', 'Lucas', 27, 11, 2007, 1, 4, 0),
(665, 'Valeria', 'Rodríguez', 'Ramírez', 17, 12, 2007, 1, 4, 0),
(666, 'Vivian Daniela', 'Valdéz', 'Álvarez', 17, 10, 1999, 1, 4, 0),
(667, 'Yahir', 'Ramírez', 'Hernández', 30, 1, 2003, 2, 4, 0),
(668, 'Yahir Saúl', 'Sandoval', 'Morales', 12, 4, 2003, 2, 4, 1),
(669, 'Yesica Monserrat', 'Torres', 'González', 23, 12, 2003, 1, 4, 1),
(670, 'Yoseline Guadalupe', 'De La Cruz', 'Cruz', 9, 2, 2006, 1, 4, 0),
(671, 'Zaida Dixia', 'González', 'Hernández', 30, 1, 2003, 1, 4, 0),
(672, 'Zoe Yamilé', 'Jaramillo', 'Olvera', 5, 3, 2014, 1, 4, 0),
(673, 'AARÓN', 'ZEPEDA', 'GUZMÁN', 29, 3, 2004, 2, 1, 0),
(674, 'ABRAHAM ISAID', 'BERNAL', 'MALVAEZ', 17, 8, 2011, 2, 1, 0),
(675, 'ADEMIR', 'REYES', 'SÁNCHEZ', 8, 6, 2009, 2, 1, 0),
(676, 'ADRIAN', 'CONTRERAS', 'CONTRERAS', 26, 10, 2009, 2, 1, 0),
(677, 'ALEJANDRO', 'MEDINA', 'CORONA', 17, 2, 2006, 2, 1, 0),
(678, 'ALEX GEOVANY', 'MEZA', 'IBAÑEZ', 11, 3, 2005, 2, 1, 0),
(679, 'ALEX', 'SERNA', 'TAVIRA', 24, 8, 2005, 2, 1, 0),
(680, 'AXEL ISAI', 'SÁNCHEZ', 'ROMERO', 1, 5, 2009, 2, 1, 0),
(681, 'AXEL JESÚS', 'HERRERA', 'TAVIRA', 12, 6, 2011, 2, 1, 0),
(682, 'BRYAN ZAID', 'SÁNCHEZ', 'BERNAL', 23, 8, 2007, 2, 1, 0),
(683, 'CARLOS ANTONIO', 'RIVERA', 'LUCAS', 4, 12, 2001, 2, 1, 0),
(684, 'CONCEPCION', 'CARRILLO', 'HERNANDEZ', 23, 3, 2010, 1, 1, 0),
(685, 'DAFNE ERENDIRA', 'SÁNCHEZ', 'ROMERO', 26, 8, 2007, 1, 1, 0),
(686, 'DAIRA YAMILE', 'SÁNCHEZ', 'ROMERO', 15, 11, 2011, 1, 1, 0),
(687, 'DANNA PAOLA', 'MONDRAGÓN', 'EXIQUIO', 3, 6, 2009, 1, 1, 0),
(688, 'DIANA ITZEL', 'RIVERA', 'LUCAS', 22, 1, 2002, 1, 1, 0),
(689, 'DIANA YOLED', 'VILCHIS', 'FRANCISCO', 20, 2, 2007, 1, 1, 0),
(690, 'DULCE MARÍA', 'ESQUIVEL', 'MERCADO', 20, 2, 2008, 1, 1, 0),
(691, 'EDGAR', 'MONDRAGÓN', 'CASTILLO', 11, 6, 2014, 2, 1, 0),
(692, 'ELISA', 'REYES', 'SÁNCHEZ', 16, 6, 2012, 1, 1, 0),
(693, 'ELISEO', 'DIAZ', 'TORRES', 16, 4, 2005, 2, 1, 0),
(694, 'EMILIANO', 'VELÁZQUEZ', 'ÁLVAREZ', 13, 5, 2001, 2, 1, 0),
(695, 'ERANDI MICHEL', 'ROMERO', 'GONZALEZ', 5, 9, 2002, 2, 1, 0),
(696, 'ERIDANI', 'CARMONA', 'GARDUÑO', 17, 1, 2005, 1, 1, 0),
(697, 'ESTHER', 'DIAZ', 'TORREZ', 9, 12, 2003, 1, 1, 0),
(698, 'GERALDINE LILIAN', 'REYES', 'SÁNCHEZ', 8, 12, 2010, 1, 1, 0),
(699, 'GINYER', 'OSORIO', 'HERNÁNDEZ', 24, 3, 2006, 1, 1, 0),
(700, 'INGRID ARLETTE SÁNCHEZ BERNAL', 'SÁNCHEZ', 'BERNAL', 2, 1, 2006, 1, 1, 0),
(701, 'ITZEL', 'DOMINGUEZ', 'EDUARDO', 19, 2, 2010, 1, 1, 0),
(702, 'JAQUELINE', 'ZEPEDA', 'GUZMÁN', 28, 11, 2005, 1, 1, 0),
(703, 'JENNIFER', 'SANCHEZ', 'LÓPEZ', 23, 5, 2013, 1, 1, 0),
(704, 'JESUS', 'CARRILLO', 'HERNANDEZ', 16, 4, 2009, 2, 1, 0),
(705, 'JOSUÉ EFRAÍN', 'SÁNCHEZ', 'BERNAL', 9, 3, 2013, 2, 1, 0),
(706, 'JUAN CARLOS', 'MARTÍNEZ', 'SÁNCHEZ', 13, 6, 2006, 2, 1, 0),
(707, 'JULIAN', 'CONTRERAS', 'GONZÁLEZ', 13, 10, 2006, 2, 1, 0),
(708, 'KARINA', 'MEDIEL', 'FLORES', 11, 1, 2000, 1, 1, 0),
(709, 'KARYME', 'SOLIS', 'CRUZ', 7, 8, 2003, 1, 1, 0),
(710, 'KEVIN', 'ZEPEDA', 'GUZMÁN', 21, 12, 2007, 2, 1, 0),
(711, 'LEONOR ITZEL', 'SÁNCHEZ', 'CAMACHO', 25, 6, 2003, 1, 1, 0),
(712, 'LUCERO', 'MEDINA', 'CORONA', 9, 6, 2003, 1, 1, 0),
(713, 'LUIS ANGEL', 'CONTRERAS', 'GONZÁLEZ', 25, 6, 2003, 2, 1, 0),
(714, 'LUIS ANTONIO', 'VILCHIS', 'FRANCISCO', 13, 12, 2005, 2, 1, 0),
(715, 'LUIS MARIO', 'ROMERO', 'GONZALEZ', 19, 4, 2005, 2, 1, 0),
(716, 'MARÍA SOLEDAD', 'CONTRERAS', 'CONTRERAS', 18, 9, 2012, 1, 1, 0),
(717, 'MARTIN EDUARDO', 'RIVERA', 'LUCAS', 3, 4, 2006, 2, 1, 0),
(718, 'RODRIGO', 'MARTÍNEZ', 'SÁNCHEZ', 1, 6, 2004, 2, 1, 0),
(719, 'SANTIAGO', 'MEDINA', 'CORONA', 12, 8, 2001, 2, 1, 0),
(720, 'TANIA MAYTE', 'SÁNCHEZ', 'CAMACHO', 17, 7, 2005, 1, 1, 0),
(721, 'VICTOR MANUEL', 'HERNÁNDEZ', 'DE LEÓN', 9, 1, 2014, 2, 1, 0),
(722, 'VIOLETA', 'MONDRAGÓN', 'EXIQUIO', 18, 9, 2011, 1, 1, 0),
(723, 'WENDY EVELYN', 'SÁNCHEZ', 'CAMACHO', 10, 10, 2006, 1, 1, 0),
(724, 'ABRAHAM LORETO', 'CASTELAN', 'ARRIAGA', 26, 9, 2007, 2, 2, 0),
(725, 'ABRIL', 'GREGORIO', 'RAMOS', 6, 11, 2006, 1, 2, 0),
(726, 'AIDÉ CASSANDRA', 'MOLINA', 'ESPINOSA', 27, 2, 2006, 1, 2, 0),
(727, 'ALAN FRANCISCO', 'POZOS', 'CARRISOSA', 27, 6, 2010, 2, 2, 0),
(728, 'ALBERTO', 'CONTRERAS', 'GARCÍA', 22, 4, 2004, 2, 2, 0),
(729, 'ALEJANDRA', 'BRIBIESCA', 'BAUTISTA', 25, 4, 2011, 1, 2, 0),
(730, 'ALEX YAIR', 'PALOMINO', 'VELÁZQUEZ', 12, 1, 2014, 2, 2, 0),
(731, 'ALEXIS GABRIEL', 'PARACHE', 'CARAPIA', 15, 9, 2014, 2, 2, 0),
(732, 'ALEXIS ROLANDO', 'REYES', 'VÁZQUEZ', 7, 4, 2003, 2, 2, 0),
(733, 'ALMA DELFINA', 'GONZÁLEZ', 'RAMÍREZ', 6, 12, 2010, 1, 2, 0),
(734, 'ANAHÍ', 'QUISEHUATL', 'BAUTISTA', 20, 6, 2009, 1, 2, 0),
(735, 'ANDREA GUADALUPE', 'CONTRERAS', 'GARCÍA', 14, 7, 2002, 1, 2, 0),
(736, 'ANDREA MICHEL SOLIDARIDAD', 'CONTRERAS', 'MARCIAL', 15, 1, 2003, 1, 2, 0),
(737, 'ANDREA', 'PALOMINO', 'RODRÍGUEZ', 7, 9, 2003, 1, 2, 0),
(738, 'ÁNGEL DANIEL', 'ZAVALA', 'MENDOZA', 8, 6, 2007, 2, 2, 0),
(739, 'ÁNGEL YAEL', 'ZAVALA', 'MENDOZA', 10, 9, 2010, 2, 2, 0),
(740, 'ÁNGEL YALIEL', 'PIÑA', 'FLORES', 9, 8, 2007, 2, 2, 0),
(741, 'ANGELÍN', 'DOMÍNGUEZ', 'DOMÍNGUEZ', 16, 12, 2009, 2, 2, 0),
(742, 'ARIADNA MICHEL', 'SILVA', 'CORTEZ', 17, 11, 2011, 1, 2, 0),
(743, 'ARICEL VICTORIA', 'GONZÁLEZ', 'RAMÍREZ', 26, 6, 2004, 1, 2, 0),
(744, 'ARITZA JOSELYN', 'ORTEGA', 'FRANCISCO', 24, 5, 2010, 1, 2, 0),
(745, 'AXEL EFRAÍN', 'MUÑOZ', 'JIMÉNEZ', 9, 6, 2000, 2, 2, 0),
(746, 'AXEL JESUALDO', 'CISNERO', 'GARFIAS', 29, 10, 2005, 2, 2, 0),
(747, 'AYMAR SARAI', 'MELO', 'GONZÁLEZ', 28, 12, 2007, 2, 2, 0),
(748, 'BELLA RUBÍ', 'MARCIAL', 'HUERTA', 26, 1, 2007, 1, 2, 0),
(749, 'BREEDY', 'HERNÁNDEZ', 'DÍAZ', 3, 7, 2005, 1, 2, 0),
(750, 'CARLOS DANIEL', 'GREGORIO', 'RAMOS', 30, 4, 2005, 2, 2, 0),
(751, 'CARLOS IGNACIO', 'VELASCO', 'RODRÍGUEZ', 11, 12, 2001, 2, 2, 0),
(752, 'DANA ELODAIN', 'GONZÁLEZ', 'RAMÍREZ', 24, 7, 2003, 1, 2, 0),
(753, 'DANA GISSELLE', 'RAMÍREZ', 'GUTIÉRREZ', 26, 4, 2009, 1, 2, 0),
(754, 'DANIEL', 'RAMÍREZ', 'COHETERO', 29, 8, 2004, 2, 2, 0),
(755, 'DANIEL', 'VEGA', 'CASTELÁN', 13, 1, 2006, 2, 2, 0),
(756, 'DIANA LAURA YURITZI', 'VARELA', 'ROSALES', 25, 9, 2000, 1, 2, 0),
(757, 'DIANA YAZMIN', 'REYES', 'VÁZQUEZ', 21, 8, 2004, 1, 2, 0),
(758, 'DIEGO MISAEL', 'ROMERO', 'TREJO', 26, 6, 2012, 2, 2, 0),
(759, 'DULCE KAROLINA', 'VELAZCO', 'AGUAS', 25, 3, 2001, 1, 2, 0),
(760, 'DULCE MAGALY', 'BÁEZ', 'MONDRAGÓN', 26, 11, 2000, 1, 2, 0),
(761, 'DULCE NATALY', 'MAISSON', 'CRUZ', 4, 10, 2007, 1, 2, 0),
(762, 'DULCE XIMENA', 'TREJO', 'DÍAZ', 16, 6, 2012, 1, 2, 0),
(763, 'EDUARDO YAIR', 'TREJO', 'DÍAZ', 28, 4, 2004, 2, 2, 0),
(764, 'ENRIQUE NATHANAEL', 'CRUZ', 'ORTEGA', 7, 9, 2009, 2, 2, 0),
(765, 'ERIKA DAILY', 'GARCÍA', 'MARTÍNEZ', 1, 5, 2008, 1, 2, 0),
(766, 'ERIKA JOSELINE', 'DÍAZ', 'GARCÍA', 13, 2, 2002, 1, 2, 0),
(767, 'ERNESTO DAVID', 'PALOMINO', 'RODRÍGUEZ', 6, 1, 2010, 2, 2, 0),
(768, 'ERVIN ANDRÉS', 'BENÍTEZ', 'VALENCIA', 28, 6, 2006, 2, 2, 0),
(769, 'ESAÚ JACOB', 'CORONADO', 'CASTELÁN', 26, 4, 2011, 2, 2, 0);
INSERT INTO `ninos` (`idninos`, `nombre`, `apat`, `amat`, `fNacDia`, `fNacMes`, `fNacAno`, `genero_idgenero`, `comedores_idcomedores`, `apadrinado`) VALUES
(770, 'EVANDER ENRIQUE', 'GARCÍA', 'MARTÍNEZ', 17, 11, 2012, 2, 2, 0),
(771, 'EVELIN LIZHET', 'CONTRERAS', 'MARCIAL', 26, 1, 2001, 1, 2, 0),
(772, 'EVELYN', 'PALOMINO', 'RODRÍGUEZ', 2, 9, 2012, 1, 2, 0),
(773, 'FÉNIX ALEXANDRO', 'PARACHE', 'SALAZAR', 23, 5, 2013, 2, 2, 0),
(774, 'FERNANDO VALDEMAR', 'RAMÍREZ', 'GARCÍA', 4, 11, 2006, 2, 2, 0),
(775, 'GÉNESIS', 'GONZÁLEZ', 'RAMÍREZ', 6, 2, 2013, 1, 2, 0),
(776, 'GÉNESIS JAZIEL', 'GARCÍA', 'ESPINOZA', 24, 12, 2013, 1, 2, 0),
(777, 'GIOVANI JESÚS', 'BENÍTEZ', 'VALENCIA', 11, 6, 2008, 2, 2, 0),
(778, 'GUADALUPE ANEL', 'MORALES', 'GARCÍA', 8, 5, 2011, 2, 2, 0),
(779, 'HANNA CELESTE', 'GARCÍA', 'ESPINOZA', 30, 5, 2011, 1, 2, 0),
(780, 'HÉCTOR DANIEL', 'RAMÍREZ', 'GÓMEZ', 18, 10, 2012, 2, 2, 0),
(781, 'HOLLI ITZAYANA', 'COLULA', 'GAONA', 23, 1, 2013, 1, 2, 0),
(782, 'ISAAC DAVID', 'ROMÁN', 'VÁZQUEZ', 21, 7, 2001, 2, 2, 0),
(783, 'ISMAEL', 'DÍAZ', 'GARCÍA', 11, 11, 2004, 2, 2, 0),
(784, 'ISMAEL ROMÁN', 'ORTIZ', 'GARDUÑO', 6, 7, 2011, 2, 2, 0),
(785, 'ISRAEL', 'CRUZ', 'ORTEGA', 25, 8, 2003, 2, 2, 0),
(786, 'JADAHI', 'MOLINA', 'ESPINOZA', 6, 6, 2008, 1, 2, 0),
(787, 'JAIRO NOÉ', 'VELAZCO', 'AGUAS', 30, 10, 1999, 2, 2, 0),
(788, 'JANETH JOLOTZIN', 'CISNEROS', 'GARFIAS', 24, 5, 2007, 1, 2, 0),
(789, 'JARED', 'COLULA', 'MOREL', 9, 8, 2003, 2, 2, 0),
(790, 'JAVIER ALEXANDER', 'RAZO', 'MORALES', 28, 9, 2007, 2, 2, 0),
(791, 'JESSICA ABIGAIL', 'GONZÁLEZ', 'MENDOZA', 3, 4, 2013, 1, 2, 0),
(792, 'JESÚS DAVID', 'RAMÍREZ', 'GÓMEZ', 8, 1, 2002, 2, 2, 0),
(793, 'JESÚS', 'VÁZQUEZ', 'HERNÁNDEZ', 8, 7, 2007, 2, 2, 0),
(794, 'JIMENA', 'POZOS', 'CARRISOSA', 4, 10, 2008, 1, 2, 0),
(795, 'JOAQUÍN', 'SÁNCHEZ', 'ORTEGA', 15, 3, 2005, 2, 2, 0),
(796, 'JOCSAN', 'GARCÍA', 'HERNÁNDEZ', 31, 3, 2010, 2, 2, 0),
(797, 'JOEL', 'GARCÍA', 'HERNÁNDEZ', 25, 7, 2008, 2, 2, 0),
(798, 'JOHAN JAFET', 'FLORES', 'PARIENTE', 25, 11, 2012, 2, 2, 0),
(799, 'JONATHAN EZEQUIEL', 'DÁVIL', 'ROMANO', 23, 10, 2014, 2, 2, 0),
(800, 'JORGE ADRIAN', 'QUISEHUATL', 'BAUTISTA', 23, 12, 2003, 2, 2, 0),
(801, 'JOSÉ MANUEL', 'BALBUENA', 'GONZÁLEZ', 3, 12, 2009, 2, 2, 0),
(802, 'JOSÉ VICENTE', 'CARMONA', 'SÁNCHEZ', 14, 2, 2001, 2, 2, 0),
(803, 'JOSEFINA', 'RAMÍREZ', 'ROMANO', 2, 11, 1999, 1, 2, 0),
(804, 'JOVVANI', 'BALLÓN', 'GARCÍA', 9, 7, 1999, 2, 2, 0),
(805, 'JUDITH DAILYNN ALEXIA', 'CUEVAS', 'LÓPEZ', 17, 2, 2004, 1, 2, 0),
(806, 'JUDITH JACQUELINE', 'RAMÍREZ', 'GÓMEZ', 31, 10, 2008, 1, 2, 0),
(807, 'KARINA', 'PÉREZ', 'BAUTISTA', 1, 10, 2005, 1, 2, 0),
(808, 'KARLA ABIGAIL', 'DOMÍNGUEZ', 'GONZÁLEZ', 6, 9, 2011, 1, 2, 0),
(809, 'KARLA CITLALLI', 'MUÑOZ', 'JIMÉNEZ', 8, 8, 2007, 1, 2, 0),
(810, 'KARLA ESTEFANY', 'GÓMEZ', 'LAREDO', 14, 8, 2001, 1, 2, 0),
(811, 'KARLA YERALIN', 'RODRÍGUEZ', 'CARMONA', 9, 10, 2007, 1, 2, 0),
(812, 'KATHERIN PALOMINO VELÁZQUEZ', 'PALOMINO', 'VELÁZQUEZ', 16, 6, 2008, 1, 2, 0),
(813, 'KATY MAYTE GÓMEZ LAREDO', 'GÓMEZ', 'LAREDO', 27, 12, 2003, 1, 2, 0),
(814, 'KELY NATASHA CRUZ ESCAMILLA', 'CRUZ', 'ESCAMILLA', 31, 10, 2014, 1, 2, 0),
(815, 'KIMBERLY NATALIA CORTEZ ZEPEDA', 'CORTEZ', 'ZEPEDA', 8, 12, 2009, 1, 2, 0),
(816, 'KIMBERLYN GUADALUPE CONTRERAS MARCIAL', 'CONTRERAS', 'MARCIAL', 27, 2, 2005, 1, 2, 0),
(817, 'LAILA VERÓNICA RUPERTO MARTÍNEZ', 'RUPERTO', 'MARTÍNEZ', 24, 8, 2008, 1, 2, 0),
(818, 'LEONARDO VÁZQUEZ GONZÁLEZ', 'VÁZQUEZ', 'GONZÁLEZ', 27, 7, 2008, 2, 2, 0),
(819, 'LESLY JOCELYN DUQUE GONZÁLEZ', 'DUQUE', 'GONZÁLEZ', 29, 12, 2000, 1, 2, 0),
(820, 'LUIS ANTONIO CRUZ PÉREZ', 'CRUZ', 'PÉREZ', 14, 12, 2001, 2, 2, 0),
(821, 'MANUEL ALEJANDRO ZAVALA MENDOZA', 'ZAVALA', 'MENDOZA', 31, 12, 2005, 2, 2, 0),
(822, 'MARÍA DE LOS ÁNGELES GREGORIO RAMOS', 'GREGORIO', 'RAMOS', 26, 8, 2008, 1, 2, 0),
(823, 'MARÍA DEL CARMEN SÁNCHEZ ORTEGA', 'SÁNCHEZ', 'ORTEGA', 26, 4, 2003, 1, 2, 0),
(824, 'MARÍA ELENA GREGORIO RAMOS', 'GREGORIO', 'RAMOS', 26, 8, 2008, 1, 2, 0),
(825, 'MARÍA FERNANDA PARACHE SALAZAR', 'PARACHE', 'SALAZAR', 10, 10, 2011, 1, 2, 0),
(826, 'MARÍA XATZIRI VELASCO RODRÍGUEZ', 'VELASCO', 'RODRÍGUEZ', 7, 1, 2004, 1, 2, 0),
(827, 'MARIANA ALELY PALOMINO VELÁZQUEZ', 'PALOMINO', 'VELÁZQUEZ', 2, 11, 2009, 1, 2, 0),
(828, 'MARIANA RAMÍREZ LÓPEZ', 'RAMÍREZ', 'LÓPEZ', 23, 1, 2011, 1, 2, 0),
(829, 'MARIANA YUTZIRY SANTOS DE LA CRUZ', 'SANTOS', 'DE LA CRUZ', 17, 9, 2010, 1, 2, 0),
(830, 'MARIO ALBERTO MELO GONZÁLEZ', 'MELO', 'GONZÁLEZ', 5, 6, 2009, 2, 2, 0),
(831, 'MAYRA TOLENTINO MENDOZA', 'TOLENTINO', 'MENDOZA', 11, 1, 2004, 1, 2, 0),
(832, 'MELANIE CISNEROS GARFIAS', 'CISNEROS', 'GARFIAS', 11, 5, 2009, 1, 2, 0),
(833, 'MELANIE QUISEHUATL BAUTISTA', 'QUISEHUATL', 'BAUTISTA', 22, 1, 2014, 1, 2, 0),
(834, 'MICHELLE NALLELY DÍAS MARTÍNEZ', 'DÍAS', 'MARTÍNEZ', 19, 5, 2007, 1, 2, 0),
(835, 'MIGUEL ÁNGEL RAZO MORALES', 'RAZÓ', 'MORALES', 20, 11, 2002, 2, 2, 0),
(836, 'MIGUEL ESTEBAN MÁRQUEZ ONOFRE', 'MÁRQUEZ', 'ONOFRE', 29, 9, 2013, 2, 2, 0),
(837, 'MILTON MUÑOZ JIMÉNEZ', 'MUÑOZ', 'JIMÉNEZ', 28, 5, 2003, 2, 2, 0),
(838, 'NAIDELIN MORALES ESCAMILLA', 'MORALES', 'ESCAMILLA', 28, 5, 2002, 1, 2, 0),
(839, 'NALLELY JAQUELINE RAMÍREZ ROSALES', 'RAMÍREZ', 'ROSALES', 27, 5, 2007, 1, 2, 0),
(840, 'NANCI YAMILET TREJO DÍAZ', 'TREJO', 'DÍAZ', 19, 6, 2010, 1, 2, 0),
(841, 'NANCY GUADALUPE ORTIZ COHETERO', 'ORTIZ', 'COHETERO', 16, 7, 1999, 1, 2, 0),
(842, 'NATALI PALOMINO RODRÍGUEZ', 'PALOMINO', 'RODRÍGUEZ', 18, 5, 2014, 1, 2, 0),
(843, 'NATALIA ORTIZ COHETERO', 'ORTIZ', 'COHETERO', 12, 2, 2010, 1, 2, 0),
(844, 'NOÉ JOAQUÍN TREJO DÍAZ', 'TREJO', 'DÍAZ', 9, 10, 2005, 2, 2, 0),
(845, 'NOEMÍ VALENTINA CARRISOSA DELFINO', 'CARRISOSA', 'DELFINO', 2, 2, 2007, 1, 2, 0),
(846, 'OLIVER JESÚS MELO GONZÁLEZ', 'MELO', 'GONZÁLEZ', 3, 3, 2013, 2, 2, 0),
(847, 'OSCAR EDUARDO REYES VÁZQUEZ', 'REYES', 'VÁZQUEZ', 27, 9, 2006, 2, 2, 0),
(848, 'OSCAR RICARDO RAMÍREZ ROSALES', 'RAMÍREZ', 'ROSALES', 22, 7, 2005, 2, 2, 0),
(849, 'PAOLA ORTIZ COHETERO', 'ORTIZ', 'COHETERO', 21, 9, 2004, 1, 2, 0),
(850, 'PAOLA YURITZI ROMERO TREJO', 'ROMERO', 'TREJO', 20, 4, 2014, 1, 2, 0),
(851, 'PEDRO RAMÍREZ LÓPEZ', 'RAMÍREZ', 'LÓPEZ', 23, 12, 2013, 2, 2, 0),
(852, 'PERLA JOSELIN PARACHE BAUTISTA', 'PARACHE', 'BAUTISTA', 27, 9, 2002, 1, 2, 0),
(853, 'REGINA ESMERALDA GARCÍA ESPINOZA', 'GARCÍA', 'ESPINOZA', 11, 8, 2010, 1, 2, 1),
(854, 'REYVIN ALVERTO PIÑA FLORES', 'PIÑA', 'FLORES', 27, 6, 2006, 2, 2, 0),
(855, 'RICARDO GONZÁLEZ RAMÍREZ', 'GONZÁLEZ', 'RAMÍREZ', 25, 11, 2008, 2, 2, 0),
(856, 'ROBERTO JULIÁN ZAVALA MENDOZA', 'ZAVALA', 'MENDOZA', 28, 10, 2003, 2, 2, 0),
(857, 'SAMANTHA LUCIA ARMENTA LAREDO', 'ARMENTA', 'LAREDO', 12, 4, 2013, 1, 2, 0),
(858, 'SEBASTIÁN', 'PARACHE', 'SALAZAR', 19, 9, 2008, 2, 2, 0),
(859, 'SERGIO FRANCISCO', 'CARAPIA', 'MURGUÍA', 11, 7, 2011, 2, 2, 0),
(860, 'SOFÍA', 'RAMÍREZ', 'GUTIÉRREZ', 18, 8, 2005, 1, 2, 0),
(861, 'TERESA LISBETH', 'REYES', 'OLMEDO', 5, 8, 2005, 1, 2, 0),
(862, 'VALERIA', 'PÉREZ', 'BAUTISTA', 27, 6, 2014, 1, 2, 0),
(863, 'VERTIN', 'FLORES', 'PARIENTE', 19, 8, 2001, 2, 2, 0),
(864, 'VIANNEY', 'BÁEZ', 'MONDRAGÓN', 1, 5, 2005, 1, 2, 0),
(865, 'VÍCTOR MANUEL', 'PALOMINO', 'RODRÍGUEZ', 10, 3, 2008, 2, 2, 0),
(866, 'VÍCTOR', 'SÁNCHEZ', 'ORTEGA', 15, 3, 2007, 2, 2, 0),
(867, 'WENDY', 'MORALES', 'ESCAMILLA', 19, 2, 2000, 1, 2, 0),
(868, 'YAZMÍN', 'MAISSON', 'CRUZ', 20, 6, 2014, 1, 2, 0),
(869, 'YERLI', 'RAMÍREZ', 'GARCÍA', 20, 5, 2002, 1, 2, 0),
(870, 'YURITHZY FERNANDA', 'ORTEGA', 'FRANCISCO', 7, 6, 2011, 1, 2, 0),
(871, 'ABIGAIL SOLEDAD', 'FRIAS', 'DE LA ROSA', 18, 8, 2008, 1, 3, 0),
(872, 'ADILENE YULISBETH', 'REYES', 'DE JESÚS', 23, 9, 2009, 1, 3, 0),
(873, 'AIKO SAYURI', 'RANGEL', 'CELIS', 2, 10, 2004, 1, 3, 0),
(874, 'AKARI GUADALUPE', 'HERNÁNDEZ', 'RAMÍREZ', 29, 12, 2008, 1, 3, 0),
(875, 'ALEJANDRA JOSELINNE', 'GARCÍA', 'MARTÍNEZ', 18, 1, 2003, 1, 3, 0),
(876, 'ALFREDO', 'LÓPEZ', 'JIMÉNEZ', 11, 1, 2000, 2, 3, 0),
(877, 'ALISON YASARET', 'MARTÍNEZ', 'ROSAS', 15, 8, 2014, 2, 3, 0),
(878, 'ALMA CATALINA', 'ROSALES', 'FONSECA', 24, 3, 2004, 1, 3, 0),
(879, 'ANDRIK URIEL', 'RODRÍGUEZ', 'REYES', 27, 2, 2009, 2, 3, 0),
(880, 'ÁNGEL FRANCISCO', 'CASIANO', 'ZUÑIGA', 7, 11, 2002, 2, 3, 0),
(881, 'BELEN RÍOS HERNÁNDEZ', 'RÍOS', 'HERNÁNDEZ', 11, 5, 2006, 1, 3, 0),
(882, 'BRANDON EMIR', 'TORRES', 'ZAMUDIO', 15, 11, 2006, 2, 3, 0),
(883, 'BRITHISH AYELEN', 'RECILLAS', 'HERNÁNDEZ', 13, 2, 2009, 2, 3, 0),
(884, 'BRYAN ALEXANDER', 'AVELINO', 'SIERRA', 2, 9, 2011, 2, 3, 0),
(885, 'CARLOS DANIEL', 'FRÍAS', 'DE LA ROSA', 30, 8, 2005, 2, 3, 0),
(886, 'CARLOS EMILIO', 'JAIMES', 'PÉREZ', 20, 10, 2006, 2, 3, 0),
(887, 'CARLOS MANUEL', 'LEÓN', 'OSORIO', 4, 11, 2008, 2, 3, 0),
(888, 'CÉSAR ADÁN', 'MIRANDA', 'VALENCIA', 10, 12, 2001, 2, 3, 0),
(889, 'CÉSAR YHANDEL', 'ZARATE', 'TOMÁS', 5, 4, 2010, 2, 3, 0),
(890, 'CHRISTIAN YATZARETH', 'FLORES', 'MORENO', 18, 10, 1999, 2, 3, 0),
(891, 'CRISTIAN DAVID', 'MARTÍNEZ', 'HERNÁNDEZ', 11, 4, 2009, 2, 3, 0),
(892, 'CRYSTIAN', 'JAIMES', 'PÉREZ', 11, 2, 2005, 2, 3, 0),
(893, 'DAFNE JOCELYN', 'AVELINO', 'SIERRA', 7, 2, 2002, 1, 3, 0),
(894, 'DAFNE KARIME', 'RODRÍGUEZ', 'JIMÉNEZ', 19, 9, 2008, 1, 3, 0),
(895, 'DALIA JAZMÍN', 'MEZA', 'HERNÁNDEZ', 21, 12, 2001, 1, 3, 0),
(896, 'DANIELA ANANI', 'RODRÍGUEZ', 'REYES', 11, 8, 2007, 1, 3, 0),
(897, 'DAYANA GUADALUPE', 'VEGA', 'MINERO', 30, 8, 2006, 1, 3, 0),
(898, 'DILAN YAEL', 'PINO', 'JIMÉNEZ', 24, 10, 2013, 2, 3, 0),
(899, 'EDWIN ARMANDO', 'RAMOS', 'ZABALA', 26, 2, 2008, 2, 3, 0),
(900, 'EMMANUEL ELÍAS', 'HERNÁNDEZ', 'MARTÍNEZ', 4, 7, 2004, 2, 3, 0),
(901, 'ENOCH ISRAEL', 'RECILLAS', 'HERNÁNDEZ', 18, 6, 2007, 2, 3, 0),
(902, 'ERICK JOVANY', 'AVELINO', 'SIERRA', 23, 1, 2006, 2, 3, 0),
(903, 'ESMERALDA ABIGAIL', 'CRUZ', 'IRAZABA', 6, 9, 2011, 1, 3, 0),
(904, 'ESTELIOS', 'CRUZ', 'IRAZABA', 1, 11, 2000, 1, 3, 0),
(905, 'EVELYN', 'TORREZ', 'ZAMUDIO', 29, 7, 2001, 1, 3, 0),
(906, 'FRANCISCO JAVIER', 'ANTONIO', 'AGUAS', 9, 11, 2006, 2, 3, 0),
(907, 'FRIDA SOFIA', 'GONZÁLEZ', 'MARTÍNEZ', 16, 7, 2009, 1, 3, 0),
(908, 'GABRIEL ASAF', 'RODRÍGUEZ', 'JIMÉNEZ', 26, 10, 2002, 2, 3, 0),
(909, 'GADDIEL CALEB', 'CRUZ', 'IRAZABA', 22, 2, 2008, 2, 3, 0),
(910, 'GEOVANI JAZIEL', 'VELASCO', 'CRUZ', 26, 7, 2009, 2, 3, 0),
(911, 'GLORIA ELIZA', 'CRUZ', 'IRAZABA', 6, 9, 2011, 1, 3, 0),
(912, 'GUADALUPE GABRIELA', 'GONZÁLEZ', 'MIRÓN', 16, 10, 2003, 1, 3, 0),
(913, 'HABRAHAM OSVALDO', 'CRUZ', 'IRAZABA', 20, 4, 2005, 2, 3, 0),
(914, 'IKER ZADQUIEL', 'MAYA', 'RUBIO', 9, 3, 2011, 2, 3, 0),
(915, 'IRIEL ESTRELLA', 'MAYA', 'RUBIO', 23, 9, 2009, 2, 3, 0),
(916, 'ITZEL ALINE', 'CASIANO', 'ZUÑIGA', 26, 12, 2000, 1, 3, 0),
(917, 'JENIFER RUBÍ', 'ORTEGA', 'LARA', 22, 6, 2012, 1, 3, 0),
(918, 'JESÚS ANTONIO', 'MINERO', 'MARTÍNEZ', 17, 11, 2002, 2, 3, 0),
(919, 'JORDAN ZURIEL', 'MIRANDA', 'VALENCIA', 1, 10, 2007, 2, 3, 0),
(920, 'JOSÉ FABIÁN', 'ORDAZ', 'AGUIRRE', 20, 1, 2006, 2, 3, 0),
(921, 'JOSÉ FABRICIO', 'RICO', 'MINERO', 19, 4, 2006, 2, 3, 0),
(922, 'JOSHUA EMMANUEL', 'VELASCO', 'CRUZ', 31, 7, 2007, 2, 3, 0),
(923, 'JOSUE', 'ARGÜELLES', 'MORALES', 30, 10, 2010, 2, 3, 0),
(924, 'JOVANA', 'RANGEL', 'CELIS', 23, 9, 2010, 1, 3, 0),
(925, 'JUAN CARLOS', 'VEGA', 'MINERO', 5, 3, 2001, 2, 3, 0),
(926, 'JUAN JAIR', 'CASIANO', 'ZUÑIGA', 18, 2, 2005, 2, 3, 0),
(927, 'JUAN JOSÉ', 'PONCE', 'RAMOS', 28, 10, 2002, 2, 3, 0),
(928, 'KAORY TERESA', 'AGUIRRE', 'ROJO', 20, 7, 2012, 1, 3, 0),
(929, 'KARLA EDITH', 'AVELINO', 'SIERRA', 1, 2, 2001, 1, 3, 0),
(930, 'KENIA RUBI', 'ORDAZ', 'AGUIRRE', 28, 2, 2004, 1, 3, 0),
(931, 'KEVIN ALEJANDRO', 'LEÓN', 'OSORIO', 11, 5, 2010, 2, 3, 0),
(932, 'KEVIN BERNARDO', 'AGUIRRE', 'ROJO', 7, 11, 2002, 2, 3, 0),
(933, 'KEVIN', 'LÓPEZ', 'FONSECA', 10, 2, 2014, 2, 3, 0),
(934, 'KEVIN UCIEL', 'VELASCO', 'VELASCO', 25, 8, 2002, 2, 3, 0),
(935, 'KIMBERLY ALEXA', 'MARTÍNEZ', 'MARTÍNEZ', 4, 6, 2014, 1, 3, 0),
(936, 'LAURA JOSEFINA', 'GONZÁLEZ', 'GONZÁLEZ', 28, 2, 2014, 1, 3, 0),
(937, 'LEIDI', 'RAMOS', 'VÁZQUEZ', 17, 4, 2000, 1, 3, 0),
(938, 'LESLY DILECK', 'MARTÍNEZ', 'GUZMÁN', 21, 4, 2011, 1, 3, 0),
(939, 'LESLY GUADALUPE', 'GONZÁLEZ', 'MARTÍNEZ', 6, 6, 2011, 1, 3, 0),
(940, 'LLUVIA VALERIA', 'ZARAGOZA', 'CRUZ', 7, 10, 2011, 1, 3, 0),
(941, 'LUZ MARÍA', 'GABINO', 'GÓMEZ', 3, 6, 2013, 1, 3, 0),
(942, 'MARLON JAEL', 'MIRANDA', 'VALENCIA', 2, 3, 2005, 2, 3, 0),
(943, 'MARTÍN CRUZ', 'CRUZ', 'IRAZABA', 28, 10, 1999, 2, 3, 0),
(944, 'MARTÍN ISAAC', 'CASIANO', 'ZUÑIGA', 28, 9, 2006, 2, 3, 0),
(945, 'MIGUEL ÁNGEL', 'RUIZ', 'RAMOS', 1, 7, 2007, 2, 3, 0),
(946, 'MIGUEL ÁNGEL', 'VEGA', 'MINERO', 22, 12, 2002, 2, 3, 0),
(947, 'MONTSERRAT', 'JAIMES', 'PÉREZ', 28, 3, 2004, 1, 3, 0),
(948, 'NAHOMY YAMILETH', 'GARCÍA', 'HERNÁNDEZ', 26, 3, 2014, 1, 3, 0),
(949, 'NAOMY', 'PINO', 'JIMÉNEZ', 18, 9, 2011, 1, 3, 0),
(950, 'NATANAEL', 'MAYA', 'RUBIO', 21, 12, 2014, 1, 3, 0),
(951, 'OSCAR', 'AGUILAR', 'MORALES', 18, 7, 2008, 2, 3, 0),
(952, 'PATRICIA PAOLA', 'RODRÍGUEZ', 'REYES', 26, 3, 2010, 1, 3, 0),
(953, 'ROCÍO BERENICE', 'MARTÍNEZ', 'HERNÁNDEZ', 25, 2, 2003, 1, 3, 0),
(954, 'RODRIGO', 'ROSALES', 'FONSECA', 6, 1, 2009, 2, 3, 0),
(955, 'ROSA ISABEL', 'NIÑO', 'ANTONIO', 3, 8, 2008, 1, 3, 0),
(956, 'RUBÉN TADEO', 'HERNÁNDEZ', 'RAMÍREZ', 25, 2, 2014, 2, 3, 0),
(957, 'RUBÉN', 'ZARATE', 'TOMÁS', 22, 2, 2002, 2, 3, 0),
(958, 'SAIRA TERESA', 'CASIANO', 'ZUÑIGA', 13, 7, 2014, 1, 3, 0),
(959, 'SANTIAGO ZAID', 'MARTÍNEZ', 'CORTÉS', 17, 3, 2013, 2, 3, 0),
(960, 'SURIAN ITZEL', 'RAMOS', 'ZABALA', 27, 12, 2009, 1, 3, 0),
(961, 'WENDY VALENTINA', 'GONZÁLEZ', 'ROJAS', 14, 2, 2001, 1, 3, 0),
(962, 'XAVIER ALEJANDRO', 'CUEVAS', 'MARTÍNEZ', 8, 6, 2010, 2, 3, 0),
(963, 'XIMENA', 'NIÑO', 'ANTONIO', 15, 9, 2010, 1, 3, 0),
(964, 'YEIMI CONSEPCIÓN', 'ROCANDIO', 'ROCANDIO', 2, 5, 2004, 1, 3, 0),
(965, 'YOSSELIN', 'GABINO', 'DE LA CRUZ', 29, 8, 2013, 1, 3, 1),
(966, 'ADRIAN', 'OLIVARES', 'GÓMEZ', 3, 5, 2006, 2, 4, 0),
(967, 'AIXEL GUADALUPE', 'GONZÁLEZ', 'ROMERO', 26, 9, 2001, 2, 4, 0),
(968, 'ALAN', 'CUBA', 'SANDOVAL*', 19, 8, 2009, 2, 4, 0),
(969, 'ALAN ISAAC', 'LÓPEZ', 'RIVAS', 10, 5, 2008, 2, 4, 0),
(970, 'ALEXIS', 'GARCÍA', 'HERNÁNDEZ', 19, 3, 2004, 2, 4, 0),
(971, 'ALEXIS YAHIR', 'CONTRERAS', 'BALDERAS', 25, 11, 2006, 2, 4, 0),
(972, 'AMILY NOHEMI', 'LÓPEZ', 'RIVAS', 5, 4, 2007, 1, 4, 0),
(973, 'ANA CRISTAL', 'VALERA', 'HERNÁNDEZ', 21, 1, 2010, 1, 4, 0),
(974, 'ANDREA', 'CRUZ', 'JIMÉNEZ', 1, 7, 2013, 1, 4, 0),
(975, 'ANDRÉS', 'GONZÁLEZ', 'GARRIDO', 14, 10, 2009, 2, 4, 0),
(976, 'ÁNGEL EDUARDO', 'SEGURA', 'COLÍN', 13, 8, 2002, 2, 4, 0),
(977, 'ÁNGEL GABRIEL', 'XOCHITL', 'HERRERA', 1, 12, 2009, 2, 4, 0),
(978, 'ARI LESLY', 'RODRÍGUEZ', 'BALDERAS', 11, 6, 2008, 1, 4, 0),
(979, 'ARIEL ISAÍAS', 'GARCÍA', 'HERNÁNDEZ', 6, 6, 2013, 2, 4, 0),
(980, 'ASHLY YAMILETH', 'MARTÍNEZ', 'BANDA*', 29, 11, 2011, 1, 4, 0),
(981, 'AXEL', 'BANDA', 'BANDA*', 25, 6, 2004, 2, 4, 0),
(982, 'AXEL SEBASTIÁN', 'LÓPEZ', 'SANDOVAL', 28, 6, 2010, 2, 4, 0),
(983, 'AXEL TADEO', 'SÁNCHEZ', 'TORRES', 4, 10, 2010, 2, 4, 0),
(984, 'AYLIN', 'CORDERO', 'HERRERA', 2, 12, 2005, 1, 4, 0),
(985, 'BAIRON YAIR', 'CASTILLO', 'HERNÁNDEZ', 25, 10, 2009, 2, 4, 0),
(986, 'BRAYAN FRANCISCO', 'GARCÍA', 'GARCÍA', 11, 1, 2008, 2, 4, 0),
(987, 'BRENDA', 'GARCÍA', 'HERNÁNDEZ', 8, 2, 2003, 1, 4, 0),
(988, 'BRIAN', 'HERNÁNDEZ', 'CASTILLO', 23, 11, 2007, 2, 4, 0),
(989, 'CARLOS ALEXIS', 'ALCÁNTARA', 'ESCOBAR', 10, 9, 2004, 2, 4, 0),
(990, 'CARLOS EDUARDO', 'RIVERA', 'VÁZQUEZ', 3, 1, 2013, 2, 4, 0),
(991, 'CARLOS MANUEL', 'MACÍAS', 'HERNÁNDEZ', 9, 6, 2010, 2, 4, 0),
(992, 'CARLOS MAURICIO', 'HERNÁNDEZ', 'GARCÍA', 31, 1, 2013, 2, 4, 0),
(993, 'CARLY ANGÉLICA', 'GONZÁLEZ', 'VILCHIS', 8, 10, 2009, 1, 4, 0),
(994, 'CARMEN ERANDI', 'RODRÍGUEZ', 'TIRADO*', 4, 11, 2013, 1, 4, 0),
(995, 'CÉSAR OSVALDO', 'LÓPEZ', 'SANDOVAL', 23, 6, 2012, 2, 4, 0),
(996, 'CRISTHIAN JESÚS', 'RETANA', 'SÁNCHEZ', 22, 4, 2011, 2, 4, 0),
(997, 'DANA PAOLA', 'CRUZ', 'FLORES', 10, 10, 2002, 1, 4, 0),
(998, 'DANIEL ALI', 'GARCÍA', 'HERNÁNDEZ', 25, 5, 2009, 1, 4, 0),
(999, 'DANIELA BRIDGET', 'RAMÍREZ', 'MATÍAS', 7, 10, 2012, 1, 4, 0),
(1000, 'DANIELA', 'HERNÁNDEZ', 'GALICIA', 15, 9, 2005, 1, 4, 0),
(1001, 'DANNA PAOLA', 'SANDOVAL', 'CASTILLO', 21, 8, 2006, 1, 4, 0),
(1002, 'DERECK GEOVANNY', 'HERNÁNDEZ', 'VERGARA', 3, 8, 2007, 2, 4, 0),
(1003, 'DIANA SARAHÍ', 'RETANA', 'SÁNCHEZ', 1, 11, 2009, 1, 4, 0),
(1004, 'DORIAN GABRIEL', 'GONZÁLEZ', 'GONZAGA', 4, 4, 2014, 2, 4, 0),
(1005, 'DULCE ARIANNA', 'SÁNCHEZ', 'TORRES', 15, 7, 2009, 1, 4, 0),
(1006, 'DULCE NOEMI', 'GARCÍA', 'HERNÁNDEZ', 10, 3, 2011, 1, 4, 0),
(1007, 'DUSTIN IVAN', 'ROMERO', 'HERNÁNDEZ', 29, 5, 2006, 2, 4, 0),
(1008, 'DYLAN', 'CORDERO', 'HERRERA', 21, 11, 2011, 2, 4, 0),
(1009, 'DYLAN', 'QUEZADA', 'LECHUGA', 19, 10, 2006, 2, 4, 0),
(1010, 'EDWIN AXEL', 'RAMÍREZ', 'ROJAS', 16, 2, 2004, 2, 4, 0),
(1011, 'ELISA BERENICE', 'GONZÁLEZ', 'VILCHIS', 26, 10, 2002, 1, 4, 0),
(1012, 'ERICK GEOVANI', 'VÁZQUEZ', 'OLVERA', 12, 1, 2011, 2, 4, 0),
(1013, 'ERIK', 'GONZÁLEZ', 'GARRIDO', 18, 5, 2011, 2, 4, 0),
(1014, 'ESTEFANI GUADALUPE', 'MONDRAGÓN', 'CATALÁN', 5, 8, 1992, 1, 4, 0),
(1015, 'ESTEFANI', 'SÁNCHEZ', 'VALENCIA', 14, 8, 2010, 1, 4, 0),
(1016, 'JESÚS FRANCISCO', 'DE LA CRUZ', 'HERNÁNDEZ', 25, 12, 1991, 2, 4, 0),
(1017, 'JOAHANA ESTEFANI', 'LICONA', 'LARA', 30, 12, 2010, 2, 4, 0),
(1018, 'JOAQUÍN', 'CRUZ', 'FLORES', 10, 5, 2004, 2, 4, 0),
(1019, 'JONATHAN DAVID', 'PÉREZ', 'ACEVEDO', 5, 11, 2003, 2, 4, 0),
(1020, 'JONATHAN ULISES', 'MARTÍNEZ', 'MARTÍNEZ', 2, 10, 2012, 2, 4, 0),
(1021, 'JOSÉ LUIS', 'XOCHITL', 'HERRERA', 7, 2, 2006, 2, 4, 0),
(1022, 'JOSÉ SAMUEL', 'SARABIA', 'CURIEL', 10, 8, 2014, 2, 4, 0),
(1023, 'JOSSELYN', 'GARCÍA', 'HERNÁNDEZ', 8, 11, 2004, 1, 4, 0),
(1024, 'JUAN CARLOS', 'FRAGA', 'MORENO', 1, 12, 2009, 2, 4, 0),
(1025, 'JUAN CARLOS', 'PASTOR', 'BAUTISTA', 6, 11, 2001, 2, 4, 0),
(1026, 'JUAN PABLO', 'SÁNCHEZ', 'VALENCIA', 19, 6, 2008, 2, 4, 0),
(1027, 'JULIO CÉSAR', 'OLIVARES', 'TORRES', 29, 7, 2002, 2, 4, 0),
(1028, 'JULIO ISRAEL', 'PASTOR', 'DE LA CRUZ', 21, 10, 2002, 2, 4, 0),
(1029, 'KAREN PAMELA', 'MONDRAGÓN', 'CATALÁN', 19, 10, 1997, 1, 4, 0),
(1030, 'KARLA ARELI', 'GAYTÁN', 'GARCÍA', 13, 7, 2001, 1, 4, 0),
(1031, 'KARLA ELIZABETH', 'DE LA CRUZ', 'FRÍAS', 24, 9, 2000, 1, 4, 0),
(1032, 'KARLA GUADALUPE', 'PASTOR', 'MORALES', 30, 6, 2004, 1, 4, 0),
(1033, 'KATHERINE YAZMÍN', 'MACÍAS', 'HERNÁNDEZ', 22, 8, 2008, 1, 4, 0),
(1034, 'KEVIN SANTIAGO', 'SANTIAGO', 'MEJÍA', 26, 4, 2009, 2, 4, 0),
(1035, 'KIMBERLY MARÍA EUGENIA', 'MARTÍNEZ', 'BANDA*', 14, 1, 2014, 1, 4, 0),
(1036, 'LEONARDO ISMAEL', 'PÉREZ', 'ACEVEDO', 3, 12, 2013, 2, 4, 0),
(1037, 'LESLY ESMERALDA', 'GARDUÑO', 'VÁZQUEZ', 19, 2, 2012, 1, 4, 0),
(1038, 'LIZETH AMAIRANY', 'RETANA', 'SÀNCHEZ', 1, 6, 2014, 1, 4, 0),
(1039, 'LUIS BENJAMÍN', 'GONZÁLEZ', 'VILCHIS', 9, 6, 2005, 2, 4, 0),
(1040, 'LUIS OMAR', 'SANTIAGO', 'MEJÍA', 20, 7, 2010, 2, 4, 0),
(1041, 'LUZ ANDREA', 'CONTRERAS', 'BALDERAS', 21, 12, 2007, 1, 4, 0),
(1042, 'LUZ ELENA', 'QUIROZ', 'CRUZ', 3, 1, 2004, 1, 4, 0),
(1043, 'MARA ALIN', 'GONZÁLEZ', 'ROMERO', 25, 8, 2003, 1, 4, 0),
(1044, 'MARCOS', 'COLÍN', 'SÁNCHEZ', 26, 1, 2003, 2, 4, 0),
(1045, 'MARCOS OSWALDO', 'SÁNCHEZ', 'GUTIÉRREZ', 25, 4, 2003, 2, 4, 0),
(1046, 'MARÍA DE LOS ÁNGELES', 'HERNÁNDEZ', 'SOTO', 21, 12, 2006, 1, 4, 0),
(1047, 'MARÍA DE LOS ÁNGELES', 'SANDOVAL', 'CASTILLO', 26, 7, 2008, 1, 4, 0),
(1048, 'MARÍA FERNANDA', 'LEÓN', 'LECHUGA', 10, 1, 2006, 1, 4, 0),
(1049, 'MARÍA FERNANDA', 'LÓPEZ', 'SANDOVAL', 24, 11, 2008, 1, 4, 0),
(1050, 'MARÍA FERNANDA', 'MACÍAS', 'HERNÁNDEZ', 30, 5, 2004, 1, 4, 0),
(1051, 'MARÍA FERNANDA', 'REYES', 'FRANCISCO', 24, 3, 2005, 1, 4, 0),
(1052, 'MARÍA JOSÉ', 'CRUZ', 'JIMÉNEZ', 3, 11, 2011, 1, 4, 0),
(1053, 'MARÍA JOSÉ', 'RODRÍGUEZ', 'TIRADO*', 5, 4, 2006, 1, 4, 0),
(1054, 'MAXIMILIANO', 'XOCHITL', 'HERRERA', 30, 7, 2014, 2, 4, 0),
(1055, 'MAYTE', 'GONZÁLEZ', 'ROMERO', 4, 9, 2007, 1, 4, 0),
(1056, 'MELISSA', 'OLIVARES', 'TORRES', 3, 8, 2005, 1, 4, 0),
(1057, 'METZYN KASANDRA', 'ROJAS', 'SARABIA', 15, 6, 2000, 1, 4, 0),
(1058, 'MICHELLE GUADALUPE', 'GONZÁLEZ', 'MARTÍNEZ', 16, 1, 2003, 1, 4, 0),
(1059, 'MICHELLE XOCHITL', 'XOCHITL', 'HERRERA', 3, 11, 2010, 1, 4, 0),
(1060, 'MIRIAM ADZIRI', 'CASTILLO', 'CASTAÑEDA', 1, 10, 2009, 1, 4, 0),
(1061, 'MISAEL ALBERTO', 'RIVERA', 'VÁZQUEZ', 16, 12, 2004, 2, 4, 0),
(1062, 'MOISÉS JESÚS', 'VALERA', 'HERNÁNDEZ', 23, 8, 2014, 2, 4, 0),
(1063, 'MONTSERRAT GUADALUPE', 'GONZÁLEZ', 'VILCHIS', 9, 3, 2004, 1, 4, 0),
(1064, 'NATALIA', 'DÍAZ', 'GARCÍA', 25, 8, 2010, 1, 4, 0),
(1065, 'NATALIA', 'OLIVARES', 'TORRES', 6, 2, 2011, 1, 4, 0),
(1066, 'NATALY', 'BANDA', 'BANDA*', 14, 7, 2003, 1, 4, 0),
(1067, 'NOHEMÍ', 'RAMÍREZ', 'ROJAS', 27, 5, 2005, 1, 4, 0),
(1068, 'OSCAR ALEXIS', 'GONZÁLEZ', 'LÓPEZ', 2, 1, 2002, 2, 4, 0),
(1069, 'OSCAR ARMANDO', 'MARTÍN', 'LÓPEZ', 25, 12, 2012, 2, 4, 0),
(1070, 'OSCAR', 'LÓPEZ', 'SANDOVAL', 24, 11, 2005, 2, 4, 0),
(1071, 'OSCAR', 'NOGUEZ', 'VICTORIA', 25, 7, 2001, 2, 4, 1),
(1072, 'PABLO', 'XOCHITL', 'HERRERA', 23, 9, 2003, 2, 4, 0),
(1073, 'PAOLA', 'OLIVARES', 'GÓMEZ', 31, 8, 2004, 1, 4, 0),
(1074, 'RAMSES DE JESÚS', 'HERNÁNDEZ', 'CASTRO', 22, 5, 2010, 2, 4, 0),
(1075, 'RICARDO DANIEL', 'SÁNCHEZ', 'GUTIÉRREZ', 12, 1, 2006, 2, 4, 0),
(1076, 'RICARDO', 'HERNÁNDEZ', 'GALICIA', 29, 12, 2008, 2, 4, 0),
(1077, 'SAMANTHA JOSELIN', 'VÁZQUEZ', 'OLVERA', 1, 3, 2009, 1, 4, 0),
(1078, 'SAMANTHA YURICO', 'TABOADA', 'CÁRDENAS', 4, 3, 2011, 1, 4, 0),
(1079, 'SAMUEL HABACUC', 'RETANA', 'SÀNCHEZ', 30, 12, 2006, 2, 4, 0),
(1080, 'SERGIO', 'REYES', 'FRANCISCO', 29, 11, 2011, 2, 4, 0),
(1081, 'SHERLIN GUADALUPE', 'MARTÍNEZ', 'BANDA*', 29, 10, 2010, 1, 4, 0),
(1082, 'SOFÍA', 'CORDERO', 'HERRERA', 16, 9, 2009, 1, 4, 0),
(1083, 'SOFÍA ESTEFANIA', 'PÉREZ', 'ACEVEDO', 23, 2, 2008, 1, 4, 0),
(1084, 'SOFÍA MITZOY', 'MALDONADO', 'SARABIA', 5, 6, 2014, 1, 4, 0),
(1085, 'STEPHANIE LILIANA', 'GAYTÁN', 'GARCÍA', 7, 12, 2015, 1, 4, 0),
(1086, 'TADEO', 'CRUZ', 'GARCÍA', 14, 5, 2014, 2, 4, 0),
(1087, 'TONATY EMANUEL', 'ROJAS', 'SARABIA', 24, 1, 2004, 2, 4, 0),
(1088, 'VALERIA', 'RODRÍGUEZ', 'RAMÍREZ*', 17, 12, 2007, 1, 4, 0),
(1089, 'VALERIA ZOÉ', 'LEÓN', 'RODRÍGUEZ', 13, 2, 2012, 1, 4, 0),
(1090, 'VANESSA DENISE', 'HERNÁNDEZ', 'GARCÍA', 7, 1, 2012, 1, 4, 0),
(1091, 'VANESSA', 'QUEZADA', 'LECHUGA', 6, 5, 2008, 1, 4, 0),
(1092, 'VICTOR MANUEL', 'SANTIAGO', 'MEJÍA', 29, 4, 2003, 2, 4, 0),
(1093, 'WENDOLYN MIRIAN', 'VALERA', 'HERNÁNDEZ', 5, 4, 2012, 1, 4, 0),
(1094, 'WENDY NAHOMI', 'SÁNCHEZ', 'TORRES', 16, 8, 2005, 1, 4, 0),
(1095, 'WENDY SAYURI', 'CÁRDENAS', 'SÁNCHEZ', 7, 2, 2013, 1, 4, 0),
(1096, 'ZOE YAMILÉ', 'JARAMILLO', 'OLVERA', 5, 3, 2014, 1, 4, 0),
(1097, 'ABEL ANTONIO', 'ALEMAN', 'DELGADO', 9, 3, 2002, 2, 5, 0),
(1098, 'ABRAHAM ALEJANDRO', 'HERNANDEZ', 'MARTINEZ', NULL, NULL, NULL, 2, 5, 0),
(1099, 'ADRIAN', 'GARZA', '', NULL, NULL, NULL, 2, 5, 0),
(1100, 'AIDA', 'QUERUBIN', 'OVIEDO', NULL, NULL, NULL, 2, 5, 0),
(1101, 'AIDÉ JAZIMÍN', 'MORA', 'RICO', 21, 6, 2013, 1, 5, 0),
(1102, 'AISSE NICOLE', 'OVIEDO', 'GUTIÉRREZ', NULL, NULL, NULL, 1, 5, 0),
(1103, 'AITALA GEORGINA', 'MERNDOZA', 'HERNÁNDEZ', NULL, NULL, NULL, 1, 5, 0),
(1104, 'ALDO', 'VAZQUEZ', 'SANCHEZ', 9, 5, 2007, 2, 5, 0),
(1105, 'ALEX GIOVANI', 'CRUZ', 'FLORES', 10, 10, 2013, 2, 5, 0),
(1106, 'ALEXA GABRIELA', 'AVALOS', 'MARTÍNEZ', NULL, NULL, NULL, 1, 5, 0),
(1107, 'ALFREDO', 'CRUZ', 'MAYORGA', 28, 5, 2008, 2, 5, 0),
(1108, 'ALLINE KRISTELLE', 'ANTONIO', 'ANTONIO', 4, 11, 2010, 1, 5, 0),
(1109, 'ALONDRA YOSELIN', 'HERNÁNDEZ', 'JASSO', 30, 11, 2011, 1, 5, 0),
(1110, 'ALONSO MANUEL', 'REYES', 'MARTÍNEZ', 23, 5, 2001, 2, 5, 0),
(1111, 'AMERICA DANIELA', 'ALVARES', 'ONTIVEROS', 4, 8, 2008, 1, 5, 0),
(1112, 'AMÉRICA JAZMÍN', 'GÁMEZ', 'ZAPATA', 26, 11, 2008, 1, 5, 0),
(1113, 'ANA GABRIELA', 'ORTÍZ', 'AMADOR*', 21, 1, 2000, 1, 5, 0),
(1114, 'ANA LAURA', 'ODILON', 'HERNÁNDEZ', 23, 10, 2011, 1, 5, 0),
(1115, 'ANDREA OSMARY', 'HERNANDEZ', 'JASSO', 24, 12, 2007, 1, 5, 0),
(1116, 'ANGEL BENYESP', 'SANCHEZ', 'RENTERIA', 9, 4, 2003, 1, 5, 0),
(1117, 'ANGEL DANIEL', 'MARTÍNEZ', 'ESTRADA', NULL, NULL, NULL, 2, 5, 0),
(1118, 'ANGEL EDUARDO', 'BAUTISTA', 'MENDOZA', 17, 4, 2014, 2, 5, 0),
(1119, 'ANGEL', 'ENRIQUEZ', 'BOLIVAR', NULL, NULL, NULL, 2, 5, 0),
(1120, 'ANGEL FRANCISCO', 'MARTÍNEZ', 'GENERA', 13, 9, 2014, 2, 5, 0),
(1121, 'ÁNGEL GERARDO', 'GONZÁLEZ', 'MARTÍNEZ', 12, 9, 2003, 2, 5, 0),
(1122, 'ÁNGEL GUSTAVO', 'AMARO', 'DELGADO', 19, 8, 2006, 2, 5, 0),
(1123, 'ÁNGEL JAHIR', 'BARRIOS', 'GONZÁLEZ', 3, 11, 2011, 2, 5, 0),
(1124, 'ANGEL RICARDO', 'FRANCISCO', 'HERNANDEZ', 5, 12, 2008, 2, 5, 0),
(1125, 'ÁNGEL YAHIR', 'MORENO', 'SAENZ', NULL, NULL, NULL, 2, 5, 0),
(1126, 'ANGELA SOLACH', 'PERALES', 'CHAVEZ', NULL, NULL, NULL, 1, 5, 0),
(1127, 'ÁNGELES YARELI', 'MARTÍNEZ', 'ACOSTA', 28, 5, 2004, 1, 5, 0),
(1128, 'ANGELES YARETZI', 'HERNANDEZ', 'MARTINEZ', NULL, NULL, NULL, 1, 5, 0),
(1129, 'ANICETO', 'LUGO', 'MORALES', NULL, NULL, NULL, 2, 5, 0),
(1130, 'ANTONIA', 'HERNANDEZ', 'GONZALES', 14, 1, 2004, 1, 5, 0),
(1131, 'ARICHE GUADALUPE', 'OVIEDO', 'GUTIÉRREZ', NULL, NULL, NULL, 2, 5, 0),
(1132, 'ARON ALEJANDRO', 'LÓPEZ', 'CADENA', 23, 5, 2012, 2, 5, 0),
(1133, 'AXEL JOSUÉ', 'HERNÁNDEZ', 'JASSO', 13, 5, 2014, 2, 5, 0),
(1134, 'AYDAN EMILIANO', 'ÁVILA', 'FLORES', NULL, NULL, NULL, 2, 5, 0),
(1135, 'AYDE YOLANDA', 'MUÑOZ', 'ZUÑIGA', 12, 7, 2021, 1, 5, 0),
(1136, 'BRADLEY', 'HERNÁNDEZ', 'CONTRERAS', NULL, NULL, NULL, 2, 5, 0),
(1137, 'BRAYAN GUADALUPE', 'GIMENEZ', 'VEGA', 25, 3, 2004, 2, 5, 0),
(1138, 'BRIANA GUADALUPE', 'GUTIÉRREZ', 'GUERRA', 8, 4, 2009, 1, 5, 0),
(1139, 'BRISEIDY ALEJANDRA', 'FABIAN', 'SANTOS', 18, 5, 2003, 1, 5, 0),
(1140, 'BRITTANY ZELENNY', 'ROMERO', 'SAUCEDA', 31, 1, 2008, 1, 5, 0),
(1141, 'BRUNO ALEXIS', 'DIAZ', 'REZA', 6, 10, 2008, 2, 5, 0),
(1142, 'CAMILA MAYTE', 'CHANTACA', 'AGUAYO', 5, 6, 2010, 1, 5, 0),
(1143, 'CARLOS ALBERTO', 'RAMOS', 'AQUINO', 26, 1, 2011, 2, 5, 0),
(1144, 'CARLOS DANIEL', 'RUIZ', 'RANGEL', NULL, NULL, NULL, 2, 5, 0),
(1145, 'CARLOS GREGORIO', 'MUÑOZ', 'ZUÑIGA', 21, 7, 2012, 2, 5, 0),
(1146, 'CARLOS JULIÁN', 'HERNÁNDEZ', 'ESPINOSA', 28, 1, 2005, 2, 5, 0),
(1147, 'CESAR', 'MALDONADO', 'CRUZ', 24, 5, 2008, 2, 5, 0),
(1148, 'CINTHYA', 'SAAVEDRA', 'RICO', 7, 6, 2001, 1, 5, 0),
(1149, 'CITLALY YAMILETH', 'RINCÓN', 'DELGADO', 12, 6, 2014, 1, 5, 0),
(1150, 'CLAUDIA NAYELI', 'MARTÍNEZ', 'ESTRADA', NULL, NULL, NULL, 1, 5, 0),
(1151, 'CRISTAL GUADALUPE', 'REYNA', 'VELA', 23, 11, 2003, 1, 5, 0),
(1152, 'CRISTAL YAMILETH', 'SAUCEDA', 'MARTÍNEZ', 9, 4, 2012, 1, 5, 0),
(1153, 'CRISTIAN ALDAIR', 'GONZÁLEZ', 'RODRÍGUEZ', NULL, NULL, NULL, 2, 5, 0),
(1154, 'CRISTIAN', 'CRISTOBAL', 'RIVERA', NULL, NULL, NULL, 2, 5, 0),
(1155, 'CRISTOPHER ANDRÉS', 'LÓPEZ', 'CADENA', 16, 11, 2009, 2, 5, 0),
(1156, 'CRISTOPHER EMILIANO', 'PÉREZ', 'FLORES*', 14, 5, 2013, 2, 5, 0),
(1157, 'CRISTOPHER', 'TORRES', 'PEDRASA', NULL, NULL, NULL, 2, 5, 0),
(1158, 'DALIA ARACELY', 'ANTONIO', 'MEDINA', NULL, NULL, NULL, 1, 5, 0),
(1159, 'DANIEL ÁNGEL', 'TORRES', 'ÁLVAREZ', NULL, NULL, NULL, 2, 5, 0),
(1160, 'DANIEL', 'GONZÁLEZ', 'HERNÁNDEZ', NULL, NULL, NULL, 2, 5, 0),
(1161, 'DANIELA ERNESTINA', 'MARTÍNEZ', 'GONZÁLEZ', 18, 10, 2006, 1, 5, 0),
(1162, 'DANIELA MARISOL', 'LÓPEZ', 'URBINA', 4, 3, 2009, 1, 5, 0),
(1163, 'DANIELA NOEMÍ', 'DELGADO', 'AGUILAR*', 23, 8, 2013, 1, 5, 0),
(1164, 'DAYANA BERENICE', 'DE LOS SANTOS', 'SANCHEZ', 20, 9, 2010, 1, 5, 0),
(1165, 'DEVANI', 'HERNANDEZ', 'CESPEDES', 5, 12, 2011, 1, 5, 0),
(1166, 'DIANA ELIZABETG', 'VÁZQUEZ', 'GUTIÉRREZ', 17, 6, 2009, 1, 5, 0),
(1167, 'DIANA HAYDEE', 'RUBIO', 'HERNANDEZ', 5, 1, 2008, 1, 5, 0),
(1168, 'DIANA LIZBETH', 'BARAJAS', 'HERNÁNDEZ', 19, 9, 1999, 1, 5, 0),
(1169, 'DIANA MELINA', 'DE JÉSUS', 'ESPINOZA', 27, 9, 2006, 1, 5, 0),
(1170, 'DIANA NOEMI', 'CASTELLANOS', 'GUTIERREZ', 24, 6, 2007, 1, 5, 0),
(1171, 'DIANEXI', 'MORENO', 'SAUCEDA', 12, 4, 2012, 1, 5, 0),
(1172, 'DIEGO ALEJANDRO', 'CASTELLANO', 'GUTIERREZ', 31, 1, 2005, 2, 5, 0),
(1173, 'DIEGO ROBERTO', 'MUÑOZ', 'ZUÑIGA', 4, 2, 2014, 2, 5, 0),
(1174, 'DOLORES', 'SAAVEDRA', 'RICO', 24, 3, 1999, 1, 5, 0),
(1175, 'DOMINIC MATEO', 'BARRIOS', 'VALLEJO', 23, 6, 2011, 2, 5, 0),
(1176, 'DULCE MARÍA', 'VAZQUEZ', 'GUERRERO', 31, 8, 2012, 1, 5, 0),
(1177, 'EDELIS PRINCESA', 'REYES', 'MARTINEZ', 26, 1, 2005, 1, 5, 0),
(1178, 'EDER ALEJANDRO', 'SÁNCHEZ', 'ROMERO', NULL, NULL, NULL, 2, 5, 0),
(1179, 'EDGAR SAI', 'SÁNCHEZ', 'ROMERO', NULL, NULL, NULL, 2, 5, 0),
(1180, 'EDUARDO', 'SÁNCHEZ', 'MEJÍA', 22, 2, 2002, 2, 5, 0),
(1181, 'EMILIO ISAI', 'MEDRANO', 'HERNÁNDEZ', 13, 7, 2008, 2, 5, 0),
(1182, 'ENRIQUE RAFAEL', 'CASTRO', 'RUBIO', 4, 1, 2015, 2, 5, 0),
(1183, 'ERICK ANTONIO', 'DOMÍNGUEZ', 'BARRIOS', 4, 3, 2010, 2, 5, 0),
(1184, 'ERICK JAHIR', 'MANZANARES', 'HERNÁNDEZ', 10, 6, 2012, 2, 5, 0),
(1185, 'ERICKA NOEMI', 'HERNÁNDEZ', 'TORRES', NULL, NULL, NULL, 1, 5, 0),
(1186, 'ESTEFANÍA', 'MARTÍNEZ', 'GONZÁLEZ', 18, 10, 2009, 1, 5, 0),
(1187, 'ESTEFANY DULCE', 'MARÍA', 'AGUIÑA', 28, 2, 2013, 1, 5, 0),
(1188, 'EVELIN', 'CERDA', 'ALVARADO', 8, 8, 2010, 1, 5, 0),
(1189, 'EVELIN', 'VELAZQUEZ', 'RANGEL', NULL, NULL, NULL, 1, 5, 0),
(1190, 'EVELYN', 'MALDONADO', 'CRUZ', 12, 4, 2013, 1, 5, 0),
(1191, 'EVELYN SINAI', 'FABIAN', 'SANTOS', 14, 9, 2010, 1, 5, 0),
(1192, 'EVELYN VICTORIA', 'LIMÓN', 'GIRON', 24, 7, 2001, 1, 5, 0),
(1193, 'FABIÁN GUADALUPE', 'MARTÍNEZ', 'ACOSTA', 15, 8, 1999, 2, 5, 0),
(1194, 'FANI CECILIA', 'ISIDRO', 'ANTONIO', 22, 11, 2010, 1, 5, 0),
(1195, 'FATIMA LIZBETH', 'MEDRANO', 'HERNÁNDEZ', 22, 8, 2006, 1, 5, 0),
(1196, 'FERNANDO', 'BAUTISTA', 'MENDOZA', 8, 4, 2011, 2, 5, 0),
(1197, 'FRANCISCO', 'GARCIA', 'RAMIRES', NULL, NULL, NULL, 2, 5, 0),
(1198, 'FRANCISCO', 'GUTIÉRREZ', 'GALLEGOS', 7, 9, 2007, 2, 5, 0),
(1199, 'FRANCISCO RAFAEL', 'CAMARILLO', 'RIVERA', 30, 5, 2014, 2, 5, 0),
(1200, 'FRANCISCO RUBÉN', 'GONZÁLEZ', 'HERNÁNDEZ', NULL, NULL, NULL, 2, 5, 0),
(1201, 'FRANCISCO SAID', 'MERNDOZA', 'HERNÁNDEZ', NULL, NULL, NULL, 2, 5, 0),
(1202, 'FRANCO', 'GONZÁLEZ', 'ALFONSO', 27, 8, 2010, 2, 5, 0),
(1203, 'GAEL ALEXANDER', 'CASTRO', 'RUBIO', 23, 4, 2011, 2, 5, 0),
(1204, 'GALILEA', 'MONTSERRAT', 'CASTELLANOS', NULL, NULL, NULL, 1, 5, 0),
(1205, 'GENESIS RUBI', 'RIOS', 'MARTÍNEZ', NULL, NULL, NULL, 1, 5, 0),
(1206, 'GLADIS NALLELY', 'MARTÍNEZ', 'ESTRADA', NULL, NULL, NULL, 1, 5, 0),
(1207, 'GUSTAVO ADOLFO', 'MARTINEZ', 'HERNANDEZ', NULL, NULL, NULL, 2, 5, 0),
(1208, 'GUSTAVO ÁNGEL', 'ARGUEYO', 'MORENO', NULL, NULL, NULL, 2, 5, 0),
(1209, 'HANNA YAMILETH', 'HERNANDEZ', 'TORRES', NULL, NULL, NULL, 1, 5, 0),
(1210, 'HÉCTOR TADEO', 'DE JÉSUS', 'ESPINOZA', 14, 3, 2014, 2, 5, 0),
(1211, 'IKER LEONARDO', 'MARTÍNEZ', 'HERNÁNDEZ', NULL, NULL, NULL, 2, 5, 0),
(1212, 'IKER RENE', 'RODRÍGUEZ', 'MANZANARES', 25, 11, 2013, 2, 5, 0),
(1213, 'IKER TADEO', 'ALVARES', 'ONTIVEROS', 2, 7, 2011, 2, 5, 0),
(1214, 'ILSE JAZMÍN', 'MATA', 'PEÑA', 7, 11, 1999, 1, 5, 0),
(1215, 'ILSE LIZBETH', 'MARTÍNEZ', 'HERNÁNDEZ', NULL, NULL, NULL, 1, 5, 0),
(1216, 'IRENE YAHAIRA', 'ZUÑIGA', 'LUNA', NULL, NULL, NULL, 1, 5, 0),
(1217, 'ITZEL', 'GARCÍA', 'CRISANTO', 25, 11, 2014, 1, 5, 0),
(1218, 'IVANNA VALENTINA', 'ROMERO', 'SAUCEDA', 7, 1, 2014, 1, 5, 0),
(1219, 'JADE JANETH', 'TORRES', 'PEDRASA', NULL, NULL, NULL, 1, 5, 0),
(1220, 'JADE YISELL', 'PEÑA', 'RODRIGUEZ', 7, 2, 2012, 1, 5, 0),
(1221, 'JAIR EZEQUIEL', 'VAZQUEZ', 'SANCHEZ', 17, 7, 2008, 2, 5, 0),
(1222, 'JAIRO', 'GONZÁLEZ', 'ALFONSO', 5, 12, 2008, 2, 5, 0),
(1223, 'JAQUELINE', 'CRUZ', 'HERNÁNDEZ', 3, 10, 2011, 1, 5, 0),
(1224, 'JAQUELINE GUADALUPE', 'FABIAN', 'SANTOS', 19, 12, 2008, 1, 5, 0),
(1225, 'JARED', 'REYES', 'JUÁREZ', NULL, NULL, NULL, 2, 5, 0),
(1226, 'JENIFER ACIRENA', 'TORRES', 'ÁLVAREZ', NULL, NULL, NULL, 1, 5, 0),
(1227, 'JENIFER', 'MARTÍNEZ', 'MARTÍNEZ', NULL, NULL, NULL, 1, 5, 0),
(1228, 'JESUS ARTURO', 'CRUZ', 'FLORES', 25, 12, 2011, 2, 5, 0),
(1229, 'JESUS DANIEL', 'FRANCISCO', 'HERNANDEZ', 19, 6, 2007, 2, 5, 0),
(1230, 'JESUS EDUARDO', 'MONTENEGRO', 'RANGEL', NULL, NULL, NULL, 2, 5, 0),
(1231, 'JESÚS EMMANUEL', 'GUTIÉRREZ', 'GUERRA', 5, 4, 2011, 2, 5, 0),
(1232, 'JOHANA MICHEL', 'GARAY', 'RODRIGUEZ', 10, 10, 2000, 1, 5, 0),
(1233, 'JONATHAN EVERTO', 'MENDOZA', 'LIMÓN', NULL, NULL, NULL, 2, 5, 0),
(1234, 'JONATHAN RONALDO', 'AMARO', 'DELGADO', 17, 12, 2003, 2, 5, 0),
(1235, 'JONATHAN SALVADOR', 'TORRES', 'PEDRASA', NULL, NULL, NULL, 2, 5, 0),
(1236, 'JORGE ARMANDO', 'GUTIERREZ', 'GARCÍA', NULL, NULL, NULL, 2, 5, 0),
(1237, 'JORGE', 'MALDONADO', 'CRUZ', 24, 5, 2005, 2, 5, 0),
(1238, 'JOSE ALBERTO', 'YUNEN', 'CRISANTO', 2, 3, 2001, 2, 5, 0),
(1239, 'JOSÉ DE JESÚS', 'COLLASO', 'ARGUEYO', NULL, NULL, NULL, 2, 5, 0),
(1240, 'JOSE DIEGO', 'GONZALEZ', 'SANTIAGO', 14, 3, 2012, 2, 5, 0),
(1241, 'JOSE GUADALUOE', 'VITALES', 'RIVERO', NULL, NULL, NULL, 2, 5, 0),
(1242, 'JOSE MANUEL', 'ARREDONDO', 'AGUILAR', NULL, NULL, NULL, 2, 5, 0),
(1243, 'JOSE RODOLFO', 'LEDESMA', 'MARTÍNEZ', NULL, NULL, NULL, 2, 5, 0),
(1244, 'JOSÉ SÁNCHEZ', 'SÁNCHEZ', 'HERRERA', NULL, NULL, NULL, 2, 5, 0),
(1245, 'JUAN ADOLFO', 'CHANTACA', 'AGUAYO', 8, 4, 2013, 2, 5, 0),
(1246, 'JUAN ALBERTO', 'OBREGÓN', 'RODRÍGUEZ', 2, 11, 2014, 2, 5, 0),
(1247, 'JUAN CARLOS', 'SAUCEDA', 'MARTÍNEZ', 23, 1, 2002, 2, 5, 0),
(1248, 'JUAN DAVID', 'ANTONIO', 'ANTONIO', 21, 11, 2004, 2, 5, 0),
(1249, 'JUAN JESÚS', 'SÁNCHEZ', 'HERRERA', NULL, NULL, NULL, 2, 5, 0),
(1250, 'JUAN RAMIRO', 'ESTRADA', 'MUÑOZ', 8, 5, 2004, 2, 5, 0),
(1251, 'JULIO CESAR', 'YUNEN', 'CRISANTO', 10, 12, 2005, 2, 5, 0),
(1252, 'KARLA', 'CABRERA', 'GARAY', 25, 10, 2003, 1, 5, 0),
(1253, 'KATIA EDITH', 'MARTINEZ', 'HERNANDEZ', 7, 1, 2014, 1, 5, 0),
(1254, 'KATIA JUDITH', 'TERRAZAS', 'HERNÁNDEZ', 13, 9, 2008, 1, 5, 0),
(1255, 'KELLY YOHANA', 'BARRIOS', 'VALLEJO', 8, 6, 2006, 1, 5, 0),
(1256, 'KENYA MARISOL', 'OROZCO', 'BADILLO', 17, 7, 2012, 1, 5, 0),
(1257, 'KEVIN ADRIÁN', 'VÁZQUEZ', 'GUTIÉRREZ', 2, 11, 2004, 2, 5, 0),
(1258, 'KEVIN ALEXIS', 'RODRIGUEZ', 'LEDESMA', 22, 7, 2008, 2, 5, 0),
(1259, 'KEVIN EDGARDO', 'VENANCIO', 'VALLES', 24, 2, 2006, 2, 5, 0),
(1260, 'KEVIN', 'HERNANDEZ', 'AQUINO', 28, 4, 2001, 2, 5, 0),
(1261, 'KEVIN', 'ISIDRO', 'ANTONIO', 14, 8, 2004, 2, 5, 0),
(1262, 'KEVIN JANCARLO', 'MORENO', 'HERNÁNDEZ', 27, 8, 2009, 2, 5, 0),
(1263, 'KEVIN', 'VITALES', 'RIVERO', NULL, NULL, NULL, 2, 5, 0),
(1264, 'LAURA NELY', 'SEGURA', 'AGUAYO', 8, 8, 2005, 1, 5, 0),
(1265, 'LEYDY YAMILETH', 'GARCIA', 'RAMIREZ', NULL, NULL, NULL, 1, 5, 0),
(1266, 'LIDIA TERESA', 'MUÑOZ', 'FLORES', NULL, NULL, NULL, 1, 5, 0),
(1267, 'LIZBETH', 'MALDONADO', 'CRUZ', 8, 9, 2010, 1, 5, 0),
(1268, 'LIZETH', 'GONZALEZ', 'SANTIAGO', 31, 2, 2010, 1, 5, 0),
(1269, 'LUCERO', 'HERNÁNDEZ', 'PANAL', NULL, NULL, NULL, 1, 5, 0),
(1270, 'LUCERO', 'VITALES', 'RIVERO', NULL, NULL, NULL, 1, 5, 0),
(1271, 'LUCIO JUAN', 'DIEGO', 'ACUÑA', 9, 4, 2002, 2, 5, 0),
(1272, 'LUIS ALBERTO', 'BANDA', 'HUERTA', 29, 7, 2014, 2, 5, 0),
(1273, 'LUIS ÁNGEL', 'MARTÍNEZ', 'MANZANARES', 14, 7, 2003, 2, 5, 0),
(1274, 'LUIS ANGEL', 'REYES', 'MARTINEZ', 12, 11, 2009, 2, 5, 0),
(1275, 'LUIS CARLOS', 'PÉREZ', 'FLORES*', 16, 9, 2011, 2, 5, 0),
(1276, 'LUIS EDUARDO', 'HERNANDEZ', 'HERNANDEZ', 10, 6, 2009, 2, 5, 0),
(1277, 'LUIS ENRIQUE', 'LÓPEZ', 'URBINA', 23, 8, 2004, 2, 5, 0),
(1278, 'LUIS GABRIEL', 'SANCHEZ', 'RENTERIA', 7, 1, 2005, 2, 5, 0),
(1279, 'LUIS GENARO', 'LEDEZMA', 'MARTÍNEZ', NULL, NULL, NULL, 2, 5, 0),
(1280, 'LUIS GERARDO', 'ENRIQUEZ', 'BOLIVAR', NULL, NULL, NULL, 2, 5, 0),
(1281, 'LUIS MARIO', 'ODILON', 'HERNÁNDEZ', 11, 7, 2005, 2, 5, 0),
(1282, 'LUIS YANCARLOS', 'MEDINA', 'COLLAZO', 29, 7, 2013, 2, 5, 0),
(1283, 'LUZ ELENA', 'DELGADO', 'GONZÁLEZ', 21, 10, 2013, 1, 5, 0),
(1284, 'LUZ MARÍA', 'TERRAZAS', 'HERNÁNDEZ', 16, 7, 2013, 1, 5, 0),
(1285, 'LUZ VALERIA', 'TORRES', 'DELGADO', 16, 11, 2013, 1, 5, 0),
(1286, 'MARGARITA', 'ODILON', 'HERNÁNDEZ', 12, 4, 2009, 1, 5, 0),
(1287, 'MARÍA FERNANDA', 'ANTONIO', 'MEDINA', NULL, NULL, NULL, 1, 5, 0),
(1288, 'MARIA ISABEL', 'LUGO', 'MORALES', NULL, NULL, NULL, 1, 5, 0),
(1289, 'MARIANA AZANETH', 'MALDONADO', 'AMADOR', 19, 4, 2011, 1, 5, 0),
(1290, 'MARIANA ISABEL', 'MONTENEGRO', 'RANGEL', NULL, NULL, NULL, 1, 5, 0),
(1291, 'MARÍO ALBERTO', 'PÉREZ', 'OVALLE', 3, 7, 2010, 2, 5, 0),
(1292, 'MARIO ALBERTO', 'PEREZ', 'OVALLE', NULL, NULL, NULL, 2, 5, 0),
(1293, 'MARLEY JUSTIN', 'HERNÁNDEZ', 'CONTRERAS', 28, 12, 2010, 2, 5, 0),
(1294, 'MAURICIO GAEL', 'MATA', 'PEÑA', 23, 8, 2007, 2, 5, 0),
(1295, 'MAURICIO RICARDO', 'ROMERO', 'SAUCEDA', 17, 8, 2009, 2, 5, 0),
(1296, 'MELANIE VIOLETA', 'ROMERO', 'SAUCEDA', 2, 12, 2006, 1, 5, 0),
(1297, 'MELANNY AIDEE', 'ENRIQUEZ', 'HERNÁNDEZ', 8, 6, 2009, 1, 5, 0),
(1298, 'MIGUEL ANGEL', 'MARTÍNEZ', 'MARTÍNEZ', 14, 4, 2000, 2, 5, 0),
(1299, 'MILAGROS GUADALUPE', 'IBARRA', 'HERNANDEZ', NULL, NULL, NULL, 1, 5, 0),
(1300, 'MILAGROS JOSELYN', 'CHANTACA', 'AGUAYO', 1, 1, 2006, 1, 5, 0),
(1301, 'MIRIAM', 'HERNÁNDEZ', 'RANGEL', NULL, NULL, NULL, 1, 5, 0),
(1302, 'MOISÉS HAZEEL', 'HERNÁNDEZ', 'ESPINOZA', 1, 3, 2009, 2, 5, 0),
(1303, 'MONSERRATH GUADALUPE', 'ZAPATA', 'GARCIA', 22, 3, 2004, 2, 5, 0),
(1304, 'NADIA JAZMÍN', 'ANTONIO', 'MEDINA', NULL, NULL, NULL, 1, 5, 0),
(1305, 'NATALIA', 'BAUTISTA', 'MENDOZA', NULL, NULL, NULL, 1, 5, 0),
(1306, 'NATALY', 'GONZALEZ', 'SANTIAGO', 27, 3, 2014, 1, 5, 0),
(1307, 'NEIRA ALEJANDRA', 'VENANCIO', 'VALLES', 1, 12, 2003, 1, 5, 0),
(1308, 'NELSON ENRIQUEZ', 'FLORES', 'BANDA', 21, 5, 2009, 2, 5, 0),
(1309, 'NESTOR DANIEL', 'RODRIGUEZ', 'CARRANZA', 10, 6, 2009, 2, 5, 0),
(1310, 'NICOLAS AMADOR', 'VASQUEZ', 'GUERRERO', 29, 4, 2008, 2, 5, 0),
(1311, 'NORA ABIGAIL', 'ESTRADA', 'MUÑOZ', 8, 5, 2003, 1, 5, 0),
(1312, 'NORMA GUADALUPE', 'GÁMEZ', 'ZAPATA', 2, 2, 2003, 1, 5, 0),
(1313, 'OMAR VALENTINO', 'MARTINEZ', 'HERNANDEZ', 12, 6, 2000, 2, 5, 0),
(1314, 'OSCAR URIEL', 'ORTIZ', 'ARREOLA', 17, 1, 2006, 2, 5, 0),
(1315, 'PAOLA SANCHEZ', 'SANCHEZ', 'SOSA', 20, 5, 2009, 1, 5, 0),
(1316, 'PATRICIO', 'LOPEZ', 'MARTINEZ', NULL, NULL, NULL, 2, 5, 0),
(1317, 'PEDRO PABLO', 'PEREZ', 'OVALLE', NULL, NULL, NULL, 2, 5, 0),
(1318, 'PEDRO PABLO', 'PÉREZ', 'OVALLE', 20, 4, 2011, 2, 5, 0),
(1319, 'PEDRO ULISES', 'VENANCIO', 'VALLES', 22, 9, 2013, 2, 5, 0),
(1320, 'RAÚL ALEJANDRO', 'LÓPEZ', 'URBINA', 7, 9, 2008, 2, 5, 0),
(1321, 'RAÚL JANCARLO', 'MORENO', 'SAENZ', NULL, NULL, NULL, 2, 5, 0),
(1322, 'REGINA', 'GARCÍA', 'GARCÍA', 20, 10, 2004, 1, 5, 0),
(1323, 'RENATA MONTSERRAT', 'ZUÑIGA', 'LUNA', NULL, NULL, NULL, 1, 5, 0),
(1324, 'RENE', 'FERNANDEZ', 'HERNANDEZ', NULL, NULL, NULL, 2, 5, 0),
(1325, 'RENE SALOMON', 'ZUÑIGA', 'LUNA', NULL, NULL, NULL, 2, 5, 0),
(1326, 'RICARDO', 'GUTIÉRREZ', 'GALLEGOS', 30, 3, 2014, 2, 5, 0),
(1327, 'RIHANNA YOHARI', 'BARRIOS', 'VALLEJO', 25, 3, 2010, 1, 5, 0),
(1328, 'ROBERTO DE JÉSUS', 'MATA', 'PEÑA', 17, 9, 2003, 2, 5, 0),
(1329, 'ROBERTO DE JESUS', 'PEREZ', 'FLORES', 24, 12, 2004, 2, 5, 0),
(1330, 'RODOLFO ISMAEL', 'LEDEZMA', 'MARTÍNEZ', NULL, NULL, NULL, 2, 5, 0),
(1331, 'RODOLFO', 'MARTINEZ', 'GENERA', 13, 3, 2004, 2, 5, 0),
(1332, 'ROLANDO FRANCISCO', 'CERDA', 'ALVARADO', 23, 8, 2006, 2, 5, 0),
(1333, 'ROXANA GUADALUPE', 'LOPEZ', 'MARTINEZ', NULL, NULL, NULL, 1, 5, 0),
(1334, 'SAMANTHA GUADALUPE', 'LÓPEZ', 'RODRÍGUEZ', 28, 4, 2009, 1, 5, 0),
(1335, 'SAÚL GERARDO', 'MORENO', 'SAENZ', NULL, NULL, NULL, 2, 5, 0),
(1336, 'SILVESTRE', 'MARTÍNEZ', 'HERNÁNDEZ', 8, 3, 2004, 2, 5, 0),
(1337, 'SOFÍA YARELI', 'RINCÓN', 'DELGADO', 3, 5, 2010, 1, 5, 0),
(1338, 'SOL GUADALUPE', 'RIOS', 'MARTÍNEZ', NULL, NULL, NULL, 1, 5, 0),
(1339, 'SOLEDAD', 'GONZÁLEZ', 'ALFONSO', 18, 12, 2004, 1, 5, 0),
(1340, 'SUSANA', 'VELAZQUEZ', 'GONZÁLEZ', NULL, NULL, NULL, 1, 5, 0),
(1341, 'TADEO ALEJANDRO', 'VARGAS', 'GARCÍA', NULL, NULL, NULL, 2, 5, 0),
(1342, 'TADEO DE JÉSUS', 'SÁNCHEZ', 'HERRERA', NULL, NULL, NULL, 2, 5, 0),
(1343, 'URIEL', 'CABRERA', 'GARAY', 17, 11, 2009, 2, 5, 0),
(1344, 'VALENTÍN EMMANUEL', 'TORRES', 'ÁLVAREZ', NULL, NULL, NULL, 2, 5, 0),
(1345, 'VALERY YAZMIN', 'LÓPEZ', 'CADENA', 29, 11, 2010, 1, 5, 0),
(1346, 'VANESA YOSELIN', 'GÁMEZ', 'ZAPATA', 8, 7, 2007, 1, 5, 0),
(1347, 'VICTOR ALEXIS', 'MORENO', 'HERNÁNDEZ', 3, 12, 2002, 2, 5, 0),
(1348, 'VICTOR DANIEL', 'HERNANDEZ', 'GARCIA', 24, 12, 2012, 2, 5, 0),
(1349, 'VICTOR DAVID', 'CAMARILLO', 'RIVERO', 19, 12, 2009, 2, 5, 0),
(1350, 'VICTOR URIEL', 'VELAZQUES', 'GONZÁLEZ', NULL, NULL, NULL, 2, 5, 0),
(1351, 'VICTORIA ARELY', 'CRUZ', 'MAYORGA', 8, 11, 2002, 1, 5, 0),
(1352, 'VIRGINIA GUADALUPE', 'AMARO', 'DELGADO', 6, 11, 2008, 1, 5, 0),
(1353, 'VIVIANA NATALY', 'GIMENEZ', 'VEGA', 18, 9, 2006, 1, 5, 0),
(1354, 'WENDI SOFÍA', 'GUTIÉRREZ', 'GALLEGOS', 30, 3, 2012, 1, 5, 0),
(1355, 'WILFRAN JESUS', 'ALVARADO', 'BANDA', 18, 3, 2014, 1, 5, 0),
(1356, 'XIMENA ABIGAIL', 'MILAGROS', 'MARTINEZ', 31, 8, 2004, 1, 5, 0),
(1357, 'XIMENA GUADALUPE', 'MONTENEGRO', 'RANGEL', NULL, NULL, NULL, 1, 5, 0),
(1358, 'XIOMARA', 'ORTIZ', 'ARREOLA', 10, 6, 2007, 1, 5, 0),
(1359, 'YADIRA YAZMÍN', 'MENDOZA', 'FLORES', 23, 10, 2005, 1, 5, 0),
(1360, 'YAHIR ALEXANDER', 'CERDA', 'ALVARADO', 9, 11, 2012, 2, 5, 0),
(1361, 'YAJAIRA BEATRIZ', 'CHANTACA', 'AGUAYO', 25, 1, 2002, 1, 5, 0),
(1362, 'YOHAN', 'MORENO', 'MEDINA COLLAZO', NULL, NULL, NULL, 2, 5, 0),
(1363, 'YOSELIN', 'CASTILLO', 'RODRÍGUEZ', 2, 11, 2008, 1, 5, 0),
(1364, 'YOSELIN NICOLE', 'MARTÍNEZ', 'HERNÁNDEZ', 3, 2, 2013, 1, 5, 0),
(1365, 'YOSSIO DANIEL', 'MORENO', 'SAUCEDA', 12, 4, 2013, 2, 5, 0),
(1366, 'YULIANA MICHELLE', 'DELGADO', 'AGUILAR*', 30, 3, 2012, 1, 5, 0),
(1367, 'ZARA ISABEL', 'CABRERA', 'GARAY', 28, 10, 2006, 1, 5, 0),
(1368, 'ZULLY', 'ESCOBEDO', 'NÚÑEZ', 16, 11, 2009, 1, 5, 0),
(1369, 'ZUSETHE DAYANA', 'HERNANDEZ', 'GARCIA', 24, 8, 2007, 1, 5, 0),
(1370, 'Dayana', 'Aguilar', 'Villanueva', NULL, NULL, NULL, 1, 2, 1),
(1371, 'Erwin Brayan', 'Zuñiga', 'Palafox', NULL, NULL, NULL, 2, 1, 1),
(1372, 'Ximena Andrea', 'Osorio', 'Reyes', NULL, NULL, NULL, 1, 1, 1),
(1373, 'Viridiana Guadalupe', 'Aguilera', 'Cerritos', NULL, NULL, NULL, 1, 1, 1),
(1374, 'Magaly', 'Martínez', 'Martínez', NULL, NULL, NULL, 1, 2, 1),
(1375, 'Kimberly Mitzuki', 'Ornelas', 'Pascual', NULL, NULL, NULL, 1, 2, 1),
(1376, 'Donovan', 'Reyes', 'Téllez', NULL, NULL, NULL, 2, 3, 1),
(1377, 'Daniel Rubi', 'Palma', 'León', NULL, NULL, NULL, 1, 3, 1),
(1378, 'Aracely', 'Medina', 'Corona', NULL, NULL, NULL, 1, 4, 1),
(1379, 'Brandon', 'Mercado', 'Cerritos', NULL, NULL, NULL, 2, 1, 1),
(1380, 'Sarai', 'Gonzalez', 'De Jesús', NULL, NULL, NULL, 2, 4, 1),
(1381, 'Alison Ximena', 'Arenas', 'Juarez', NULL, NULL, NULL, 1, 1, 1),
(1382, 'Erik Santiago', 'Blando', 'Parra', NULL, NULL, NULL, 2, 2, 1),
(1383, 'Yaremi Georgina', 'Coronel', 'Flores', NULL, NULL, NULL, 1, 2, 1),
(1384, 'Angel Uriel', 'López', 'Jiménez', NULL, NULL, NULL, 2, 1, 1),
(1385, 'Miguel Ángel', 'González', 'Ramírez', NULL, NULL, NULL, 2, 2, 1),
(1386, 'Erik Joel', 'Munguía', 'Piña', NULL, NULL, NULL, 2, 4, 1),
(1387, 'Juan Antonio', 'Mendoza', 'Reyes', NULL, NULL, NULL, 2, 3, 1),
(1388, 'Oscar Antonio', 'Alonso', 'Sánchez', NULL, NULL, NULL, 2, 4, 1),
(1389, 'Heidi Mairyn', 'Villazteca', 'Vega', NULL, NULL, NULL, 1, 4, 1),
(1390, 'Filiberto', 'Rivera', 'Campos', NULL, NULL, NULL, 2, 3, 1),
(1391, 'Zaira Jazmin', 'Aviles', 'Zárate', NULL, NULL, NULL, 1, 2, 1),
(1392, 'Jade Citlaly', 'Valiente', 'Cerritos', NULL, NULL, NULL, 1, 1, 1),
(1393, 'Oscar Axel', 'Castañeda', 'Lucio', NULL, NULL, NULL, 2, 1, 1),
(1394, 'Harumi', 'Bazan', 'Díaz', NULL, NULL, NULL, 1, 2, 1),
(1395, 'Yadira', 'Gómez', 'Sotelo', NULL, NULL, NULL, 1, 3, 1),
(1396, 'Angel Uriel', 'Santana', 'García', NULL, NULL, NULL, 2, 3, 1);

-- --------------------------------------------------------

--
-- Estructura de tabla para la tabla `ninos_padrinos`
--

CREATE TABLE IF NOT EXISTS `ninos_padrinos` (
  `ninos_idninos` int(11) NOT NULL,
  `padrinos_idpadrinos` int(11) NOT NULL,
  `donacion` int(11) DEFAULT NULL,
  `num_comidas` decimal(10,1) DEFAULT NULL,
  PRIMARY KEY (`ninos_idninos`,`padrinos_idpadrinos`),
  UNIQUE KEY `ninos_idninos` (`ninos_idninos`),
  UNIQUE KEY `ninos_idninos_2` (`ninos_idninos`),
  UNIQUE KEY `padrinos_idpadrinos` (`padrinos_idpadrinos`),
  UNIQUE KEY `padrinos_idpadrinos_2` (`padrinos_idpadrinos`),
  KEY `fk_ninos_has_padrinos_padrinos1_idx` (`padrinos_idpadrinos`),
  KEY `fk_ninos_has_padrinos_ninos_idx` (`ninos_idninos`)
) ENGINE=InnoDB DEFAULT CHARSET=utf8;

--
-- Volcado de datos para la tabla `ninos_padrinos`
--

INSERT INTO `ninos_padrinos` (`ninos_idninos`, `padrinos_idpadrinos`, `donacion`, `num_comidas`) VALUES
(13, 276, 0, '0.0'),
(16, 836, 0, '0.0'),
(26, 1643, 0, '0.0'),
(30, 395, 0, '0.0'),
(39, 60, 0, '0.0'),
(78, 481, 0, '0.0'),
(82, 633, 0, '0.0'),
(97, 574, 0, '0.0'),
(102, 1635, 0, '0.0'),
(118, 10, 0, '0.0'),
(120, 388, 0, '0.0'),
(127, 766, 0, '0.0'),
(133, 560, 0, '0.0'),
(137, 830, 0, '0.0'),
(139, 420, 0, '0.0'),
(147, 408, 0, '0.0'),
(149, 844, 0, '0.0'),
(158, 634, 0, '0.0'),
(166, 706, 0, '0.0'),
(175, 684, 0, '0.0'),
(179, 1636, 0, '0.0'),
(181, 217, 0, '0.0'),
(193, 568, 0, '0.0'),
(196, 526, 0, '0.0'),
(197, 218, 0, '0.0'),
(205, 770, 0, '0.0'),
(211, 887, 0, '0.0'),
(212, 488, 0, '0.0'),
(226, 1642, 0, '0.0'),
(232, 244, 0, '0.0'),
(233, 1644, 0, '0.0'),
(238, 642, 0, '0.0'),
(240, 661, 0, '0.0'),
(242, 643, 0, '0.0'),
(252, 1056, 0, '0.0'),
(253, 874, 0, '0.0'),
(256, 743, 0, '0.0'),
(282, 1634, 0, '0.0'),
(298, 275, 0, '0.0'),
(301, 1632, 0, '0.0'),
(310, 199, 0, '0.0'),
(313, 1639, 0, '0.0'),
(328, 521, 0, '0.0'),
(334, 1640, 0, '0.0'),
(337, 479, 0, '0.0'),
(338, 689, 0, '0.0'),
(341, 498, 0, '0.0'),
(345, 687, 0, '0.0'),
(354, 355, 0, '0.0'),
(362, 685, 0, '0.0'),
(368, 308, 0, '0.0'),
(374, 705, 0, '0.0'),
(376, 621, 0, '0.0'),
(378, 239, 0, '0.0'),
(383, 366, 0, '0.0'),
(389, 556, 0, '0.0'),
(391, 577, 0, '0.0'),
(429, 667, 0, '0.0'),
(434, 337, 0, '0.0'),
(447, 862, 0, '0.0'),
(448, 252, 0, '0.0'),
(450, 1098, 0, '0.0'),
(454, 482, 0, '0.0'),
(456, 304, 0, '0.0'),
(459, 416, 0, '0.0'),
(461, 1645, 35, '1.0'),
(469, 809, 0, '0.0'),
(472, 682, 0, '0.0'),
(477, 352, 0, '0.0'),
(483, 127, 0, '0.0'),
(485, 732, 0, '0.0'),
(486, 16, 0, '0.0'),
(497, 765, 0, '0.0'),
(499, 782, 0, '0.0'),
(505, 1409, 0, '0.0'),
(510, 415, 0, '0.0'),
(513, 846, 0, '0.0'),
(538, 796, 0, '0.0'),
(542, 744, 0, '0.0'),
(548, 870, 0, '0.0'),
(549, 288, 0, '0.0'),
(555, 691, 0, '0.0'),
(559, 669, 0, '0.0'),
(577, 702, 0, '0.0'),
(585, 715, 0, '0.0'),
(605, 394, 0, '0.0'),
(635, 736, 0, '0.0'),
(639, 719, 0, '0.0'),
(649, 888, 0, '0.0'),
(651, 718, 0, '0.0'),
(658, 393, 0, '0.0'),
(668, 1598, 0, '0.0'),
(669, 1641, 0, '0.0'),
(853, 404, 175, '5.0'),
(965, 135, 0, '0.0'),
(1071, 331, 0, '0.0'),
(1370, 762, 0, '0.0'),
(1371, 781, 0, '0.0'),
(1372, 784, 0, '0.0'),
(1373, 405, 0, '0.0'),
(1374, 433, 0, '0.0'),
(1375, 391, 0, '0.0'),
(1376, 411, 0, '0.0'),
(1377, 885, 0, '0.0'),
(1378, 761, 0, '0.0'),
(1379, 56, 0, '0.0'),
(1380, 728, 0, '0.0'),
(1381, 660, 0, '0.0'),
(1382, 803, 0, '0.0'),
(1383, 396, 0, '0.0'),
(1384, 676, 0, '0.0'),
(1385, 250, 0, '0.0'),
(1386, 236, 0, '0.0'),
(1387, 212, 0, '0.0'),
(1388, 198, 0, '0.0'),
(1389, 758, 0, '0.0'),
(1390, 364, 0, '0.0'),
(1391, 520, 0, '0.0'),
(1392, 800, 0, '0.0'),
(1393, 780, 0, '0.0'),
(1394, 321, 0, '0.0'),
(1395, 319, 0, '0.0'),
(1396, 668, 0, '0.0');

-- --------------------------------------------------------

--
-- Estructura de tabla para la tabla `padrinos`
--

CREATE TABLE IF NOT EXISTS `padrinos` (
  `idpadrinos` int(11) NOT NULL AUTO_INCREMENT,
  `num_empleado` varchar(45) DEFAULT NULL,
  `nombre` varchar(150) DEFAULT NULL,
  `correo` varchar(45) DEFAULT NULL,
  `padrino` int(1) DEFAULT '0',
  PRIMARY KEY (`idpadrinos`)
) ENGINE=InnoDB  DEFAULT CHARSET=utf8 AUTO_INCREMENT=1674 ;

--
-- Volcado de datos para la tabla `padrinos`
--

INSERT INTO `padrinos` (`idpadrinos`, `num_empleado`, `nombre`, `correo`, `padrino`) VALUES
(1, '004134', 'Carolina Orosa Gurria', '', 0),
(2, '004116', 'Jesus Elizondo Nañez', '', 0),
(3, '004099', 'Leon Felipe  Galvez Garcia', '', 0),
(4, '004046', 'Francisco Javier Demesa Rodriguez', '', 0),
(5, '004013', 'Samantha Castillo Hernandez', '', 0),
(6, '003998', 'Victor Alejandro Carrillo Kobeh', '', 0),
(7, '003983', 'Ursula Chavez Cue', '', 0),
(8, '003965', 'Jorge Eduardo Bonilla Garmendia', '', 0),
(9, '003964', 'Marlene Ramirez Sanabria', '', 0),
(10, '003811', 'Janis Espinosa Rodriguez', '', 1),
(11, '003752', 'Maria Fernanda Gonzalez Alvarez', '', 0),
(12, '003750', 'Hugo Alejandro Mejia Martinez', '', 0),
(13, '003691', 'Cynthia Garcia Dominguez', '', 0),
(14, '003676', 'Jessyca Viridiana Santibañez Silva', '', 0),
(15, '003576', 'Lesli Fatima Cruces Benitez', '', 0),
(16, '003506', 'Claudia Leticia Saucedo Andriano', '', 1),
(17, '003503', 'Jose Andres Bustillos Muciño', '', 0),
(18, '003421', 'Erika Emma Nuñez Aguilar', '', 0),
(19, '003251', 'Karla Ivonne Sansores Aguilar', '', 0),
(20, '003071', 'Karla Janette Ibarra Guerrero', '', 0),
(21, '003038', 'Elba Socorro Villaseñor Santana', '', 0),
(22, '002931', 'Roma Raquel Campos Leon', '', 0),
(23, '002833', 'Aline Miranda Arroyo', '', 0),
(24, '002776', 'Rafael Dagoberto Calleja Morales', '', 0),
(25, '002657', 'Marco Antonio Dueñas Lopez', '', 0),
(26, '002306', 'Elisa Almogabar Osorio', '', 0),
(27, '001741', 'Juan Jose Zamora Guzman', '', 0),
(28, '001708', 'Pablo Castillo Garcia', '', 0),
(29, '001686', 'Jose Alberto Sanchez Nieto', '', 0),
(30, '000912', 'Oscar Galicia Jimenez', '', 0),
(31, '000446', 'Alejandro Nacif Faur O Farrill', '', 0),
(32, '003883', 'Adriana Juarez Torres', '', 0),
(33, '003525', 'Luis Octavio Perez Nieves', '', 0),
(34, '002889', 'Juan Armando Vargas Garcia', '', 0),
(35, '002632', 'Miguel Angel Gonzalez Rodriguez', '', 0),
(36, '002613', 'Juan Manuel Lugo Sanchez', '', 0),
(37, '001180', 'Paola Arce Juarez', '', 0),
(38, '004020', 'Yanet Marquez Olvera', '', 0),
(39, '003727', 'Martha Eunice Vilchis Puente', '', 0),
(40, '003714', 'Omar Saul Martinez Perez', '', 0),
(41, '003669', 'Maria Del Pilar Guerrero Gonzalez', '', 0),
(42, '003611', 'Gerardo Rivera Sandoval', '', 0),
(43, '003567', 'Cintia Gabriela Ramirez Fernandez', '', 0),
(44, '002517', 'Jesus Alberto Cedeño Ojeda', '', 0),
(45, '002504', 'Jorge Christian Gurria Dubernard', '', 0),
(46, '001688', 'Jose Guadalupe Ramirez Gonzalez', '', 0),
(47, '000410', 'Jesus Apolinar Flores Jimenez', '', 0),
(48, '000009', 'Daniel Gonzalez Gonzalez', '', 0),
(49, '004003', 'Eunice Damariz Ruiz Molina', '', 0),
(50, '003897', 'Lucero Rivera Flores', '', 0),
(51, '003861', 'Jorge Alejandro Leytthe Chavez', '', 0),
(52, '003675', 'Ana Laura Del Valle Inclan', '', 0),
(53, '003671', 'Maricarmen Mejia Martinez', '', 0),
(54, '003641', 'Jorge Antonio Garcia Romero', '', 0),
(55, '003566', 'Victor Manuel Huerta Garcia', '', 0),
(56, '003516', 'Brenda Veronica  Jaimes  Olvera', '', 1),
(57, '003367', 'Jacqueline Feria Plata', '', 0),
(58, '002890', 'David Ernesto Solis De La Fuente', '', 0),
(59, '002705', 'Judith Viveros Garcia', '', 0),
(60, '002003', 'Alejandro Zapata Valdez', '', 1),
(61, '001635', 'Jesus Gomez Garcia', '', 0),
(62, '004323', 'Gerardo Cesar Delgado Reyes', '', 0),
(63, '004217', 'Oswaldo Abraham Butron Mendoza', '', 0),
(64, '004004', 'Erik Bryan Garcia Orozco', '', 0),
(65, '003875', 'Sergio Francisco Campos Velazquez', '', 0),
(66, '003873', 'Susana Edith Gonzalez Ramirez', '', 0),
(67, '003828', 'Patricia Vences Vivanco', '', 0),
(68, '003806', 'Mario Trejo Inocencio', '', 0),
(69, '003805', 'Jorge Fernando Alvarado  Cruz', '', 0),
(70, '003804', 'Esteban Collazo Ascencio', '', 0),
(71, '003736', 'Roy Francisco Romero Tenorio', '', 0),
(72, '003646', 'Vanessa Michel Zamudio Neels', '', 0),
(73, '003536', 'Enrique Pelaez Abrego', '', 0),
(74, '003484', 'Jorge Arturo Diaz Reyna', '', 0),
(75, '003457', 'Myrna Aguilar Estevez', '', 0),
(76, '003424', 'Andrea Urbina Zavala', '', 0),
(77, '003420', 'Sandra Esperanza Evangelista Contreras', '', 0),
(78, '002885', 'Jennifer Esquivel Lopez', '', 0),
(79, '002871', 'Nestor Angel Rodriguez Camacho', '', 0),
(80, '002769', 'Estrella Jeniffer Hernandez Toro', '', 0),
(81, '002038', 'Juan Carlos Casimiro Huertero', '', 0),
(82, '001853', 'Karen Gonzalez Bravo', '', 0),
(83, '001487', 'Amparo Elizabeth Astudillo Salvador', '', 0),
(84, '001454', 'Rosario Delia Pacheco Mota', '', 0),
(85, '001097', 'Carmen Adriana Castro Miron', '', 0),
(86, '000835', 'Jorge Edgardo Molina Mendez', '', 0),
(87, '000541', 'Jose Edilberto Martin Lugo', '', 0),
(88, '000141', 'Guillermo Villaneda Gonzalez', '', 0),
(89, '004234', 'Roberto Peralta Gil', '', 0),
(90, '004208', 'Citlalli Magaly  Santiago Rodriguez', '', 0),
(91, '003070', 'Oscar Renato Mercado Islas', '', 0),
(92, '004268', 'Victor Hugo Sanchez Navarro', '', 0),
(93, '004267', 'Ivonne Araceli Savage Pinto', '', 0),
(94, '004239', 'Patricia Gonzalez Molina', '', 0),
(95, '004229', 'Adriana Romero Torres', '', 0),
(96, '004200', 'Jesus Enrique Hernandez Llanez', '', 0),
(97, '004183', 'Maria Fernanda Granados Salazar', '', 0),
(98, '004154', 'Ricardo  Granados Albarran', '', 0),
(99, '004146', 'Manuel Alejandro Galindo Arteaga', '', 0),
(100, '004106', 'Juan Carlos Najera Rodriguez', '', 0),
(101, '004105', 'Martin Lazo Toriz', '', 0),
(102, '004087', 'Maria Teresa Paloma Ponce Aguado', '', 0),
(103, '004045', 'Erasmo Camacho Sandoval', '', 0),
(104, '004033', 'Mariana Esther Romero Rivera', '', 0),
(105, '004031', 'Evelyn Diana Sanchez Lopez', '', 0),
(106, '004030', 'Graciela Peralta Juarez', '', 0),
(107, '004029', 'Rosa Angelica Pacheco Rosales', '', 0),
(108, '004028', 'Raul Gonzalez Mosqueda', '', 0),
(109, '004027', 'Moises Pascual Martinez', '', 0),
(110, '004026', 'Ivan Mendoza Galindo', '', 0),
(111, '004025', 'Uriel Soto Avila', '', 0),
(112, '004024', 'Lazaro Olaez Ahedo', '', 0),
(113, '004023', 'Raul Garcia Muñoz', '', 0),
(114, '004022', 'Aldo Orlando Martinez Lopez', '', 0),
(115, '004021', 'Marcos Emmanuel Perez Lagos', '', 0),
(116, '003970', 'Miguel Angel Lopez Rico', '', 0),
(117, '003952', 'Rodrigo Aranda Santamaria', '', 0),
(118, '003915', 'Maria Guadalupe Islas Barragan', '', 0),
(119, '003903', 'Juan Carlos Cruz Martinez', '', 0),
(120, '003902', 'Juan Fernando Garrido Luna', '', 0),
(121, '003901', 'Jose Alejandro Palacios Toledo', '', 0),
(122, '003899', 'Ricardo Leon Valadez', '', 0),
(123, '003898', 'Luis Alberto Angel Rios', '', 0),
(124, '003896', 'Ruben Nicolas Jimenez', '', 0),
(125, '003895', 'Rafael Romero Lopez', '', 0),
(126, '003836', 'Juan Francisco Valadez Felix', '', 0),
(127, '003827', 'Fidel Robledo Mendoza', '', 1),
(128, '003826', 'Guadalupe Sanchez Chavez', '', 0),
(129, '003796', 'Veronica Temimilpa Espinal', '', 0),
(130, '003795', 'Olga Luisa Lopez Morin', '', 0),
(131, '003794', 'Deyka Gabriela Chavez Soria', '', 0),
(132, '003793', 'Erika Analco Rojas', '', 0),
(133, '003703', 'Karla Cecilia Garcia Flores', '', 0),
(134, '003689', 'Michelle Clementina Cortes Hipolito', '', 0),
(135, '003666', 'Janeth Ivonne Morales Cruz', '', 1),
(136, '003654', 'Erick Rosales Martinez', '', 0),
(137, '003639', 'Jessica Martinez Jimenez', '', 0),
(138, '003637', 'Maria Del Rosario Cruz Trejo', '', 0),
(139, '003631', 'Veronica Yanet Fierros Munguia', '', 0),
(140, '003626', 'Gerardo Ivan Carrillo Enriquez', '', 0),
(141, '003625', 'Leticia Pascual Yescas', '', 0),
(142, '003624', 'Eduardo Rodriguez Rodriguez', '', 0),
(143, '003614', 'Lizeth Maria Gallardo Lopez', '', 0),
(144, '003579', 'Luis Alberto Acatitla Ruiz', '', 0),
(145, '003544', 'Vicente Gerardo  Espejel Blancas', '', 0),
(146, '003519', 'Cesar Alejandro Jimarez Cepeda', '', 0),
(147, '003504', 'Salvador Paredes Paredes', '', 0),
(148, '003476', 'Belem Karina Figueroa Ducoing', '', 0),
(149, '003456', 'Diego Armando Barcena Padilla', '', 0),
(150, '003436', 'Eder Jose Rivera Mondragon', '', 0),
(151, '003432', 'Andres Ivan Koyoc Tun', '', 0),
(152, '003431', 'Luis Gerardo Torres Cano', '', 0),
(153, '003386', 'Fatima Anahid Martinez Tapia', '', 0),
(154, '003385', 'Francisco Garbriel Sanchez  Miron', '', 0),
(155, '003365', 'Isis Dzuara Herrera Cabrera', '', 0),
(156, '003364', 'Nilza Gabriela Ruiz Ibarra', '', 0),
(157, '003277', 'Karla Marlene Martinez Lopez', '', 0),
(158, '003225', 'Marcelo Torres Saldaña', '', 0),
(159, '003224', 'Diana Nelly Vargas Zarazua', '', 0),
(160, '003164', 'Fernando Emmanuel Flores De Hoyos', '', 0),
(161, '003163', 'Jean Carlo Fraga Jaimes', '', 0),
(162, '003101', 'Lorenzo Antonio Galindo Cruz', '', 0),
(163, '003100', 'Andres Juarez Martinez', '', 0),
(164, '003094', 'Oscar Ivan Cedeño Cuevas', '', 0),
(165, '003093', 'Blanca Abigail Gutierrez Flores', '', 0),
(166, '003092', 'Jesus Rafael Galvan Rivas', '', 0),
(167, '003089', 'Julio Cesar Lopez Prieto', '', 0),
(168, '003079', 'Rafael Islas Rodriguez', '', 0),
(169, '003078', 'Gerardo Perez Gomora', '', 0),
(170, '003065', 'Monica Mondragon Watla', '', 0),
(171, '002969', 'Fernando Aguilar Meza', '', 0),
(172, '002959', 'Miguel Sandoval Valle', '', 0),
(173, '002958', 'Edgar Jesus Cardenas Buendia', '', 0),
(174, '002957', 'Liliana Gonzalez Carteño', '', 0),
(175, '002952', 'Norma Perez Guzman', '', 0),
(176, '002944', 'Eusebio Mata Garcia', '', 0),
(177, '002918', 'Blanca Rosa Cedillo Arroyo', '', 0),
(178, '002917', 'Ramiro Teran Lopez', '', 0),
(179, '002873', 'Raymundo Cesar Rocha Cid', '', 0),
(180, '002802', 'Sandra Yaneli Sandoval Garcia', '', 0),
(181, '002801', 'Noreth Andrea Arenas Mendez', '', 0),
(182, '002724', 'Ana Valeria Farias Gonzalez', '', 0),
(183, '002723', 'Gustavo Onofre Rodriguez', '', 0),
(184, '002722', 'Jorge Carrillo Leyte', '', 0),
(185, '002540', 'Laura Marlene Sanchez Duran', '', 0),
(186, '002539', 'Smirna Mirelle Beristain Montiel', '', 0),
(187, '002493', 'Daniel Muñoz Palomo', '', 0),
(188, '002491', 'Angela Elizabeth Aguilar Contreras', '', 0),
(189, '002490', 'Diana Lizbeth Hernandez Ortega', '', 0),
(190, '002476', 'Alba Leticia Soto Castro', '', 0),
(191, '002458', 'Cynthia Salazar Gonzalez', '', 0),
(192, '002457', 'Jose Samuel Mier Chavez', '', 0),
(193, '002456', 'Elizabeth Argott Mendoza', '', 0),
(194, '002442', 'Esmeralda Virginia Rodriguez Castañeda', '', 0),
(195, '002386', 'Imer Gilberto Cazares Navarro', '', 0),
(196, '002290', 'Joel Rigoberto Corona Rico', '', 0),
(197, '002273', 'Joel Navarrete Soriano', '', 0),
(198, '002271', 'Silvia Adriana Molina Cota', '', 1),
(199, '001997', 'Victoria Alejandra Saucedo Gonzalez', '', 1),
(200, '001968', 'Omar Torres Ortega', '', 0),
(201, '001921', 'Felix Amador Martinez', '', 0),
(202, '001892', 'Luis Alejandro Safa Barajas', '', 0),
(203, '001891', 'Israel Leal Aguirre', '', 0),
(204, '001890', 'Moises Armando Vazquez Sanchez', '', 0),
(205, '001876', 'Maria Del Rosario Rioja Franco', '', 0),
(206, '001807', 'Isis Angelica Hernandez Garza', '', 0),
(207, '001797', 'Rocio Gabriela Garcia Saavedra', '', 0),
(208, '001782', 'Christian Guadalupe Hernandez Gonzalez', '', 0),
(209, '001599', 'Alan Ramses Palomera Calderon', '', 0),
(210, '001402', 'Miguel Anguel Olalde Nuñez', '', 0),
(211, '001392', 'Alejandra Alcantar Corral', '', 0),
(212, '001391', 'Imelda Galvez Roman', '', 1),
(213, '001386', 'Nadia Berenice Martinez Vazquez', '', 0),
(214, '001385', 'Ernesto Moreno Nieto', '', 0),
(215, '001384', 'Andrea Gonzalez Avila', '', 0),
(216, '001379', 'Paula Felix Santos', '', 0),
(217, '001341', 'Marco Antonio Nava Garcia', '', 1),
(218, '001317', 'Adriana Santamaria Vallejo', '', 1),
(219, '001096', 'Thyani Radharani Camacho Olivares', '', 0),
(220, '000994', 'Dyana Laura Marcela Gonzalez Garza', '', 0),
(221, '000896', 'Jose Antonio Quiroz Vergara', '', 0),
(222, '000766', 'Eloy Rene Salas Rivera', '', 0),
(223, '000765', 'Guillermo Olmedo Olivares', '', 0),
(224, '000764', 'Laura Soperanez Franco', '', 0),
(225, '000748', 'Maria De Jesus Velazquez Medina', '', 0),
(226, '000739', 'Baudelio Carlos Villanueva Ortiz', '', 0),
(227, '000737', 'Ramiro Ibarra Lozano', '', 0),
(228, '000736', 'Omar Dueñez Muñoz', '', 0),
(229, '000735', 'Hugo Alberto Cabrera Felix', '', 0),
(230, '000728', 'Amada Gabriela Medrano Beltran', '', 0),
(231, '000717', 'Olivia Simons Reyes', '', 0),
(232, '000716', 'Rodrigo Suarez Espinosa', '', 0),
(233, '000711', 'Alfonso Barrueta Galeana', '', 0),
(234, '000696', 'Elizabeth Medrano Boyzo', '', 0),
(235, '000686', 'Gabriel Ramirez Morales', '', 0),
(236, '000685', 'Sandra Jimenez Cortes', '', 1),
(237, '000659', 'Jose Luis Ferrer Loyo', '', 0),
(238, '000100', 'Eduardo Castillo Santibanez', '', 0),
(239, '004447', 'Jose Antonio Alvarado Calvo', '', 1),
(240, '004233', 'Luis Andres Romero Paez', '', 0),
(241, '004232', 'Everardo Vences Porcayo', '', 0),
(242, '004218', 'Ivan Eduardo Vidal Miranda', '', 0),
(243, '004185', 'Alberto Ibarra Garcia', '', 0),
(244, '004167', 'Antonio Carrillo Ramirez', '', 1),
(245, '004053', 'Antonio  Lopez Bravo', '', 0),
(246, '004052', 'Ricardo Sosa Padilla', '', 0),
(247, '004051', 'Laura Magdalena Aguilar Reyes', '', 0),
(248, '004008', 'Sergio Ismael Ramirez Lopez', '', 0),
(249, '003988', 'Miguel Angel Malvaez Gutierrez', '', 0),
(250, '003986', 'Jose Luis  Neri Vega', '', 1),
(251, '003978', 'Fernando Junior Hernandez Luna', '', 0),
(252, '003974', 'Daniel Pulido Olmos', '', 1),
(253, '003967', 'Jose Alberto Vargas Rosas', '', 0),
(254, '003907', 'Gabriel Campos Gonzalez', '', 0),
(255, '003888', 'Javier Hortiales Alonso', '', 0),
(256, '003852', 'Ivan Rafael Olvera Moreno', '', 0),
(257, '003846', 'Roberto Becerril Vazquez', '', 0),
(258, '003844', 'David Romhan Torres', '', 0),
(259, '003840', 'Edson Rodrigo Quintana Gonzalez', '', 0),
(260, '003839', 'Maria Del Mar Sotelo Moreno', '', 0),
(261, '003831', 'Joel Dominguez Carrillo', '', 0),
(262, '003830', 'Luis Asdrubal Valladares Carriles', '', 0),
(263, '003829', 'Humberto Gerardo Morales Suarez', '', 0),
(264, '003820', 'Francisco Manuel Escalona Gomez', '', 0),
(265, '003814', 'Humberto Nava Rivera', '', 0),
(266, '003813', 'Oscar Martin Ornelas Zarate', '', 0),
(267, '003791', 'Jose Maria Bracamontes Almeraz', '', 0),
(268, '003778', 'Jaime Alejandro Rivas Soni', '', 0),
(269, '003768', 'Armando Palomares Alva', '', 0),
(270, '003760', 'Ivan Zamarron Gomez', '', 0),
(271, '003710', 'Eva Leticia Chavez Hidalgo', '', 0),
(272, '003683', 'Juan Zamora Cruz', '', 0),
(273, '003670', 'Francisco Alejandro Celedon Cuevas', '', 0),
(274, '003660', 'Hermilo Calderon Tepexy', '', 0),
(275, '003655', 'Omar Paz Gama Guillen', '', 1),
(276, '003584', 'Fabricio Cadena Hernandez', '', 1),
(277, '003546', 'Pedro Adair Mendizabal Rojas', '', 0),
(278, '003538', 'Mónica Elideé Reyes Torres', '', 0),
(279, '003523', 'Juan Salvador Sanchez Ruvalcaba', '', 0),
(280, '003483', 'Ricardo Cesar Olvera Martinez', '', 0),
(281, '003438', 'Fernando Ayala Meza', '', 0),
(282, '003426', 'Juan Carlos Ochoa Medina', '', 0),
(283, '003415', 'Jorge Fernando Dominguez Alonso', '', 0),
(284, '003414', 'Luis Rodrigo Castillo Tello', '', 0),
(285, '003400', 'Jonathan Jair Contreras Hernández', '', 0),
(286, '003395', 'Erik Campos Moreno', '', 0),
(287, '003362', 'David Israel Hernandez Luna', '', 0),
(288, '003357', 'Salvador Lizardo Aponte Escalante', '', 1),
(289, '003356', 'Gloria Isabel Torres Sotelo', '', 0),
(290, '003346', 'Oscar Cortes Lopez', '', 0),
(291, '003337', 'Jose Arturo Palomar Nuñez', '', 0),
(292, '003316', 'Salomon Lopez Rosas', '', 0),
(293, '003315', 'Carlos Arturo Garcia Aguilera', '', 0),
(294, '003272', 'Ricardo Rivera Navarro', '', 0),
(295, '003263', 'Gilberto Canseco García', '', 0),
(296, '003242', 'Jorge Antonio Casco Hernandez', '', 0),
(297, '003217', 'Juan Azayacatzin Hernandez Palafox', '', 0),
(298, '003216', 'Eulalio Anaya Avila', '', 0),
(299, '003207', 'Francisco Javier Quiroz Toribio', '', 0),
(300, '003205', 'Adad Damian Mendez Marquez', '', 0),
(301, '003199', 'Norma Alicia Resendiz Santos', '', 0),
(302, '003177', 'Esteban Lopez Godinez', '', 0),
(303, '003160', 'Mario Ivan Portal Nuñez', '', 0),
(304, '003151', 'Javier Alberto Agoitia Perez', '', 1),
(305, '003149', 'Jose Luis Aparicio Lopez', '', 0),
(306, '003146', 'Alondra Ixchel Gil Perez', '', 0),
(307, '003140', 'Ivan Merced Nuñez', '', 0),
(308, '003081', 'Gerardo Rodriguez Hernandez', '', 1),
(309, '003064', 'Juan Carlos Ramirez Martinez', '', 0),
(310, '003035', 'Gabriela Flores Hernandez', '', 0),
(311, '002960', 'Ramon Padilla Pacheco', '', 0),
(312, '002950', 'Ricardo Lozano Lozano', '', 0),
(313, '002863', 'Jorge Alberto Reteguin Pimentel', '', 0),
(314, '002818', 'Sandra Patricia Miranda Ruiz', '', 0),
(315, '002741', 'Perla Escamilla Leyva', '', 0),
(316, '002559', 'Julieta Del Carmen Munguia Carrara', '', 0),
(317, '002523', 'Jose Gregorio Garza Ornelas', '', 0),
(318, '002363', 'Natalio Canto Tuz', '', 0),
(319, '002358', 'Miriam Berenice Diaz Urquidi', '', 1),
(320, '002294', 'Justino Cabrera Cruz', '', 0),
(321, '002284', 'Daniel Edel Vertiz Salazar', '', 1),
(322, '002248', 'Jaime Manuel Cerriteño Virrey', '', 0),
(323, '002111', 'Nora Maria Larracilla Hernandez', '', 0),
(324, '002044', 'Alvaro Rodriguez Bueno Torres', '', 0),
(325, '001936', 'Tania Elizabeth Tabares Corona', '', 0),
(326, '001869', 'Hugo Ruiz Hernandez', '', 0),
(327, '001863', 'Roberto Morales Carrasco', '', 0),
(328, '001849', 'Alfredo Mejia Murillo', '', 0),
(329, '001817', 'Luis Adrian Sandoval Oropeza', '', 0),
(330, '001757', 'Liliana Flores Baeza', '', 0),
(331, '001707', 'Orlando Rodriguez Moreno', '', 1),
(332, '001689', 'Jose Luis Ibarra Davila', '', 0),
(333, '001682', 'Humberto Alfaro Galan', '', 0),
(334, '001672', 'Edgar Mahad Gutierrez Hernandez', '', 0),
(335, '001666', 'Arnulfo Lopez Preciado', '', 0),
(336, '001607', 'Guillermo Rogelio Garcia Rocha', '', 0),
(337, '001516', 'Antonio Cielo Ibarra', '', 1),
(338, '001463', 'Armando Escamilla Ramirez', '', 0),
(339, '001429', 'Rafael Romero Atilano', '', 0),
(340, '001262', 'Rafael Crespo Gomez', '', 0),
(341, '001218', 'Mario Alberto Mondragon Muñoz', '', 0),
(342, '001200', 'Rosaura Huante Franco', '', 0),
(343, '001187', 'Alejandro Joel Ochoa Velazquez', '', 0),
(344, '000684', 'Monica Beatriz Gallardo Dominguez', '', 0),
(345, '000673', 'Alberto Adrian Vasconcelos Ricardez', '', 0),
(346, '000289', 'Abraham Perez Mendez', '', 0),
(347, '000279', 'Sergio Bruno Sanchez Catala', '', 0),
(348, '000113', 'Hiram Elim Araujo Garcia', '', 0),
(349, '004097', 'Marisol Saldaña  Manzano', '', 0),
(350, '003719', 'Mauricio Alberto Marrero Chapa', '', 0),
(351, '003391', 'Monica Gomez Roji', '', 0),
(352, '002477', 'Carmen Adriana Chavarria Martinez', '', 1),
(353, '002361', 'Maria Del Carmen Molina Rojas', '', 0),
(354, '001920', 'Alma Andrea Martinez Angel', '', 0),
(355, '001381', 'Yolanda Mendoza Torres', '', 1),
(356, '001244', 'Tania Alonso Tellez Giron', '', 0),
(357, '004228', 'Silvia Elizabeth Munguia Vieyra', '', 0),
(358, '001079', 'Diego Gaxiola Cuevas', '', 0),
(359, '004125', 'Jorge Rodríguez Ramírez', '', 0),
(360, '003946', 'Arturo Ponce Necoechea', '', 0),
(361, '003941', 'Edmundo Castillo Pantoja', '', 0),
(362, '003596', 'Victor Angel Gonzalez Moreno', '', 0),
(363, '003338', 'Beatriz Adriana Vazquez Soto', '', 0),
(364, '003210', 'Delia Sabanero Ortiz', '', 1),
(365, '003074', 'Guillermo Cruz Hernandez', '', 0),
(366, '003008', 'Edwin Nava Lopez', '', 1),
(367, '002713', 'Francisco Johnatan Calderon Marin', '', 0),
(368, '002712', 'Edgar Daniel Solis Cadena', '', 0),
(369, '002163', 'Marcela Cortes Solano', '', 0),
(370, '002102', 'Roberto Serralde Nieto', '', 0),
(371, '001136', 'Alberto Carlos Marin Yacaman', '', 0),
(372, '001045', 'Adrian Alvarez Muñoz', '', 0),
(373, '001017', 'Francisco Guzman Guzman', '', 0),
(374, '000774', 'Alejandro Marquez Licea', '', 0),
(375, '000662', 'Ruben Lopez Paredes', '', 0),
(376, '000536', 'Gabriel Venancio Rufino', '', 0),
(377, '000107', 'Mario Sanchez Martinez', '', 0),
(378, '004240', 'Corina Beatriz Degwitz Losada', '', 0),
(379, '004227', 'Joel Angeles Villegas', '', 0),
(380, '004202', 'Jose Juan Chavez Mendez', '', 0),
(381, '004155', 'Laura Galvan Romero', '', 0),
(382, '004142', 'Marsella Xanadu Jess Guzman Bello', '', 0),
(383, '004141', 'Daniel  Luna Robles', '', 0),
(384, '004109', 'Claudia Guerrero Alba', '', 0),
(385, '004091', 'Jose Diaz Lopez', '', 0),
(386, '003945', 'Rebeca Vivanco Beltran', '', 0),
(387, '003928', 'Alejandro Calvo Arias', '', 0),
(388, '003924', 'Jose Leonel Ibarra Cortez', '', 1),
(389, '003894', 'Natalia  Prol Carreiro', '', 0),
(390, '003890', 'Maria Alejandra Arteaga Ayala', '', 0),
(391, '003877', 'Alfredo Bustani Martinez', '', 1),
(392, '003851', 'Karla Emmelin Prado Cosio', '', 0),
(393, '003843', 'Edmundo Garza Delgado', '', 1),
(394, '003788', 'Mayte Miriam Meza Diaz', '', 1),
(395, '003787', 'Paul Reyes Baez Navarro', '', 1),
(396, '003763', 'Lizett Laura Najera Maldonado', '', 1),
(397, '003754', 'Mario Eduardo Sanchez Hernandez', '', 0),
(398, '003753', 'Edgar Manuel Nava Arredondo', '', 0),
(399, '003748', 'Maria Del Socorro  Guajardo Elizondo', '', 0),
(400, '003746', 'Mariana Zepeda Gil', '', 0),
(401, '003745', 'Adriana Gonzalez Flores', '', 0),
(402, '003694', 'Magali Jimenez Zavala', '', 0),
(403, '003647', 'Eduardo Israel Teran Gonzalez', '', 0),
(404, '003606', 'Lisset Silva Mendoza', 'lisset.silva@alsea.com.mx', 1),
(405, '003593', 'Gabriela Yarmeli Morales Segura', '', 1),
(406, '003529', 'Marisol Montserrat Gonzalez Leon', '', 0),
(407, '003492', 'Lucia Peralta Reyna', '', 0),
(408, '003433', 'Rafael Antonio Avila', '', 1),
(409, '003226', 'Jose Enrique Briseño Velasco', '', 0),
(410, '003214', 'Erin Moreno Marin', '', 0),
(411, '003043', 'Adriana Andrade Almeida', '', 1),
(412, '002990', 'Evelyn Romero Carril', 'evelyn.romero@alsea.com.mx', 0),
(413, '002583', 'Elibeth Vivas Herrera', 'elibeth.vivas@alsea.com.mx', 0),
(414, '002329', 'Nancy Michael Aguillon Gonzalez', '', 0),
(415, '001225', 'Lucia Escalante Paulino', '', 1),
(416, '001203', 'Clara Ivonne Madrid Canudas', 'ivonne.madrid@alsea.com.mx', 1),
(417, '000972', 'Nelly Angelica Flores Paez', '', 0),
(418, '000596', 'Amaya Otegui Fernandez', '', 0),
(419, '000214', 'Israel Camarillo Cuevas', '', 0),
(420, '000041', 'Silvia Teresa Mestizo Perez', '', 1),
(421, '004437', 'Luis Villasana Larios', '', 0),
(422, '004436', 'Juan Carlos Vidal Pech', '', 0),
(423, '004137', 'Carlos Velasco Ramirez', '', 0),
(424, '004043', 'Claudia Flores Delgado', '', 0),
(425, '003938', 'Diego Facio Lopez', '', 0),
(426, '003937', 'Laura Leon Garcia', '', 0),
(427, '003931', 'Jorge Armando Huerta Fletes', '', 0),
(428, '003919', 'Roxana  Alvarez Perdigon', '', 0),
(429, '003905', 'Jorge Gustavo Sanchez Flores', '', 0),
(430, '003863', 'Miguel Angel Perez Padilla', '', 0),
(431, '003857', 'Israel Hernandez Barreto', '', 0),
(432, '003847', 'Luis Jair Sanchez Albarran', '', 0),
(433, '003845', 'Daniela Castro Gallardo', '', 1),
(434, '003837', 'Alejandro Martinez Lorenzo', '', 0),
(435, '003808', 'Hayde Chavez Moreno', '', 0),
(436, '003783', 'Yazmin Juarez Villagran', '', 0),
(437, '003743', 'Sara Cristina Felix Gomez', '', 0),
(438, '003741', 'Villebaldo De Alfadi Cadena Olivares', '', 0),
(439, '003699', 'Rene Marcos Vicenteño Avila', '', 0),
(440, '003619', 'Laura Demichelis Chapa', '', 0),
(441, '003570', 'Mayra Judith Santiago Flores', '', 0),
(442, '003514', 'Griselda  Paez Hernandez', '', 0),
(443, '003487', 'Rafael Rivera Fernandez', '', 0),
(444, '003472', 'Pamela Roldan Olin', '', 0),
(445, '003462', 'Myrna Adriana Vega Romero', '', 0),
(446, '003423', 'Carlos Eduardo Guerrero Ortiz', '', 0),
(447, '003411', 'Aaron Gabriel Culber Lopez Gorostieta', '', 0),
(448, '003248', 'Ivette Araceli Romero Mondragon', '', 0),
(449, '003077', 'Deyanira Sarai Sira Melendez', '', 0),
(450, '003013', 'Sofia Vianey Vazquez Corona', '', 0),
(451, '002943', 'Enrique Alberto Garcia Ruiz', '', 0),
(452, '002924', 'Taniz Andres Escobar Sanchez', '', 0),
(453, '002900', 'Tomas Gonzalez Rodela', '', 0),
(454, '002839', 'Hilda Portillo Cruz', '', 0),
(455, '002808', 'Juan Carlos Carmona Tenorio', '', 0),
(456, '002807', 'Erik Abraham Rangel Ocampo', '', 0),
(457, '002768', 'Karina Jacqueline Gonzalez Anonales', '', 0),
(458, '002693', 'Juana Maribel Jaimez Lima', '', 0),
(459, '001884', 'Zulema Citlallic Magaña Barreto', '', 0),
(460, '001485', 'Jenny Berenice Zetina Matamoros', '', 0),
(461, '001465', 'Jose Manuel Hernandez Lozada', '', 0),
(462, '001220', 'Marisela Martinez Castro', '', 0),
(463, '000978', 'Celia Anabel Arrieta Moore', '', 0),
(464, '000725', 'Jose Armando Romero Chavarin', '', 0),
(465, '000675', 'Saul Enrique Morales Gomez', '', 0),
(466, '004170', 'Diana Samperio Alvarez', '', 0),
(467, '004163', 'Jesus Alejandro Martinez Arias', '', 0),
(468, '004162', 'Rogelio Gonzalez Gonzalez', '', 0),
(469, '004150', 'Sandra Gabriela Ruiz Medina', '', 0),
(470, '004126', 'Diana Lorena Palomo Garcia', '', 0),
(471, '004086', 'Julia Cordova Pacheco', '', 0),
(472, '004075', 'Karina Alejandra Chacon Perera', '', 0),
(473, '004073', 'Luz Alicia Guadalupe Cuellar Ponton', '', 0),
(474, '004058', 'Fernando Balcazar De La Cruz', '', 0),
(475, '003948', 'Joselyn Sanchez Cisneros', '', 0),
(476, '003934', 'Nelly Isabel Palacios Regalado', '', 0),
(477, '003912', 'Norma Olivia Ramirez Vazquez', '', 0),
(478, '003911', 'Hilario Marquez Nicolas', '', 0),
(479, '003904', 'Ines Tadea Gomez Saravia Riveroll', '', 1),
(480, '003871', 'Ivan Alejandro Guerrero Castillo', '', 0),
(481, '003842', 'Haydee Garcia Ceja', '', 1),
(482, '003802', 'Max Antonio Vinner Loza', '', 1),
(483, '003782', 'Edgar Isidro Chavez Martinez', '', 0),
(484, '003780', 'Maria De Los Angeles Perez Rivas', '', 0),
(485, '003765', 'Jose Manuel Zavala Cruz', '', 0),
(486, '003686', 'Edgar Omar Villafañe Ruiz', '', 0),
(487, '003649', 'Juan Luis Bueno Mota', '', 0),
(488, '003643', 'Luis Adolfo Silva Bernal', '', 1),
(489, '003642', 'Rafael Trujillo Martinez', '', 0),
(490, '003562', 'Martha Judith Canche Koh', '', 0),
(491, '003540', 'Martha Patricia Garcia Macias', '', 0),
(492, '003524', 'Liliana Contreras Hernández', '', 0),
(493, '003518', 'Armando  Alfonso Leon', '', 0),
(494, '003488', 'Juan Francisco  Tienda Santos', '', 0),
(495, '003475', 'David Pineda Trejo', '', 0),
(496, '003467', 'Edgar Utrera Perez', '', 0),
(497, '003392', 'Fabiola Carrillo Cervantes', '', 0),
(498, '003368', 'Ricardo Gutierrez  Xochimitl', '', 1),
(499, '003351', 'Ana Valeria Guerrero Cobian', '', 0),
(500, '003268', 'Jose Antonio Garcia Carro', '', 0),
(501, '003267', 'Sinai Molina  Jimenez', '', 0),
(502, '003261', 'Ana Paula Garza Castillo', '', 0),
(503, '003239', 'Juan Francisco Mejia Lugo', '', 0),
(504, '003173', 'Carlos Sanchez Tena', '', 0),
(505, '003166', 'Jesus Emilio Beltran Huerta', '', 0),
(506, '003115', 'Jose  Leon Ordaz', '', 0),
(507, '003112', 'Fernando Eliezer Sosa  Osorio', '', 0),
(508, '003080', 'Raul Romo Vega', '', 0),
(509, '003055', 'Alejandra Cruz Romelia', '', 0),
(510, '003048', 'Fanny Carolina Gonzalez Galvan', '', 0),
(511, '002993', 'Jesus Alfredo Arellano Estrada', '', 0),
(512, '002984', 'Sara Maria Luisa Guadian Moreno', '', 0),
(513, '002932', 'Noe Galeana Sanchez', '', 0),
(514, '002884', 'Adan Sanchez Hernandez', '', 0),
(515, '002868', 'Carlos Gerardo Tello Mata', '', 0),
(516, '002824', 'Berenice Loeza Quiñones', '', 0),
(517, '002754', 'Ernestino Bernabe Osorio', '', 0),
(518, '002735', 'Gregorio Isaac Villa Altamirano', '', 0),
(519, '002628', 'Diego Jose Miguel Sandoval Alvarez', '', 0),
(520, '002565', 'Elizabeth Mendez Cano', '', 1),
(521, '002429', 'Narda Aracelly Kuyoc Herrera', '', 1),
(522, '002350', 'Juan Antonio Gallardo Vallejo', '', 0),
(523, '002349', 'Emilio Sosa Munguia', '', 0),
(524, '002324', 'Alfonso Tinoco Estrada', '', 0),
(525, '002318', 'Vivian Karla Del Valle Moro', '', 0),
(526, '002286', 'Juan Jose Malagon Montalvo', '', 1),
(527, '002225', 'Luz Argentina Valadez Posadas', '', 0),
(528, '002173', 'Sergio Antonio Trejo Nieves', '', 0),
(529, '002133', 'Vanessa Yazmin Varillas Bejarano', '', 0),
(530, '002058', 'Yessica Real Rodriguez', '', 0),
(531, '002027', 'Fernando Javier Colin Albarran', '', 0),
(532, '001999', 'Fermin Islas Nuñez', '', 0),
(533, '001919', 'Jeanette Regnier Gonzalez', '', 0),
(534, '001826', 'Jesus Soto Garay', '', 0),
(535, '001802', 'Roberto Javier Gutierrez Sanson', '', 0),
(536, '001787', 'Karina Centeno Leal', '', 0),
(537, '001709', 'Rebeca De La Paz Martin Velazquez', '', 0),
(538, '001697', 'Maria Elba Paredes Paredes', '', 0),
(539, '001593', 'Aisa Santiago Ordoñez', '', 0),
(540, '001419', 'Dario Nathaniel Garcia Lima', '', 0),
(541, '001418', 'Sergio Oswaldo De La Paz Arellano', '', 0),
(542, '001406', 'Karla Patricia Morales Peza', '', 0),
(543, '001374', 'Felipe Lopez Juarez', '', 0),
(544, '001185', 'Ana Maria Lerma Abrego', '', 0),
(545, '001175', 'Lorena Aguilar Gonzalez', '', 0),
(546, '001055', 'Miriam Nancy Bernal Saldivar', '', 0),
(547, '000981', 'Paola Berenice Cardoso Bernardino', '', 0),
(548, '000946', 'Carlos Israel Garcia Flores', '', 0),
(549, '000905', 'Alejandra Espinosa Ashane', '', 0),
(550, '000881', 'Raul Sinohe Sierra Santamaria', '', 0),
(551, '000365', 'Maria Eva Arellano Sanchez', '', 0),
(552, '000356', 'Gabriel Delgado Blancas', '', 0),
(553, '000232', 'Humberto Andrade Umbral', '', 0),
(554, '000228', 'Maria De Lourdes Tlatempa Leyva', '', 0),
(555, '000104', 'Victor Hugo Flores Olmedo', '', 0),
(556, '000078', 'Alejandro Raul Espinosa Gutierrez', '', 1),
(557, '000061', 'Eduardo Gandara Torre', '', 0),
(558, '000058', 'Martin Ariel Santos Temponi', '', 0),
(559, '000044', 'Victor Manuel Sotelo De Landa', '', 0),
(560, '000024', 'Javier Martinez Martinez', '', 1),
(561, '000017', 'Dante Augusto Garcia Ruiz', '', 0),
(562, '004250', 'Nubia Lizet Sanchez Flores', '', 0),
(563, '004242', 'Jose Carlos Ortiz Fernandez', '', 0),
(564, '004186', 'Edgar Daniel Aldana Valdez', '', 0),
(565, '003659', 'Sergio Alberto Trejo Sandoval', '', 0),
(566, '003633', 'Gustavo Navarro Rangel', '', 0),
(567, '003603', 'Luis Felipe Vazquez Vera', '', 0),
(568, '003602', 'Jose Miguel Aragon Rios', '', 1),
(569, '002992', 'Lorayne Yadira Guzman Tellez', '', 0),
(570, '002882', 'Clara Ivette Nogues Nivon', '', 0),
(571, '001344', 'Javier Diaz Barreiro', '', 0),
(572, '001334', 'Jose Alfonso Xospa Xolalpa', '', 0),
(573, '000444', 'Eric Melendez Camarillo', '', 0),
(574, '003940', 'Luis Alberto Castro Roman', '', 1),
(575, '003867', 'Erick Luna Perez', '', 0),
(576, '002714', 'Monserrat Vargas Osorio', '', 0),
(577, '000246', 'Maria Elena Perez Enriquez', '', 1),
(578, '004445', 'Luis Ordaz Rodriguez', '', 0),
(579, '004443', 'Veronica Carmona Soberanes', '', 0),
(580, '004258', 'Araceli Ceron Juarez', '', 0),
(581, '004198', 'Pilar Aidee Gonzalez Huerta', '', 0),
(582, '004136', 'Isaac Francisco Vallejo Hernandez', '', 0),
(583, '004064', 'Marlene Garcia Hernandez', '', 0),
(584, '004018', 'Priscila Barrera Gonzalez', '', 0),
(585, '004017', 'Isabel Reyes Hernandez', '', 0),
(586, '004015', 'Luis Enrique Diaz Hernandez', '', 0),
(587, '003947', 'Maria Del Carmen Pintor Perez', '', 0),
(588, '003850', 'Monica Vanessa Mendez Espinoza', '', 0),
(589, '003817', 'Monica Adriana Lara Anaya', '', 0),
(590, '003730', 'Norainy Maria Ponce Velazquez', '', 0),
(591, '003650', 'Nancy Yazmin Serrano Olivares', '', 0),
(592, '003558', 'Raul Mejorada Arcos', '', 0),
(593, '003547', 'Jorge Alberto Ramirez Ortiz', '', 0),
(594, '003517', 'Linda Graciela Magaña Spinola', '', 0),
(595, '003454', 'Liliana Olivo Carlin', '', 0),
(596, '003413', 'Victor Sierra Mendoza', '', 0),
(597, '003123', 'Carolina Aidee Sanchez Guerrero', '', 0),
(598, '003036', 'Oscar Hernandez Ramirez', '', 0),
(599, '002997', 'Fernando Gutierrez Lopez', '', 0),
(600, '002962', 'Berenice Vazquez Talavera', '', 0),
(601, '002800', 'Ivan Guillermo Ortiz Delgado', '', 0),
(602, '002494', 'Nancy Guadalupe Osorio Piña', '', 0),
(603, '001526', 'Edgar Hilario Meza', '', 0),
(604, '001278', 'Edgar Israel Martinez Perez', '', 0),
(605, '004019', 'Iliana Jetzabel Mendez Banda', '', 0),
(606, '003824', 'Victor Hugo Payan Martinez', '', 0),
(607, '003552', 'Zaid Antonio Cuevas Cecenes', '', 0),
(608, '003440', 'Gerardo Sosa Garza', '', 0),
(609, '003439', 'Isaac Hernandez Trujillo', '', 0),
(610, '003402', 'Llerardo Villalpando Angeles', '', 0),
(611, '003297', 'Victor Ricardo Cachoua Carrasco', '', 0),
(612, '003293', 'Rosalio Perez Loeza', '', 0),
(613, '003292', 'Rogelio Alvarado Rivera', '', 0),
(614, '003288', 'Jose Paul Vazquez Llera', '', 0),
(615, '003284', 'Jose Alberto Holguin Pacheco', '', 0),
(616, '003281', 'Graciela  Contreras Hernandez', '', 0),
(617, '003280', 'Giuseppe  Bosco Berrospe', '', 0),
(618, '003133', 'Germán Samuel Cortes Hernandez', '', 0),
(619, '003054', 'Leidy Diana Cruz Cruz', '', 0),
(620, '002178', 'Ulises Quijano Morales', '', 0),
(621, '001850', 'Israel Sanchez Sanchez', '', 1),
(622, '001659', 'Adolfo Joel Ornelas Gutierrez', '', 0),
(623, '000429', 'Carlos Humberto Estrada Chavez', '', 0),
(624, '003479', 'Jaime Armin Cañas Acar', '', 0),
(625, '003463', 'Liliana Rosas Herrera', '', 0),
(626, '002880', 'Marcela Hernandez Ramirez', '', 0),
(627, '000441', 'Elizabeth Estrella Garrido Lopez', '', 0),
(628, '000422', 'Andres Garcia Moreno Rodriguez', '', 0),
(629, '003910', 'Norma Angelica Luna Alvarez', '', 0),
(630, '003786', 'Maria Gabriela Olmedo Aguilar', '', 0),
(631, '003446', 'Israel Said Zapata Juarez', '', 0),
(632, '003156', 'Jose Joaquin Palominos Valencia', '', 0),
(633, '001928', 'Paulina Jimenez Santana', '', 1),
(634, '000511', 'Jaime Vasquez Zendejas', '', 1),
(635, '003612', 'Sarai Jimenez Garcia', '', 0),
(636, '002624', 'Martha Tamayo Godinez', '', 0),
(637, '002586', 'Ruben Victoriano Trujillo Lopez', '', 0),
(638, '000020', 'Maria Del Pilar Torrado Monge', '', 0),
(639, '002906', 'Mario Alberto Paez Martinez', '', 0),
(640, '000913', 'Selene Gonzalez Serrato', '', 0),
(641, '004219', 'Nuria Melissa Catalan Arroyo', '', 0),
(642, '004133', 'Jorge Elias Vicente Morales', '', 1),
(643, '004131', 'Diego Cham Anaya', '', 1),
(644, '004130', 'Jaime Antonio Ruelas Gutierrez', '', 0),
(645, '004112', 'Gisela Muro Rico', '', 0),
(646, '004079', 'Teresa Palacios Sanchez', '', 0),
(647, '004078', 'Oliver Roberto Perez Briones', '', 0),
(648, '004076', 'Regina Fernandez Pasta', '', 0),
(649, '004001', 'Jorge Hiromi Nishimura  Avila', '', 0),
(650, '003989', 'Daniela  Galan Mendicuti', '', 0),
(651, '003966', 'Edgar Peña Osorio', '', 0),
(652, '003942', 'Jennesse Aurora Angeles Olguin', '', 0),
(653, '003925', 'Mildred Alejandra Nuñez García', '', 1),
(654, '003914', 'Hugo Guerrero Bonilla', '', 0),
(655, '003913', 'Oscar Antonio Aragon Garcia', '', 0),
(656, '003885', 'Eduardo Ulises Mejia Dueñas', '', 0),
(657, '003862', 'Selene Vazquez Rabanales', '', 0),
(658, '003853', 'Iliana Jimenez Rodriguez', '', 0),
(659, '003823', 'Daniel Eugenio Sanchez Vargas', '', 0),
(660, '003721', 'Edgar Rios Linares', '', 1),
(661, '003667', 'Jorge Alberto Bojorquez Rodriguez', '', 1),
(662, '003652', 'Sandra Lozano Guerrero', '', 0),
(663, '003640', 'Federico Martino Arreola', '', 0),
(664, '003588', 'Ramon Nolasco Leyva', '', 0),
(665, '003490', 'Maria Ethelia Martinez Gonzalez', '', 0),
(666, '003465', 'Issa Eugenia Rodriguez Beltran', '', 0),
(667, '003453', 'Oscar Pacheco Moreno', '', 1),
(668, '003380', 'Maria Beatriz Veliz Zendejas', '', 1),
(669, '003360', 'Marc Olivier Jean Ma Branet Pollet', '', 1),
(670, '003354', 'Lizeth Duarte Picos', '', 0),
(671, '003347', 'Alicia Esses Dabbah', '', 0),
(672, '003339', 'Monica Iztli Garcia Vazquez', '', 0),
(673, '003245', 'Adriana Mendiola Flores', '', 0),
(674, '003238', 'Andrea Santos Granados', '', 0),
(675, '003233', 'Lorena Martinez Contreras', '', 0),
(676, '003230', 'Erika Nayelli Monroy Velazquez', '', 1),
(677, '003218', 'Jenny Ivonne Camacho Rosales', '', 0),
(678, '003209', 'Gerardo Osuna Martinez', '', 0),
(679, '003155', 'Leticia Sainz Fuertes', '', 0),
(680, '003147', 'Humberto David Morales Martinez', '', 0),
(681, '003130', 'Isai Adrian Martinez Reyna', '', 0),
(682, '003129', 'Natalia Mata Camacho', '', 1),
(683, '003122', 'Maria Ivet Guerrero Rodarte', '', 0),
(684, '003121', 'Ruben Contreras Arias', '', 1),
(685, '003120', 'Elsa Isela Calderon Escutia', '', 1),
(686, '003119', 'Judith Robledo Mendoza', '', 0),
(687, '003118', 'Karina Lugo Hernández', '', 1),
(688, '003097', 'Luis Antonio Sanchez Medina', '', 0),
(689, '003063', 'Daniel Ramos Godina', '', 1),
(690, '003053', 'Oscar Rolando Aleman Paz', '', 0),
(691, '003052', 'Ana Laura Oaxaca Ordoñez', '', 1),
(692, '003051', 'Joel Elias Arevalo Herrera', '', 0),
(693, '003049', 'Miguel Angel Chapa Sanchez', '', 0),
(694, '003032', 'Juan Victor Vazquez Mejia', '', 0),
(695, '003027', 'Arturo Martinez Gutierrez', '', 0),
(696, '002983', 'Juan Carlos Lozoya Lozoya', '', 0),
(697, '002938', 'Jose Oscar Bastida Pavon', '', 0),
(698, '002922', 'Vanessa Carreño Rios', '', 0),
(699, '002874', 'Cristina Ortega Guevara', '', 0),
(700, '002858', 'Maria De Lourdes Orozco Herrera', '', 0),
(701, '002857', 'Ana Paula Guadarrama Fava', '', 0),
(702, '002820', 'Francisco Lizardo Hernandez Medina', '', 1),
(703, '002779', 'Janet Adriana Bonifacio Chavira', '', 0),
(704, '002748', 'Virginia Carrera Olvera', '', 0),
(705, '002727', 'Gerardo Jose Buenfil Patron', '', 1),
(706, '002711', 'Estela Teja Molina', '', 1),
(707, '002709', 'Hazar Susim Trejo Hernandez', '', 0),
(708, '002691', 'Susana Diaz Vargas', '', 0),
(709, '002678', 'Diana Jessica Gonzalez Lopez', '', 0),
(710, '002661', 'Itzel Estela Zarate Gonzalez', '', 0),
(711, '002655', 'Luis Ruben Pereyra Escobar', '', 0),
(712, '002615', 'Juan Carlos Ramos Godina', '', 0),
(713, '002579', 'Alejandra Berenice Cruz Martinez', '', 0),
(714, '002512', 'Julio Cesar Mereles Ruiz', '', 0),
(715, '002502', 'Lourdes Elianne Leal Cruz', '', 1),
(716, '002410', 'Guadalupe Jonguitud Lara', '', 0),
(717, '002279', 'Ericka Victoria Guad Murillo Larrañaga', '', 0),
(718, '002211', 'Mariana Cuevas Flores', '', 1),
(719, '002210', 'Jessica Deyanira Valtier Morales', '', 1),
(720, '002141', 'Mariana Eugenia Lugo Preciado', '', 0),
(721, '002116', 'Mayela Cabrera Ramos', '', 0),
(722, '002009', 'Wendy Rebeca Nieto Sanchez', '', 0),
(723, '001965', 'Jorge Alberto Beltran Quintero', '', 0),
(724, '001932', 'Nora Elisa Padilla Castro', '', 0),
(725, '001871', 'Paulina Arellano Ruiz', '', 0),
(726, '001861', 'Luis Miguel Rodarte Briones', '', 0),
(727, '001840', 'Ana Celia Moreno Gastelum', '', 0),
(728, '001804', 'Mariano Mañon Talamantes', '', 1),
(729, '001801', 'Danhira Rodriguez Alvidrez', '', 0),
(730, '001733', 'Jose Jorge Murga Garcia', '', 0),
(731, '001574', 'Esteban Flores Benitez', '', 0),
(732, '001499', 'Jorge Alberto Michel Minakata', '', 1),
(733, '001495', 'Victor Manuel Estevez Orozco', '', 0),
(734, '001453', 'Maria Jose Velazquez Vega', '', 0),
(735, '001452', 'Argenis Paredes Silva', '', 0),
(736, '001434', 'Ramiro Flores Delgado', '', 1),
(737, '001415', 'Alberto Collado Garcia', '', 0),
(738, '001312', 'Guillermo Reffreger Soto', '', 0),
(739, '001311', 'Oscar Aranda Nicasio', '', 0),
(740, '001310', 'Carlos Basilio Zubiaur Sanchez', '', 0),
(741, '001304', 'Abdiel Gutierrez Cervantes', '', 0),
(742, '001251', 'Abel Olivar Polanco', '', 0),
(743, '000939', 'Blanca Azzarel Muñoz Gonzalez', '', 1),
(744, '000438', 'Maria Fernanda Torres Pino', '', 1),
(745, '004243', 'Maria Ida Noemi Castillo Castelan', '', 0),
(746, '004225', 'Marlene Barcenas Sanchez', '', 0),
(747, '004180', 'Angelica Santiago Torres', '', 0),
(748, '004063', 'Marcela Acosta Jimenez', '', 0),
(749, '004062', 'Veronica Jimenez Zarate', '', 0),
(750, '004060', 'Eva Bellmunt Mata', '', 0),
(751, '003996', 'Rocio Reyes Delgadillo', '', 0),
(752, '003995', 'Orlenda Ramirez Martinez', '', 0),
(753, '003994', 'Maria Elena Caltempa Gomez', '', 0),
(754, '003992', 'Leticia Fuentes Moya', '', 0),
(755, '003991', 'Omar Antonio Martinez Avila', '', 0),
(756, '003930', 'Gerardo Cesar Flores', '', 0),
(757, '003878', 'Guillermo Abdel Villar Juarez', '', 0),
(758, '003833', 'Ivan Cardenas Rodriguez', '', 1),
(759, '003821', 'Jasmin Garcia De La Cruz', '', 0),
(760, '003799', 'Omar Osvaldo Velasco Bastida', '', 0),
(761, '003769', 'Daniela Trapaga Sanchez', '', 1),
(762, '003762', 'Miguel Angel Espinosa Hernandez', '', 1),
(763, '003758', 'Rene Becker  Sandoval', '', 0),
(764, '003757', 'Rosahi Martinez Mendoza', '', 0),
(765, '003679', 'Habacuc Jafet Acevedo Escamilla', '', 1),
(766, '003678', 'Adriana Georgina Castro Guerrero', '', 1),
(767, '003648', 'Zared Cardenas Sanchez', '', 0),
(768, '003634', 'Alejandro Torres Zenteno', '', 0),
(769, '003599', 'Jose Israel Zapata Rodriguez', '', 0),
(770, '003571', 'Ricardo Toledo Gomez', '', 1),
(771, '003564', 'Rocio Cecilia Hernandez Cuevas', '', 0),
(772, '003553', 'Leandro Cesar Montiel Murillo', '', 0),
(773, '003542', 'Raul Hernandez Garcia', '', 0),
(774, '003522', 'Katya Martinez Vazquez', '', 0),
(775, '003481', 'Norma Thalia Pereda Sanchez', '', 0),
(776, '003471', 'Ricardo Emmanuel Villalobos Gonzalez', '', 0),
(777, '003369', 'Eduardo Daniel Arjona Tamez', '', 0),
(778, '003363', 'Victor Octavio Vergara Guardado', '', 0),
(779, '003358', 'Luis Baltierra Rodriguez', '', 0),
(780, '003330', 'Jose De Jesus Mogollan Campos', '', 1),
(781, '003312', 'Adrian Solis Palafox', '', 1),
(782, '003310', 'Omar Rodriguez Tovar', '', 1),
(783, '003309', 'Griselda Lorena Pedro Garcia', '', 0),
(784, '003300', 'Dulce Maria Reyes Guzman', '', 1),
(785, '003231', 'Selene De Los Angele Lopez Juarez', '', 0),
(786, '003219', 'Julio Cesar Ruiz Mendoza', '', 0),
(787, '003182', 'Esteban Santin Barajas', '', 0),
(788, '003167', 'Karla Abigail Arriaga  Galindo', '', 0),
(789, '003125', 'Miguel Angel Dueñas Zuñiga', '', 0),
(790, '003061', 'Octavio Terrones Salazar', '', 0),
(791, '003047', 'Jorge Luis Cabrera Perez', '', 0),
(792, '002949', 'Wendy Imelda Gonzalez Rojas', '', 0),
(793, '002929', 'Maria Susana Moran Barrio', '', 0),
(794, '002877', 'Leonardo Daniel Noriega Galindo', '', 0),
(795, '002715', 'Oscar Manuel Duran Martinez', '', 0),
(796, '002642', 'Luz Aidee Rodriguez Botello', '', 1),
(797, '002601', 'Mayra Yolanda Flores Osorno', '', 0),
(798, '002578', 'Claudia Guadalupe Diaz Valadez', '', 0),
(799, '002577', 'Fabiola Galindo Santiago', '', 0),
(800, '002575', 'Guadalupe Pulido Blando', '', 1),
(801, '002520', 'Alejandro Villarruel Morales', '', 0),
(802, '002483', 'Monica Ibeth Teran Vazquez', '', 0),
(803, '002466', 'Ana Lia Valverde Castillo', '', 1),
(804, '002427', 'Laura Paloma Hernandez Alarcon', '', 0),
(805, '002396', 'Clara Araceli Garrido Sarabia', '', 0),
(806, '002345', 'Marco Antonio Sanchez Chores', '', 0),
(807, '002328', 'Emmanuel Cruz Lara', '', 0),
(808, '002319', 'Karina Lizeth Sepulveda Elizondo', '', 0),
(809, '002295', 'Marco Arturo Ponce Santiago', '', 1),
(810, '002226', 'Maria Ayde Herlinda Ruiz Fierros', '', 0),
(811, '002221', 'Luis Miguel Sandoval Martinez', '', 0),
(812, '002196', 'Diana Ramirez Cid', '', 0),
(813, '002088', 'Alejandro Camacho Belmont', '', 0),
(814, '002066', 'Claudia Mendoza Rodriguez', '', 0),
(815, '002059', 'Yessica Maribel Contreras Rodriguez', '', 0),
(816, '002056', 'David Albavera Centeno', '', 0),
(817, '002055', 'Zoraida Valdes Flores Carranza', '', 0),
(818, '001987', 'Gabriela Rosales Evangelista', '', 0),
(819, '001949', 'Maricela Castillo Sixtos', '', 0),
(820, '001937', 'Jose Colin Carmona', '', 0),
(821, '001923', 'Israel Garcia Flores', '', 0),
(822, '001903', 'Jose  Luis Vazquez Rivera', '', 0),
(823, '001859', 'Mayra Berenisse Malacara Rodriguez', '', 0),
(824, '001837', 'Xochitl Ramos Gomez', '', 0),
(825, '001834', 'Edith Liliana Rodriguez Perez', '', 0),
(826, '001813', 'Nadia Mercedes Zamora Cedillo', '', 0),
(827, '001769', 'Adolfo Palacios Ortiz', '', 0),
(828, '001703', 'Nahum Juarez Santos', '', 0),
(829, '001633', 'Maria Guadalupe Garduño Chapina', '', 0),
(830, '001582', 'Virgilio Espinoza Perez', '', 1),
(831, '001560', 'Eduardo Cortes Munguia', '', 0),
(832, '001531', 'Elena Reyna Ramos Almazo', '', 0),
(833, '001530', 'Matilde Del Carmen Alvarado Hernandez', '', 0),
(834, '001476', 'Daniel Montalvo Castillo', '', 0),
(835, '001412', 'Maria Luisa Vasquez Juarez', '', 0),
(836, '001403', 'Nancy Judith Ochoa Morales', '', 1),
(837, '001343', 'Adan Reyna Rosales', '', 0),
(838, '001339', 'Erika Lorena Ortiz Gaeta', '', 0),
(839, '001298', 'Joel Zuñiga Gordillo', '', 0),
(840, '001210', 'Alfredo Lanzagorta Sosa', '', 0),
(841, '001167', 'Jesus Padilla Salgado', '', 0),
(842, '001157', 'Fulgencio Lopez Garcia', '', 0),
(843, '001098', 'Alma Gabriela Baez Gutierrez', '', 0),
(844, '001070', 'Elizabeth Monroy Mota', '', 1),
(845, '000930', 'Monica Mireya Mendez Velazquez', '', 0),
(846, '000877', 'Efren Abarca Benitez', '', 1),
(847, '000784', 'Ruperto Crisanto Torres Borges', '', 0),
(848, '000715', 'Juan Gabriel Jimenez Cisneros', '', 0),
(849, '000714', 'Maria Dolores Avila Castro', '', 0),
(850, '000712', 'Maria Dolores Aguilar Lopez', '', 0),
(851, '000549', 'Monica Robles Avitua', '', 0),
(852, '000418', 'Jose Daniel Fernandez Martinez', '', 0),
(853, '000397', 'Angeles Romero Limon', '', 0),
(854, '000396', 'Pedro Alejandro Gutierrez Lopez', '', 0),
(855, '000360', 'Fidel Delgado Soto', '', 0),
(856, '000346', 'Maria Laura Xochicale Lima', '', 0),
(857, '000331', 'Ruben Mendez Juarez', '', 0),
(858, '000187', 'Maria Del Rosario Ramirez Valenzuela', '', 0),
(859, '000145', 'Camilo Rafael Jimenez Gonzalez', '', 0),
(860, '000055', 'Maria Del Carmen Flores Rivera', '', 0),
(861, '000047', 'Mario Gonzalez Bautista', '', 0),
(862, '000032', 'Ernesto Alejandro Rodriguez Medina', '', 1),
(863, '000019', 'Jose Luis Castañeda Garcia', '', 0),
(864, '000010', 'Maria Cristina Valencia Acevedo', '', 0),
(865, '002439', 'Oscar Preciado Rubio', '', 0),
(866, '002317', 'Cynthia Acela Blancas Moran', '', 0),
(867, '002190', 'Sofia Margarita Robles Castillo', '', 0),
(868, '004432', 'Maria Magdalena Solis Suarez', '', 0),
(869, '004412', 'Emma Hernandez Garcia', '', 0),
(870, '004410', 'Noemi Ramirez Quintero', '', 1),
(871, '004407', 'Zue Adriana Ortega Jimenez', '', 0),
(872, '004404', 'Monica Liliana Sandoval Prado', '', 0),
(873, '004402', 'Leticia Coreno Garcia', '', 0),
(874, '004401', 'Bernardo Castro Negrete', '', 1),
(875, '004356', 'Luis Alberto Hernandez Barrera', '', 0),
(876, '004340', 'Julissa Garcia Ruiz', '', 0),
(877, '004338', 'Veronica Matias Torres', '', 0),
(878, '004337', 'Maribel Gamez Martinez', '', 0),
(879, '004332', 'Maria Guadalupe Mejia Hernandez', '', 0),
(880, '004331', 'Sergio Fuentes Cervantes', '', 0),
(881, '004321', 'Jesus Enrique Reynoso Alvarez', '', 0),
(882, '004311', 'Josafat Vazquez Frontana', '', 0),
(883, '004205', 'Claudia Acosta Armas', '', 0),
(884, '003922', 'Francisco Javier Toussaint Parrodi', '', 0),
(885, '003921', 'Luz Guillermina Esparza Lizarraga', '', 1),
(886, '003628', 'Dafne Maria  Walter  Medina', '', 0),
(887, '003274', 'Mayra Veronica Pineda Pomar', '', 1),
(888, '002391', 'Fernando Corona Mendez', '', 1),
(889, '002269', 'Lydie Montiel Guinot', '', 0),
(890, '001116', 'Maria Magdalena Marron De Pavia', '', 0),
(891, '000540', 'Sergio Millan Cisneros', '', 0),
(892, '000434', 'Gerardo Rojas Blasquez', '', 0),
(893, '004044', 'Ximena Camarillo Leal', '', 0),
(894, '003923', 'Eva Maria Del Carmen Rabago Vital', '', 0),
(895, '003884', 'Abril Jimena Michel Ortega', '', 0),
(896, '003879', 'Maria Elena Vazquez Chavez', '', 0),
(897, '003784', 'Ines Fernandez Sanchez', '', 0),
(898, '003766', 'Liam Moreno Marin', '', 0),
(899, '003726', 'Ana Maria Alvarez Bujalil', '', 0),
(900, '003673', 'Regina Gutierrez De La Parra', '', 0),
(901, '003486', 'Cid Omar Perez Perez', '', 0),
(902, '', '', '', 0),
(903, '004468', 'Christa Jacob Brouwer', '', 0),
(904, '004442', 'Ariana Geraldine Rivera Piña', '', 0),
(905, '004305', 'Juan Pablo Armendariz Montemayor', '', 0),
(906, '004285', 'Bibiana Guadalupe Rosique Becerril', '', 0),
(907, '004281', 'Daniela Jacobo Gallardo', '', 0),
(908, '004280', 'Fernando Martinez Gonzalez', '', 0),
(909, '004260', 'Yara Roxana Gil Pacheco', '', 0),
(910, '004182', 'Elisa Maria Beltran Avendaño', '', 0),
(911, '003963', 'Maria De Lourdes Argumedo Cervera', '', 0),
(912, '003582', 'Jorge Luis Rodriguez De La Conc Rivera', '', 0),
(913, '003568', 'Dulce Maria Garcia Garcia', '', 0),
(914, '003511', 'Adan Ornelas Cabrera', '', 0),
(915, '003509', 'Porfirio Armando García De León Melo', '', 0),
(916, '003505', 'Luis Antonio Garcia Rojas', '', 0),
(917, '003480', 'Laurencio Lopez Torres', '', 0),
(918, '003190', 'Francisco Javier Loredo Esparza', '', 0),
(919, '003134', 'Gustavo Rafael Moreno Mejia', '', 0),
(920, '002140', 'Felipe De Jesus Varela Enriquez', '', 0),
(921, '002021', 'Maria Adela Zapata Reyes', '', 0),
(922, '001417', 'Jaquelin Elizabeth Aguirre Chavez', '', 0),
(923, '004457', 'Julio Cesar Gomez Castañeda', '', 0),
(924, '004172', 'Alma Victoria Guzman Rivas Armand', '', 0),
(925, '003697', 'Tonatiuh Alfonso Lopez Marquez', '', 0),
(926, '004458', 'Tania Flores Alvarado', '', 0),
(927, '004201', 'Israel Bollas  Juarez', '', 0),
(928, '004149', 'Luz Mylena Gomez Gordillo Martinez', '', 0),
(929, '003448', 'Ruth Paola De Luna Ruiz', '', 0),
(930, '000452', 'Adriana Martinez Moran', '', 0),
(931, '004460', 'Roberto Romero Carrillo', '', 0),
(932, '004230', 'Alejandra Quezada  Treviño', '', 0),
(933, '004222', 'Luis Alejandro Pichardo Lopez', '', 0),
(934, '004002', 'Carlos Alberto Lopez Tirado', '', 0),
(935, '004454', 'Jose Antonio Zavala Hernandez', '', 0),
(936, '004329', 'Orlanda Calderon Ortiz', '', 0),
(937, '004328', 'Ana Luz Puig Monarres', '', 0),
(938, '004327', 'Claudia Evelyn Perez Morales', '', 0),
(939, '004326', 'Brenda Karina Hernandez Flores', '', 0),
(940, '004325', 'Ileana Montemayor Menchaca', '', 0),
(941, '004324', 'Maribel Patricia Santiago Rojas', '', 0),
(942, '004322', 'Maria Guadalupe Escamilla Angeles', '', 0),
(943, '004302', 'Wendy Morales Pacheco', '', 0),
(944, '004296', 'Karen Olivo Galan', '', 0),
(945, '004282', 'Montserrat Moreno Sardinas', '', 0),
(946, '004271', 'Luis Fernando Gonzalez Vazquez', '', 0),
(947, '003495', 'Josefina Maritza  Ramirez Vera', '', 0),
(948, '002720', 'Maria Del Carmen Zavala Vazquez', '', 0),
(949, '002549', 'Maria De Los Angeles Urreta Torres', '', 0),
(950, '004257', 'Ignacio Cortez Rojas', '', 0),
(951, '004252', 'Hector Daniel Vargas Martinez', '', 0),
(952, '004248', 'Velia Paola Muñoz Gonzalez', '', 0),
(953, '004245', 'Erasmo Carlos Trejo Avila', '', 0),
(954, '004117', 'Hector Norberto Gonzalez Lopez', '', 0),
(955, '004470', 'Odette Alcaraz Gomez', '', 0),
(956, '004453', 'Martha Vanessa Preciado Perez', '', 0),
(957, '004452', 'Christian Alejandro Alvarado Canales', '', 0),
(958, '004451', 'Gil Alberto Olivares Medina', '', 0),
(959, '004450', 'Miguel Angel Castro Novelo', '', 0),
(960, '004449', 'Claudia Isela Paz Valdez', '', 0),
(961, '004314', 'Edgardo Cupa Muñoz', '', 0),
(962, '004290', 'Lubin Romero Uriostegui', '', 0),
(963, '004289', 'Adriana Alcantara Somera', '', 0),
(964, '004284', 'Jose Alberto Valdez Hernandez', '', 0),
(965, '004283', 'Hugo Diaz Colin', '', 0),
(966, '004276', 'Irma Gabriela Tiburcio Sainz', '', 0),
(967, '004274', 'Israel De Jesus Zamorano  Uribe', '', 0),
(968, '004263', 'Shamed Axel Ochoa Martinez', '', 0),
(969, '004262', 'Olivia Chavarria Granados', '', 0);
INSERT INTO `padrinos` (`idpadrinos`, `num_empleado`, `nombre`, `correo`, `padrino`) VALUES
(970, '004244', 'Ricardo Zamora Velazquez', '', 0),
(971, '004220', 'David Villaescuza Valenzuela', '', 0),
(972, '004216', 'Maria Elizabeth Serralde Ruiz', '', 0),
(973, '004184', 'Eduardo Rodriguez Ramirez', '', 0),
(974, '004159', 'Ruben Angel Albor Avendaño', '', 0),
(975, '004115', 'Jaime Manuel Saucedo Gutierrez', '', 0),
(976, '003951', 'Jose Isael Sanchez Ruiz', '', 0),
(977, '003900', 'Maria Del Carmen Monroy González', '', 0),
(978, '003662', 'Adalina Montiel Castellon', '', 0),
(979, '003632', 'Arturo Cruz Osorio', '', 0),
(980, '003477', 'Rodrigo Cruz Torres', '', 0),
(981, '003449', 'Diego Mendoza Nogueron', '', 0),
(982, '003430', 'Maria Del Carmen Lara Garcia', '', 0),
(983, '003425', 'Aaron Arvea Castro', '', 0),
(984, '003333', 'Israel De Jesus Lopez Flores', '', 0),
(985, '003275', 'Alan Castrejon Gallegos', '', 0),
(986, '002865', 'Victor Manuel Marron Berruecos', '', 0),
(987, '002721', 'Norma Angelica Martinez Becerra', '', 0),
(988, '002597', 'Jaime Rodriguez Rodriguez', '', 0),
(989, '002492', 'Brenda Elizabeth Don Juan Gonzalez', '', 0),
(990, '002478', 'Yerrary Del Bosque Martinez', '', 0),
(991, '002454', 'Hector Ernesto Plancarte Saavedra', '', 0),
(992, '002402', 'Liliana Colin Sanchez', '', 0),
(993, '002237', 'Karla Patricia Melendrez Obregon', '', 0),
(994, '002115', 'Rosenda Guadalupe Diaz Valdez', '', 0),
(995, '001518', 'Alma Erika Sanchez Benavides', '', 0),
(996, '001206', 'Mirna Dalia Figueroa Hernandez', '', 0),
(997, '000928', 'Margarita Hernandez Barrios', '', 0),
(998, '004471', 'Juan Antonio Gonzalez Rocha', '', 0),
(999, '004465', 'Luis Enrique Corona Alvarez', '', 0),
(1000, '004448', 'Victor Enrique Guzman Martinez', '', 0),
(1001, '004310', 'Emanuel Ezequiel Trujillo Beristain', '', 0),
(1002, '004309', 'Miguel Andres Drivet Salinas', '', 0),
(1003, '004255', 'Citlali Alvarez Rios', '', 0),
(1004, '004207', 'Josue Neftali Baltazar Leon', '', 0),
(1005, '004206', 'Israel Aram Morales Lara', '', 0),
(1006, '004203', 'Victor Daniel Martinez Jacinto', '', 0),
(1007, '004199', 'Ana Claudia Ruiz Villa', '', 0),
(1008, '004197', 'Leonardo Miguel Martinez Carrillo', '', 0),
(1009, '004190', 'Blanca Esthela Perez Sanchez', '', 0),
(1010, '004189', 'Nohemi Berenice Gomez Ibarra', '', 0),
(1011, '004187', 'Fabian Martinez Martinez', '', 0),
(1012, '004177', 'Carlos Alberto Romero Ruiz', '', 0),
(1013, '004176', 'Jose Luis Gutierrez Garnica', '', 0),
(1014, '004173', 'Miguel Angel Garcia Gomez', '', 0),
(1015, '004168', 'Rogelio Zavala Rumualdo', '', 0),
(1016, '004093', 'Vicente David Pacheco Salinas', '', 0),
(1017, '004066', 'Jose Alfredo Esau Vallejo Pacheco', '', 0),
(1018, '004050', 'Javier Guerrero Ruiz', '', 0),
(1019, '004049', 'Adrian Everardo Mata Gonzalez', '', 0),
(1020, '004048', 'Juan Antonio Nuñez Charola', '', 0),
(1021, '004047', 'Roberto Carlos Flores Juarez', '', 0),
(1022, '004038', 'Fernando Coral Enriquez', '', 0),
(1023, '004036', 'Noel Guadarrama Contreras', '', 0),
(1024, '004035', 'Jorge Armando Cruz Patiño', '', 0),
(1025, '004007', 'Luis Alberto Mota Martinez', '', 0),
(1026, '003985', 'Javier Eduardo Molina Maldonado', '', 0),
(1027, '003975', 'David Peralta Miranda', '', 0),
(1028, '003944', 'Luis Alberto Peralta Bustos', '', 0),
(1029, '003926', 'Lilian Ayme Ramirez Silva', '', 0),
(1030, '003889', 'Roberto Camarillo Gonzalez', '', 0),
(1031, '003854', 'Astrid Geraldine Morales Solis', '', 0),
(1032, '003712', 'Laura Vázquez González', '', 0),
(1033, '003701', 'Alejandro Arregui Gonzalez', '', 0),
(1034, '003672', 'Carlos Alfonso Perez Alvarez', '', 0),
(1035, '003616', 'Ivan Alejandro Gutierrez Mejia', '', 0),
(1036, '003600', 'Jose Carlos Muñoz Mendez', '', 0),
(1037, '003577', 'Gerardo Alfonso Deleandro Carreño', '', 0),
(1038, '003561', 'Jose Daniel Castillo Uribe', '', 0),
(1039, '003555', 'Claudia Eugenia Medina Contreras', '', 0),
(1040, '003531', 'Aldo Ortiz Alvarado', '', 0),
(1041, '003502', 'Luis Antonio Huerta Sanchez', '', 0),
(1042, '003416', 'Angel De Jesus Hernández Mejía', '', 0),
(1043, '003397', 'Ares Hernandez Hernandez', '', 0),
(1044, '003321', 'Cinthya Mendoza Goytia', '', 0),
(1045, '003319', 'Rogelio Uribe Puga', '', 0),
(1046, '003317', 'Alejandro Morales Juarez', '', 0),
(1047, '003228', 'Jesus Andres Lerma Tapia', '', 0),
(1048, '003176', 'Jesus  Ramirez Soriano', '', 0),
(1049, '003159', 'Isaias Gomez Aquino', '', 0),
(1050, '003138', 'Mario Alberto Saucedo Arias', '', 0),
(1051, '003033', 'Mario Alberto Garza Garcia', '', 0),
(1052, '003009', 'Ricardo Noe Jimenez Flores', '', 0),
(1053, '002994', 'Rene Perez Manjarrez', '', 0),
(1054, '002973', 'Eduardo Guevara Martinez', '', 0),
(1055, '002895', 'Claudio Andrei Ramirez Muñoz', '', 0),
(1056, '002881', 'Gabriel Moreno Piña', '', 1),
(1057, '002875', 'Raul Antonio Pio Galan', '', 0),
(1058, '002848', 'Teofilo Carlos Borja Isunza', '', 0),
(1059, '002843', 'Ivan Adrian Quiroz Morales', '', 0),
(1060, '002814', 'Arturo Covarrubias Salvador', '', 0),
(1061, '002805', 'Alejandra Olmedo Brito', '', 0),
(1062, '002734', 'Josue David Batun Rodriguez', '', 0),
(1063, '002729', 'Juan Antonio Ramos Ramirez', '', 0),
(1064, '002582', 'Jose Guadalupe Bravo Sanchez', '', 0),
(1065, '002567', 'Juan Francisco Charco Avila', '', 0),
(1066, '002562', 'Marco Alonso Yanez Valenzuela', '', 0),
(1067, '002560', 'Marcos Armando Ferreti Meza', '', 0),
(1068, '002556', 'Daniel Francisco Ruiz Campos', '', 0),
(1069, '002545', 'Luis Felipe Valdes Gil', '', 0),
(1070, '002445', 'Hugo Martinez Rosales', '', 0),
(1071, '002101', 'Miguel Angel Hernandez Salinas', '', 0),
(1072, '002079', 'Salvador Garcia Cid', '', 0),
(1073, '002037', 'Jose Juan Perez Garcia', '', 0),
(1074, '001963', 'Jose Francisco Davila Sanchez Armas', '', 0),
(1075, '001950', 'Luis Gerardo Jimenez Muñoz', '', 0),
(1076, '001755', 'Gabriel Lucero Martinez', '', 0),
(1077, '001046', 'Francisco Javier Contreras Mehayer', '', 0),
(1078, '000105', 'Cesar Alejandro Moreno Ramirez', '', 0),
(1079, '004275', 'Guillermo Madrigal Mortera', '', 0),
(1080, '004113', 'Jorge Alberto Pecina Castro', '', 0),
(1081, '003982', 'Jesus Alejandro Rendon Vazquez', '', 0),
(1082, '003961', 'Adriana Garcia Zaragoza', '', 0),
(1083, '003789', 'Carlos Garcia Rojas', '', 0),
(1084, '003680', 'Baltasar Vez De La Garza', '', 0),
(1085, '003470', 'Christian  Gonzalez Castelan', '', 0),
(1086, '001576', 'Angel Peralta Ramirez', '', 0),
(1087, '000151', 'Valentin Curiel Duarte', '', 0),
(1088, '004312', 'Paola Adriana Buenrostro Herrera', '', 0),
(1089, '004288', 'Angel Romero Corona', '', 0),
(1090, '004264', 'Laura Patricia Linares Gonzalez', '', 0),
(1091, '004213', 'Isaac Lima Valle', '', 0),
(1092, '004195', 'Ada Fabiola Cornejo Saavedra', '', 0),
(1093, '003764', 'Laura Veronica Ortega Nocedal', '', 0),
(1094, '003756', 'Alma Yosajandy Luna Delgadillo', '', 0),
(1095, '003707', 'Dolores Herrera Gonzalez', '', 0),
(1096, '003657', 'Ana Luisa Sedano Chavez', '', 0),
(1097, '003404', 'Sared Solano Hernandez', '', 0),
(1098, '002978', 'Maria Andrea Rodriguez Macias', '', 1),
(1099, '002815', 'Ivalu Nava Diaz', '', 0),
(1100, '001848', 'Alejandro Castillo Muñiz', '', 0),
(1101, '001784', 'Maria Elena Ledesma Romero', '', 0),
(1102, '001587', 'Carlos Alberto Mendez Yescas', '', 0),
(1103, '000302', 'Juan Carlos Ruiz Garcia', '', 0),
(1104, '000149', 'Aurelio Ortiz Escandon', '', 0),
(1105, '000094', 'Gerardo Martinez Gudiño', '', 0),
(1106, '000054', 'Victorio Valadez Flores', '', 0),
(1107, '000001', 'Jose Luis Trejo Zimbron', '', 0),
(1108, '004467', 'Julio Cesar Alvarez Jimenez', '', 0),
(1109, '004455', 'Berenice Nuñez Soto', '', 0),
(1110, '004440', 'Erick Ivan Ortega Gonzalez', '', 0),
(1111, '004439', 'Fausto Juarez Montes', '', 0),
(1112, '004438', 'Alberto Vallejo Peralta', '', 0),
(1113, '004272', 'Miguel Angel Rodriguez Segundo', '', 0),
(1114, '004246', 'Agustin Eduardo Albarran Chavez', '', 0),
(1115, '004241', 'Emilio Sanchez  Gonzalez Argudin', '', 0),
(1116, '004204', 'Alejandrina Gonzalez Serna', '', 0),
(1117, '004179', 'Ricardo Escalante Acuña', '', 0),
(1118, '004139', 'Erika Guadalupe Barbosa Piza', '', 0),
(1119, '004090', 'Martin Yamil Nicolas Karam', '', 0),
(1120, '004068', 'Maria Fernanda Sotomayor Olaiz', '', 0),
(1121, '004006', 'Neil David Alvarez Tavera', '', 0),
(1122, '004005', 'Celene Georgina Maldonado Olvera', '', 0),
(1123, '003980', 'Yisbraham Guadalupe Ruiz Campos', '', 0),
(1124, '003977', 'Susy Pamela Lopez Hernandez', '', 0),
(1125, '003973', 'Jose Humberto Fernandez Bonilla', '', 0),
(1126, '003972', 'Jose Dario Reyes Vilchis', '', 0),
(1127, '003971', 'Roberto David Nava  Silva', '', 0),
(1128, '003959', 'Andres Eugenio Rodriguez Miramon Lopez', '', 0),
(1129, '003957', 'Raul Oropeza Cervantes', '', 0),
(1130, '003956', 'Cecilia Hernandez Ramirez', '', 0),
(1131, '003955', 'Jose Ramiro Reyes Roman', '', 0),
(1132, '003954', 'Luis Manuel Garay Ruiz', '', 0),
(1133, '003936', 'Jorge Quintana Diaz', '', 0),
(1134, '003906', 'Marcial Bastida Gomez', '', 0),
(1135, '003891', 'Angelica Valencia Contreras', '', 0),
(1136, '003882', 'Jose Antonio Herrera Cervera', '', 0),
(1137, '003870', 'Alfredo Barragan Garcia', '', 0),
(1138, '003868', 'Luis Molina Jaimes', '', 0),
(1139, '003838', 'Francisco Alberto Peña Perez', '', 0),
(1140, '003834', 'Eliseo Ramirez Gonzalez', '', 0),
(1141, '003747', 'Antonio Resendiz Camarena', '', 0),
(1142, '003742', 'Leonardo Linares Jimenez', '', 0),
(1143, '003740', 'Victor Israel Espinosa Ramirez', '', 0),
(1144, '003723', 'Pablo Jose Fernandez Presas', '', 0),
(1145, '003711', 'Jorge Armando Valdez Dominguez', '', 0),
(1146, '003681', 'Elizabeth Perez Acosta', '', 0),
(1147, '003645', 'Perla Medel Manchola', '', 0),
(1148, '003636', 'Julio Cesar Rodriguez Rosales', '', 0),
(1149, '003613', 'Ruth Edith Corona Vera', '', 0),
(1150, '003608', 'Gerardo Hernandez Munguia', '', 0),
(1151, '003597', 'Jose Ramon Avello Espinosa De Los Mont', '', 0),
(1152, '003590', 'Ricardo Baez Lopez', '', 0),
(1153, '003587', 'Marco Antonio Esparza Badillo', '', 0),
(1154, '003583', 'Juan Manuel Prieto Perez', '', 0),
(1155, '003574', 'Luis Javier Orozco Villagran', '', 0),
(1156, '003569', 'Nelly Abisai Castillo Aviles', '', 0),
(1157, '003554', 'Paola Ivette Cruz Soto', '', 0),
(1158, '003550', 'Victor Hugo Guzman Barrientos', '', 0),
(1159, '003543', 'Raul Ramirez Tovar', '', 0),
(1160, '003537', 'Oscar Mercado Trejo', '', 0),
(1161, '003515', 'Eber Josafat Mosqueda Valles', '', 0),
(1162, '003513', 'Noe Pardo Hernandez', '', 0),
(1163, '003512', 'Juan Jesus Leon Becerra', '', 0),
(1164, '003493', 'Jaime Fernando Rosas Martinez', '', 0),
(1165, '003418', 'Keyla Martinez Montiel', '', 0),
(1166, '003388', 'Elizabeth Ariadna  Huerta Reyes', '', 0),
(1167, '003382', 'Israel Loredo Esparza', '', 0),
(1168, '003378', 'Ricardo Ambriz Olvera', '', 0),
(1169, '003370', 'Jenny Jaramillo Perez', '', 0),
(1170, '003204', 'Ricardo Vega Martinez', '', 0),
(1171, '003202', 'Edgar Ricardo Vega Velazquez', '', 0),
(1172, '003193', 'Valeria Cynthia Marini', '', 0),
(1173, '003174', 'Mauricio Navarrete Espinosa', '', 0),
(1174, '003060', 'Omar Eliacin Adame Gonzalez', '', 0),
(1175, '002904', 'Javier Rogelio De La Garza De Flon', '', 0),
(1176, '002872', 'Ramon Ibarra Gallaga', '', 0),
(1177, '002853', 'Bernardo Antonio Arias Sanchez', '', 0),
(1178, '002844', 'Rodolfo Z Hernandez Navarrete', '', 0),
(1179, '002816', 'Miguel Angel Guitron Saldaña', '', 0),
(1180, '002507', 'Claudio Gilberto Peña Bastida', '', 0),
(1181, '002446', 'Jose Alberto Rodriguez Rodriguez', '', 0),
(1182, '001765', 'Abelardo Gonzalez Leal', '', 0),
(1183, '001522', 'Hector Ortiz Jose', '', 0),
(1184, '001117', 'Miguel Angel Quiroz Hernandez', '', 0),
(1185, '001075', 'Rodrigo Amaya Zaragoza', '', 0),
(1186, '001065', 'Marlen Stephany Alcantara Barrera', '', 0),
(1187, '000120', 'Mayra Trejo Briceño', '', 0),
(1188, '003096', 'Blanca Anahit Barranco Celon', '', 0),
(1189, '003039', 'Juan Jose Robles Tovar', '', 0),
(1190, '002656', 'Oscar Blancas Lopez', '', 0),
(1191, '004466', 'Luis Alberto Barriga Colsa', '', 0),
(1192, '004461', 'Polivia Hernandez Gonzalez', '', 0),
(1193, '004307', 'Edmundo Arreguin Estrada', '', 0),
(1194, '004306', 'Angel Frias Garcia', '', 0),
(1195, '004304', 'Alejandra Espinosa De Los Mont Andrade', '', 0),
(1196, '004301', 'Concepcion Bonilla Bonilla', '', 0),
(1197, '004297', 'Martha Paulina  Cañedo Rodriguez', '', 0),
(1198, '004293', 'Samantha Montserrat Carrillo Villaseñor', '', 0),
(1199, '004291', 'Cristopher Manjarrez Caballero', '', 0),
(1200, '004247', 'Juan Carlos Cebada Rivera', '', 0),
(1201, '004238', 'Gerardo Gilberto Jarquin Romero', '', 0),
(1202, '004221', 'Mariana Caudillo Arreguin', '', 0),
(1203, '004166', 'Rosa Manuela Estrada Urbina', '', 0),
(1204, '004165', 'Fernando Garrido Contreras', '', 0),
(1205, '004161', 'Lisandro Cortes Oropeza', '', 0),
(1206, '004160', 'Juan Antonio Avila Lita', '', 0),
(1207, '004124', 'Nadia Yamile  Izquierdo Martinez', '', 0),
(1208, '004123', 'Laura Lizeth Medina Pacheco', '', 0),
(1209, '004122', 'Mario Mendez  Espina', '', 0),
(1210, '004121', 'Fernando Aguilar Chavez', '', 0),
(1211, '004120', 'Santiago Martinez Leal', '', 0),
(1212, '004119', 'Emilio Salvador  Lopez Vives', '', 0),
(1213, '004098', 'Alejandro Mouret Ramirez', '', 0),
(1214, '003953', 'Angel Cruz Jimenez', '', 0),
(1215, '003943', 'Armando Avila Martinez', '', 0),
(1216, '003849', 'Sonia Macias Retama', '', 0),
(1217, '003825', 'Leonardo Martínez Ramírez', '', 0),
(1218, '003810', 'Sara Chavez Sanchez', '', 0),
(1219, '003725', 'Carla Milagros Rodriguez Barron', '', 0),
(1220, '003693', 'Mauricio Valencia Delucio', '', 0),
(1221, '003682', 'Edgar Arturo Neri Saucedo', '', 0),
(1222, '003664', 'Julio Cesar Cevada Alvarez', '', 0),
(1223, '003559', 'Jose Ambriz  Olvera', '', 0),
(1224, '003428', 'Gerardo Humberto Ruiz Roa', '', 0),
(1225, '003417', 'Lucilene Vicari Teixeira', '', 0),
(1226, '003243', 'Julio Cesar Echeverria  Miranda', '', 0),
(1227, '003213', 'Antonio Martinez Gudiño', '', 0),
(1228, '003198', 'Alejandro Martinez Cruz', '', 0),
(1229, '003021', 'Cristhian Armando Herrera Centeno', '', 0),
(1230, '003016', 'Alfredo Martinez Romero', '', 0),
(1231, '003015', 'Juan Manuel Bolaños Espinosa', '', 0),
(1232, '003012', 'Carlos Ortiz Navarro', '', 0),
(1233, '002986', 'Andrea Atala Navarro', '', 0),
(1234, '002947', 'Edgard Alvarez Sanchez', '', 0),
(1235, '002745', 'Mario Alberto Balderas Mendez', '', 0),
(1236, '002742', 'Deysi Janet Mares Narvaez', '', 0),
(1237, '002654', 'Juan Antonio Ramirez Martinez', '', 0),
(1238, '002612', 'David Jesus Trinidad Castillo', '', 0),
(1239, '002598', 'Risa Hayme Guzman Franco', '', 0),
(1240, '002508', 'Evelyn Perez Alpizar', '', 0),
(1241, '002340', 'Maria Eugenia Moreno De La Vega', '', 0),
(1242, '002212', 'Luis Enrique Bautista Najera', '', 0),
(1243, '002159', 'Juana Gonzalez Martinez', '', 0),
(1244, '001775', 'Jose Eduardo Ontiveros Albor', '', 0),
(1245, '001540', 'Raul Gomez Sanchez', '', 0),
(1246, '001375', 'Mario Alberto Arroyo Martinez', '', 0),
(1247, '001297', 'Monica Cortes Arzate', '', 0),
(1248, '001012', 'Marco Antonio Martin Lugo', '', 0),
(1249, '000963', 'Alejandro Guerrero Franco', '', 0),
(1250, '000947', 'Javier Gaston Leal Cruz', '', 0),
(1251, '000775', 'Guillermo Ramirez Roldan', '', 0),
(1252, '000175', 'Luis Leonardo Cervantes Curiel', '', 0),
(1253, '000090', 'Maria Del Refugio Alvarez Arroyo', '', 0),
(1254, '000039', 'Margarita Lopez Clara', '', 0),
(1255, '000035', 'Crescencio Romero Chino', '', 0),
(1256, '004469', 'Mario Nathan Jimenez Davila', '', 0),
(1257, '004446', 'Luis Eduardo De Vecchi Galindo', '', 0),
(1258, '004249', 'Isis Danae Marisa Vite Regalado', '', 0),
(1259, '004138', 'Jose David Figueroa Roman', '', 0),
(1260, '004065', 'Rodolfo Ocampo Hernandez', '', 0),
(1261, '004056', 'Armando Marlom Hidalgo Cruz', '', 0),
(1262, '003958', 'Yazmin Casimiro Olea', '', 0),
(1263, '003917', 'Victor Hugo Vargas Cedillo', '', 0),
(1264, '003816', 'Salvador Villaseñor Barragan', '', 0),
(1265, '003589', 'Lazaro Yaseft Baez Rico', '', 0),
(1266, '003116', 'Victor Fabian Mejia Gonzalez', '', 0),
(1267, '003105', 'Victor Hugo Sanchez Cerda', '', 0),
(1268, '002205', 'Miguel Angel Soria Lopez', '', 0),
(1269, '004444', 'Ruben Verde Zaldivar', '', 0),
(1270, '003818', 'Michel Martinez Flores', '', 0),
(1271, '004100', 'Miguel Angel Ceron  Hernandez', '', 0),
(1272, '004074', 'Claudia Elizabeth Escobar Felix', '', 0),
(1273, '004140', 'Miriam Isabel Camargo Cuen', '', 0),
(1274, '004055', 'Raquel Lopez Hernandez', '', 0),
(1275, '003270', 'Fernando Macedo Delgado', '', 0),
(1276, '001135', 'Blanca Elidee Sanchez Garcia', '', 0),
(1277, '003103', 'Alejandra Guadalupe Gonzalez Nicacio', '', 0),
(1278, '001482', 'Renato Duran Cruz', '', 0),
(1279, '000761', 'Guillermo Guzman Carbajal', '', 0),
(1280, '000385', 'Jose Rodrigo Riveroll Otero', '', 0),
(1281, '004308', 'Vanessa Moreno  Guerrero', '', 0),
(1282, '004211', 'Benjamin Medina Pineda', '', 0),
(1283, '004164', 'Alvaro Alonso Alcocer Davila', '', 0),
(1284, '003874', 'Dario Tapia Ortega', '', 0),
(1285, '003653', 'Jaime Lopez Hernandez', '', 0),
(1286, '003442', 'Mauricio Torres Nava', '', 0),
(1287, '001622', 'Enrique Aranda Nicasio', '', 0),
(1288, '003876', 'Eduardo Diaz Arroyo', '', 0),
(1289, '003551', 'Nancy Gricelda Godines Cortes', '', 0),
(1290, '004256', 'Gerardo Celaya Sanchez', '', 0),
(1291, '004215', 'Yolanda Gonzalez Kuri', '', 0),
(1292, '003208', 'Leonardo Antonio Colin Gines', '', 0),
(1293, '002616', 'Abraham Pacheco Vazquez', '', 0),
(1294, '000968', 'Carlos Armando Diaz Hernandez', '', 0),
(1295, '000370', 'Maricela Lopez Vega', '', 0),
(1296, '000162', 'Arturo Mijangos Mendoza', '', 0),
(1297, '000040', 'Hector Sanchez Balderas', '', 0),
(1298, '000005', 'Marcela Cortes Lopez', '', 0),
(1299, '004313', 'Daniela Lima Lopez', '', 0),
(1300, '004303', 'Carlos Eduardo Bedolla Ramirez', '', 0),
(1301, '004300', 'Stephany Rivero Martinez', '', 0),
(1302, '004273', 'Luis Angel Alba Martinez', '', 0),
(1303, '004266', 'Jose Gabriel Cardozo Baeza', '', 0),
(1304, '004259', 'Patricio Suarez Palazuelos', '', 0),
(1305, '004235', 'David Alejandro Sosa Saenz', '', 0),
(1306, '004214', 'Luis Gilberto Lopez Ramirez', '', 0),
(1307, '004128', 'Gerardo Santiago Olmos', '', 0),
(1308, '004114', 'Jorge Farrera Pinal', '', 0),
(1309, '004077', 'Omar Ruben Melo Castañeda', '', 0),
(1310, '003999', 'Magali Luna Lugo', '', 0),
(1311, '003892', 'Alfredo Rodriguez Alvarado', '', 0),
(1312, '003860', 'Enrique Barbosa Cano', '', 0),
(1313, '003720', 'Ismael Hernandez Galicia', '', 0),
(1314, '003620', 'Laura Ferolla Ocampo', '', 0),
(1315, '003595', 'Diana Abreu Saucedo', '', 0),
(1316, '003594', 'Ricardo Agustin Melendez Lopez', '', 0),
(1317, '003510', 'Christian Medina Capetillo', '', 0),
(1318, '003466', 'Adrian Alejandro Moreno Hernandez', '', 0),
(1319, '003444', 'Claudia Solis Rivera', '', 0),
(1320, '003443', 'Vanessa Palacios Ponce', '', 0),
(1321, '003437', 'Lluvia Fabiola Acosta Evenes', '', 0),
(1322, '003401', 'Nahiely Silvana Camarena Gamez', '', 0),
(1323, '003396', 'Laura Elena Gomez Becerra', '', 0),
(1324, '003341', 'Pablo Adrian Hernandez Rodriguez', '', 0),
(1325, '003340', 'Edgar  Jaramillo Manriquez', '', 0),
(1326, '003266', 'Monica Gutierrez  Lara', '', 0),
(1327, '003255', 'Willibaldo Cano Perez', '', 0),
(1328, '003142', 'Grecia Yunnuen Lafuente Oloarte', '', 0),
(1329, '003084', 'Jorge Ortega Del Rio', '', 0),
(1330, '003042', 'Mauricio Morales Zanatta', '', 0),
(1331, '003017', 'Gabriela De La Torre Gomez', '', 0),
(1332, '002971', 'Consuelo Rogel Flores', '', 0),
(1333, '002826', 'Pablo Martin Mendoza Torreblanca', '', 0),
(1334, '002695', 'Nazareth Isai Salinas Castillo', '', 0),
(1335, '002462', 'Blanca Nayeri Gonzalez Valdez', '', 0),
(1336, '001744', 'Salvador Alejandro Altamirano Garcia', '', 0),
(1337, '004464', 'Sergio Fernando  Salmeron Hernandez', '', 0),
(1338, '004463', 'Wendy Guadalupe Elizalde Castañon', '', 0),
(1339, '004462', 'Cristhian Fernando Rodriguez Salazar', '', 0),
(1340, '004441', 'Maria De Lourdes Ortiz Jimenez', '', 0),
(1341, '004398', 'Luis Roberto Villegas Martinez', '', 0),
(1342, '004294', 'Marysol Alejandra Ruiz Gomez', '', 0),
(1343, '004292', 'Armando Hernandez Gonzalez', '', 0),
(1344, '004287', 'Pedro Antonio Rivera Villarreal', '', 0),
(1345, '004278', 'Ana Laura Chavez Franco', '', 0),
(1346, '004277', 'Lizbeth Santana Martinez', '', 0),
(1347, '004270', 'Rigoberto Cuevas Chavez', '', 0),
(1348, '004269', 'Aurelio Mayel Macias Cardenas', '', 0),
(1349, '004253', 'Victor Hugo Alvarado Martinez', '', 0),
(1350, '004237', 'Rosalinda Garcia Gonzalez', '', 0),
(1351, '004236', 'Grecia Paulina Aceves Jimenez', '', 0),
(1352, '004224', 'Viridiana Lopez Muñoz', '', 0),
(1353, '004210', 'Blanca Eneyda Solares Parra', '', 0),
(1354, '004209', 'Marlene Garcia Aguilar', '', 0),
(1355, '004194', 'Marco Antonio Campos Millan', '', 0),
(1356, '004192', 'David Munguia Cano', '', 0),
(1357, '004188', 'Esther Bermejo Olvera', '', 0),
(1358, '004181', 'Heidi Nava Pacheco', '', 0),
(1359, '004174', 'Claudia Cristina Castro Camarillo', '', 0),
(1360, '004158', 'Fernando Sanchez Octavo', '', 0),
(1361, '004153', 'Edgar Fabila Allendelagua', '', 0),
(1362, '004152', 'Valentin Muñoz Gutierrez', '', 0),
(1363, '004151', 'Fernando Garcia Cruz', '', 0),
(1364, '004147', 'Cesar Eduardo Cruz  Mateos', '', 0),
(1365, '004144', 'Cesar Alberto Garcia Rubio', '', 0),
(1366, '004143', 'Ana Alicia Ruvalcaba Segoviano', '', 0),
(1367, '004129', 'Alonso Arturo Picazo  Arizmendi', '', 0),
(1368, '004118', 'Jorge Luis Blancas Avila', '', 0),
(1369, '004110', 'Carlos Alberto Gutierrez Cerdan', '', 0),
(1370, '004108', 'Geovanni Alejo Mendoza', '', 0),
(1371, '004107', 'Anahi Nayelli Alcazar Aragon', '', 0),
(1372, '004104', 'Elizabeth Romero Barreto', '', 0),
(1373, '004103', 'Juan Carlos Hernandez Sierra', '', 0),
(1374, '004102', 'Luis Angel Colin Hernandez', '', 0),
(1375, '004096', 'Karla Marisela Zarzosa Mata', '', 0),
(1376, '004094', 'Jesus Giovanny Ramirez Partida', '', 0),
(1377, '004092', 'Ana Gabriela Gutierrez Rangel', '', 0),
(1378, '004089', 'Maui Idory Ayala Jimenez', '', 0),
(1379, '004088', 'Jorge Alberto Lavoignet Hernandez', '', 0),
(1380, '004085', 'Paola Adet Hernandez Navarro', '', 0),
(1381, '004084', 'Mayra Gabriela Rojas Falcon', '', 0),
(1382, '004082', 'Ana Lilia Gasca Delgado', '', 0),
(1383, '004080', 'Martha Ines Ortega Ortega', '', 0),
(1384, '004071', 'Jesus Adan Santos Palacios', '', 0),
(1385, '004061', 'Jaime Francisco Ibarra Paz', '', 0),
(1386, '004059', 'Edgar Dimas Pineda Avila', '', 0),
(1387, '004057', 'Claudia Ivette Murillo  Molina', '', 0),
(1388, '004042', 'Sara Ayde Tena Arroyo', '', 0),
(1389, '004040', 'Karen Hernandez Balderas', '', 0),
(1390, '004039', 'Jose Alberto San Martin Almeida', '', 0),
(1391, '004014', 'Edgar Aquino Bautista', '', 0),
(1392, '004012', 'Rosa Maria Barrientos Sandoval', '', 0),
(1393, '004011', 'Nicolas Bautista Perez', '', 0),
(1394, '004010', 'Julio Cesar Flores Bañuelos', '', 0),
(1395, '003997', 'Jesus Ivan Cervantes Sanchez', '', 0),
(1396, '003987', 'Manuel Hernandez Ramos', '', 0),
(1397, '003984', 'Laura Alvarez Arteaga', '', 0),
(1398, '003981', 'Jorge Arturo Zuñiga Resendiz', '', 0),
(1399, '003960', 'Karla Alicia Virgini Perez Hernandez', '', 0),
(1400, '003950', 'Guadalupe Nataly  Romero Medina', '', 0),
(1401, '003949', 'Cesareo Ramon Martin Carvajal Guajardo', '', 0),
(1402, '003939', 'Paola Marianela Martinez Sanchez', '', 0),
(1403, '003932', 'Gabriel Angel Hernandez Hernandez', '', 0),
(1404, '003927', 'Josefina Pineda Coronado', '', 0),
(1405, '003920', 'Roberto Arturo Verdejo Buburron', '', 0),
(1406, '003909', 'Alma Delia Valenzuela Saavedra', '', 0),
(1407, '003859', 'Keren Suheili Ochoa Hernandez', '', 0),
(1408, '003858', 'Alejandra Vega Mena', '', 0),
(1409, '003856', 'Adriana Granados Cruz', '', 1),
(1410, '003841', 'Reynel Gervacio Diaz', '', 0),
(1411, '003835', 'Jesus Antonio Valdez Jimenez', '', 0),
(1412, '003832', 'Xarelly Espinosa Rangel', '', 0),
(1413, '003822', 'Christian Janeth Ramirez Reyes', '', 0),
(1414, '003815', 'Jesica Millan Puebla', '', 0),
(1415, '003798', 'Karina Anahi Tabares Ortiz', '', 0),
(1416, '003792', 'Eduardo Garcia Garcia', '', 0),
(1417, '003779', 'Antonio Vazquez Espinosa', '', 0),
(1418, '003770', 'Ana Paola Viveros Ramirez', '', 0),
(1419, '003759', 'Hortensia Gonzalez Morales', '', 0),
(1420, '003739', 'Carolina Hidalgo Enríquez', '', 0),
(1421, '003737', 'Mara Patricia Bautista Romero', '', 0),
(1422, '003734', 'Jose Alberto  Hernandez Cordero', '', 0),
(1423, '003733', 'Karina Yvette Garcia Gaspar', '', 0),
(1424, '003728', 'Yanin Rivera Sanchez', '', 0),
(1425, '003722', 'Daniel Briseño Martinez', '', 0),
(1426, '003716', 'Yessica Yasmin Camacho Salas', '', 0),
(1427, '003715', 'Jose Alberto Jimenez Galvan', '', 0),
(1428, '003708', 'Maria Guadalupe Diaz Villalobos', '', 0),
(1429, '003706', 'Gerardo Antonio Garcia Cirilo', '', 0),
(1430, '003687', 'Rosendo Daniel  Romero Gomez', '', 0),
(1431, '003684', 'Claudia Sharoon Torres Roman', '', 0),
(1432, '003644', 'Oscar Saith Ron Fregoso', '', 0),
(1433, '003635', 'Liliana Graciela Colon Alaniz', '', 0),
(1434, '003623', 'Leticia Ordoñez Moreno', '', 0),
(1435, '003581', 'Sandy Merino Carpio', '', 0),
(1436, '003530', 'Ivett Hernandez Martinez', '', 0),
(1437, '003499', 'Alfredo Reyes Cruz', '', 0),
(1438, '003474', 'Thalia Elizabeth Benitez Camara', '', 0),
(1439, '003473', 'Jheisi Judith Noriega Aguirre', '', 0),
(1440, '003403', 'Angel Eduardo Sanchez Castell', '', 0),
(1441, '003394', 'Lizbeth Pamela Cruz Hernandez', '', 0),
(1442, '003384', 'Julia Mendoza Marquez', '', 0),
(1443, '003350', 'Erendira Guadalupe Martinez Juarez', '', 0),
(1444, '003326', 'Beatriz Aurora Morales Jimenez', '', 0),
(1445, '003314', 'Claudia Isabel Garzon Martinez', '', 0),
(1446, '003313', 'Edgar Gonzalez Cruz', '', 0),
(1447, '003311', 'Eugenio Raymundo Gonzalez Barrera', '', 0),
(1448, '003303', 'Guillermina Lucas Gutierrez', '', 0),
(1449, '003291', 'Maria Elizabeth Harfush Rios', '', 0),
(1450, '003260', 'Claudia Elizabeth Palomares Rodriguez', '', 0),
(1451, '003259', 'Aaron Nephtali Chan Nah', '', 0),
(1452, '003253', 'Victor Alfonso Alva Garcia', '', 0),
(1453, '003249', 'Ivan Castillo Pineda', '', 0),
(1454, '003247', 'Francisco Javier Ortiz Vargas', '', 0),
(1455, '003234', 'Norma Patricia Montes Bautista', '', 0),
(1456, '003229', 'Luis Angel Dominguez Alonso', '', 0),
(1457, '003222', 'Israel Garcia Flores', '', 0),
(1458, '003194', 'Alberto  Contreras Valdez', '', 0),
(1459, '003179', 'Jóse Manuel Loreto Gómez', '', 0),
(1460, '003168', 'Maria Orquidea Buendía Correa', '', 0),
(1461, '003144', 'Eric Alberto Pedraza Serrano', '', 0),
(1462, '003073', 'Erika Noemi Lara Gutierrez', '', 0),
(1463, '003029', 'Nayeli Terrazas Medina', '', 0),
(1464, '003019', 'Jesus Salvador Aranda Rivera', '', 0),
(1465, '003018', 'Marlene Guzman Rosales', '', 0),
(1466, '002985', 'Alejandra Vanesa Arellano Minero', '', 0),
(1467, '002828', 'Manuel Alejandro Gonzalez Flores', '', 0),
(1468, '002809', 'Ignacio Huerta Gallegos', '', 0),
(1469, '002793', 'Adriana Hernandez Mateo', '', 0),
(1470, '002692', 'Fernando Trueba Del Valle', '', 0),
(1471, '002528', 'Guillermo De Jesus Ceja Zuñiga', '', 0),
(1472, '002511', 'Mario Alberto Amador De Jesus', '', 0),
(1473, '002505', 'Leticia Doroty Hernandez Cervantes', '', 0),
(1474, '002452', 'Salvador Martinez Enciso', '', 0),
(1475, '002416', 'Fabiola Vazquez Navarro', '', 0),
(1476, '002411', 'Monica Gabriela Garza Jarero', '', 0),
(1477, '002405', 'Mauricio Molina Alonso', '', 0),
(1478, '002356', 'Nallely Flor Sibaja Muñoz', '', 0),
(1479, '002325', 'Rosa Lizet Luna Ocampo', '', 0),
(1480, '002304', 'Edgar Uriel Hernandez Gilberto', '', 0),
(1481, '002296', 'Griselda Gonzalez Infante', '', 0),
(1482, '002277', 'Victor Manuel Meza Juarez', '', 0),
(1483, '002136', 'Miguel Angel Morales Palacios', '', 0),
(1484, '001838', 'Tania Bartolini Cruz', '', 0),
(1485, '001831', 'Yanina Cristina Perez Salas', '', 0),
(1486, '001808', 'Salomon Salas Carapia', '', 0),
(1487, '001790', 'Javier Perez Del Valle', '', 0),
(1488, '001730', 'Laura Guillermina Montoya Sanchez', '', 0),
(1489, '001609', 'Miguel Arturo Gonzalez Miranda', '', 0),
(1490, '001552', 'Samuel Orozco Franco', '', 0),
(1491, '001520', 'Rafael Avalos Hernandez', '', 0),
(1492, '001489', 'Susana Perez Rivera', '', 0),
(1493, '001413', 'Victor Manuel Serrano Camacho', '', 0),
(1494, '001389', 'Adriana Velasco Galicia', '', 0),
(1495, '001328', 'Carlos Filiberto Contreras Diaz', '', 0),
(1496, '001287', 'Rosa Bertha Verde Sanchez', '', 0),
(1497, '001092', 'Pedro Angeles Esparza', '', 0),
(1498, '001056', 'Daniel Gonzalez Martinez', '', 0),
(1499, '000971', 'Christian Sosa Cervantes', '', 0),
(1500, '000876', 'Eduardo Solis Arreola', '', 0),
(1501, '000708', 'Raul Rodriguez Sanchez', '', 0),
(1502, '000707', 'Luis Camarillo Cornejo', '', 0),
(1503, '000697', 'Maria Adriana Malvaez Rodriguez', '', 0),
(1504, '000695', 'Gregorio Salazar Morales', '', 0),
(1505, '000613', 'Jaime Hernandez Sotero', '', 0),
(1506, '000501', 'Alberto Emeterio Luna Rubio', '', 0),
(1507, '000463', 'Simon Muñoz Fernandez', '', 0),
(1508, '000270', 'Javier Franco Centeno', '', 0),
(1509, '000229', 'Fernando Sanchez Martinez', '', 0),
(1510, '000088', 'Clemente Martinez Garcia', '', 0),
(1511, '000076', 'Ignacio Lopez Castro', '', 0),
(1512, '000033', 'Sandra Romero Osorno', '', 0),
(1513, '004456', 'Lorena Guzman Sevilla', '', 0),
(1514, '003677', 'Hector Manuel Rodriguez Enriquez', '', 0),
(1515, '004459', 'Paolo Pagnozzi X', '', 0),
(1516, '004435', 'Nahum Emilio Navarro Santiago', '', 0),
(1517, '004434', 'Maribel Concepcion Godinez Hernandez', '', 0),
(1518, '004433', 'Guadalupe Fernando Cervantes Martinez', '', 0),
(1519, '004431', 'Melannie Geovanna Villagomez Cruz', '', 0),
(1520, '004430', 'Andrea Aglae Piliado Rodriguez', '', 0),
(1521, '004429', 'Adrian Josue Urbina Galvan', '', 0),
(1522, '004428', 'Carlos Francisco Escoto Rodriguez', '', 0),
(1523, '004427', 'Jose Misael Servin Salcedo', '', 0),
(1524, '004426', 'Eduardo Herrera Perez', '', 0),
(1525, '004425', 'Carlos Orlando Gonzalez Perez', '', 0),
(1526, '004424', 'Manuel Omar Mera Flores', '', 0),
(1527, '004423', 'Adriana Gabriela Legorreta Martinez', '', 0),
(1528, '004422', 'Jose Alberto Mendoza Chavez', '', 0),
(1529, '004421', 'Alejandra Mondragon Chavarria', '', 0),
(1530, '004420', 'Amalia Aguila Franco', '', 0),
(1531, '004419', 'Francisco Gonzalez Reza', '', 0),
(1532, '004418', 'Lissete Fabiola Maldonado Galindo', '', 0),
(1533, '004417', 'Fernando Lira Martinez', '', 0),
(1534, '004416', 'Arturo Cortes Serrano', '', 0),
(1535, '004415', 'Francisco Cura Trujillo', '', 0),
(1536, '004413', 'Rocio Araceli Alonso Martinez', '', 0),
(1537, '004411', 'Elisa Cristina Olivares Ramos', '', 0),
(1538, '004409', 'Maria Concepcion Vera Juarez', '', 0),
(1539, '004408', 'Gisela Aide Castillo Dominguez', '', 0),
(1540, '004406', 'Liliana Millan Gonzalez', '', 0),
(1541, '004405', 'Jose Angel Lopez Castillo', '', 0),
(1542, '004403', 'Griselda Bello Esquivel', '', 0),
(1543, '004400', 'Fernando Gonzalez Rubio Gutierrez', '', 0),
(1544, '004399', 'Roberto Miguel Santillan Sanchez', '', 0),
(1545, '004397', 'Francisco Rodolfo Alanis Moreno', '', 0),
(1546, '004396', 'Paola Victorina Flores Barcenas', '', 0),
(1547, '004395', 'Adelino Mancilla Casarrubias', '', 0),
(1548, '004394', 'Israel Rosas Ramirez', '', 0),
(1549, '004393', 'Benito Ramos Reyes', '', 0),
(1550, '004392', 'Jose Luis Santiago Barcenas', '', 0),
(1551, '004391', 'Jose Humberto Jimenez Merino', '', 0),
(1552, '004390', 'Alejandro Garduño Hernandez', '', 0),
(1553, '004389', 'Maria Gregoria Rubio Barajas', '', 0),
(1554, '004388', 'Eduardo Gonzalez Garcia', '', 0),
(1555, '004387', 'Ana Laura Oliva Duran', '', 0),
(1556, '004386', 'Juan Bernardo Aranda Gonzalez', '', 0),
(1557, '004385', 'Rey Santos Ramos', '', 0),
(1558, '004384', 'Amado Almonte Tello', '', 0),
(1559, '004383', 'Noe Diaz Diaz', '', 0),
(1560, '004382', 'Sebastian Rios Aguilar', '', 0),
(1561, '004381', 'Tomas Martinez Villanueva', '', 0),
(1562, '004380', 'Jose Pedro Carrillo Ortiz', '', 0),
(1563, '004379', 'Juan Guadalupe Guevara Silva', '', 0),
(1564, '004378', 'Armando Zarate Arellano', '', 0),
(1565, '004377', 'Luis Razo Gonzalez', '', 0),
(1566, '004375', 'Mario Sheddad Leal Sandoval', '', 0),
(1567, '004374', 'Noe Cruz Garcia', '', 0),
(1568, '004373', 'Juanito Rendon Mosso', '', 0),
(1569, '004372', 'Edgar Telpalo Tovar', '', 0),
(1570, '004371', 'Julio Segovia Sandoval', '', 0),
(1571, '004370', 'Blanca Esthela Rodriguez Murillo', '', 0),
(1572, '004369', 'Felipe Martinez Hernandez', '', 0),
(1573, '004368', 'Jesus Sergio Ramirez Landa', '', 0),
(1574, '004367', 'Moises Pardo Herrera', '', 0),
(1575, '004366', 'Roman Sanchez Rivera', '', 0),
(1576, '004365', 'Nadia Angelica Garcia Yanez', '', 0),
(1577, '004364', 'Luis Manuel Gonzalez Robles', '', 0),
(1578, '004363', 'Gregorio Ulises Gonzalez Montanez', '', 0),
(1579, '004362', 'Raul Hoyos Martinez', '', 0),
(1580, '004361', 'Rocio Ortiz Vargas', '', 0),
(1581, '004360', 'Juan Camacho Cornejo', '', 0),
(1582, '004359', 'Ricardo Guevara Partida', '', 0),
(1583, '004358', 'Teodoro Castro Ponce', '', 0),
(1584, '004355', 'Carlos Yovanhi Villa Guerrero', '', 0),
(1585, '004354', 'Carlos Alberto Fernandez Gascon', '', 0),
(1586, '004353', 'Miguel Angel Rodriguez Murillo', '', 0),
(1587, '004352', 'Antonio Serapio Juarez Terrazas', '', 0),
(1588, '004351', 'Martin Leonardo Vega Munoz', '', 0),
(1589, '004350', 'Rocio Donnadieu Garcia', '', 0),
(1590, '004349', 'Cesar Arturo Espejel Blancas', '', 0),
(1591, '004348', 'Lorena Perez Gonzalez', '', 0),
(1592, '004347', 'Vidal Aparicio Nicolas', '', 0),
(1593, '004346', 'Marco Antonio Martin Barba', '', 0),
(1594, '004345', 'Mario Guillen Cruz', '', 0),
(1595, '004344', 'Albino Hernandez Garcia', '', 0),
(1596, '004343', 'Rogelio Pinedo Perez', '', 0),
(1597, '004342', 'Martin Alcantara Cazares', '', 0),
(1598, '004341', 'Carlos Alfonso Vergara Parra', '', 1),
(1599, '004339', 'Cecilia Mendoza Bautista', '', 0),
(1600, '004336', 'Miguel Angel Arzate Sosa', '', 0),
(1601, '004335', 'Miguel Angel Suarez Hernandez', '', 0),
(1602, '004334', 'Gilberto Alejandro Ramirez Granados', '', 0),
(1603, '004333', 'Carlos Hernandez Gutierrez', '', 0),
(1604, '004330', 'Otilia Ocampo Sandoval', '', 0),
(1605, '004320', 'Areli Hernandez Campos', '', 0),
(1606, '004319', 'Veronica Sanchez Roa', '', 0),
(1607, '004318', 'Sandy Aidee Lopez Escamilla', '', 0),
(1608, '004317', 'Graciela Caballero Reyes', '', 0),
(1609, '004316', 'Juan Ramon Cid Gil', '', 0),
(1610, '004315', 'Adriana Nogales Hernandez', '', 0),
(1611, '004299', 'Jorge Gabriel Huidobro Ruiz', '', 0),
(1612, '004298', 'Luzero Yusbizaret Mata Martinez', '', 0),
(1613, '004295', 'Belinda Alejandra Santos  Osorio', '', 0),
(1614, '004286', 'Paola Leyva Rico', '', 0),
(1615, '004261', 'Julio Bravo Gutierrez', '', 0),
(1616, '004145', 'Alma Delia Lopez Gonzalez', '', 0),
(1617, '004000', 'Jesus Navarrete Solis', '', 0),
(1618, '003491', 'Claudia Guadalupe Flores Cano', '', 0),
(1619, '003342', 'Ricardo Castro Franco', '', 0),
(1620, '002854', 'Monica Marcela Torres Azcarraga', '', 0),
(1621, '001641', 'Veronica Mendieta Vazquez', '', 0),
(1622, '004171', 'Maria Fernanda Lopez Garcia', '', 0),
(1623, '004054', 'Jose Luis Cervantes Martinez', '', 0),
(1624, '003880', 'Consuelo Maria Franco Garza', '', 0),
(1625, '003560', 'Raul Iglesias Avayou', '', 0),
(1626, '003062', 'Mayra Casimiro Olea', '', 0),
(1627, '002543', 'Esteban Alvarez Gama', '', 0),
(1628, '001839', 'Federico Rodriguez Rovira', '', 0),
(1629, '004127', 'Erasmo Vega Enriquez', '', 0),
(1630, '002053', 'Juan Francisco Torres Amaya', '', 0),
(1631, '001132', 'Ana Maria Garcia Coronado', '', 0),
(1632, NULL, 'Alejandro de Monserr Zepeda Saldaña', NULL, 1),
(1634, NULL, 'Daniel Osvaldo López Fuentes', NULL, 1),
(1635, NULL, 'Jorge Miguel Kovaccs', NULL, 1),
(1636, NULL, 'Maria del Carmen Garay Cañas', NULL, 1),
(1637, NULL, 'Dayana Aguilar Villanueva', NULL, 1),
(1638, NULL, 'Yadira Gómez Sotelo', NULL, 1),
(1639, NULL, 'Sergio David Velazquez Guzmán', NULL, 1),
(1640, NULL, 'Diana Belinda Nuevo Rosas', NULL, 1),
(1641, NULL, 'Sergio Elias Gaspar', NULL, 1),
(1642, NULL, 'Alejandra Rios Spinola', NULL, 1),
(1643, NULL, 'Jazmín Anahí Baez Marcos', NULL, 1),
(1644, NULL, 'Marisol Herrera', NULL, 1),
(1645, '123456', 'Carlos', 'carlos@deklan.net', 1),
(1647, '004475', 'Karla Ximena Reynoso Hernandez', '', 0),
(1648, '004477', 'Miriam Colin Lopez', '', 0),
(1649, '004481', 'Brenda Yadira Ruiz Guadarrama', '', 0),
(1650, '004482', 'Jose Luis Martinez Lara', '', 0),
(1651, '004483', 'Juan Mauricio Nuñez Castillo', '', 0),
(1652, '004484', 'Abel Alvarez Morales', '', 0),
(1653, '004485', 'Demetrio Abad Carmona Dina', '', 0),
(1654, '004487', 'Arturo Amezquita Arriola', '', 0),
(1655, '004488', 'Sergio Espinosa Caraveo', '', 0),
(1656, '004489', 'Aurea Beatriz Bravo Elizarraraz', '', 0),
(1657, '004490', 'Jose Luis Rios Aguilar', '', 0),
(1658, '004491', 'Acuario Itzel Alvarado Corona', '', 0),
(1659, '004492', 'Angel Monsivais Garcia', '', 0),
(1660, '004493', 'Nadia Zoe Gonzalez Miramontes', '', 0),
(1661, '004494', 'Sandra Angelica Rojas Olivares', '', 0),
(1662, '004495', 'Claudia Paola Duran Caletti', '', 0),
(1663, '004496', 'Paula Gonzalez Carballar', '', 0),
(1664, '004497', 'Sergio Negrete Sampedro', '', 0),
(1665, '004498', 'Mario Alberto Gomez Salazar', '', 0),
(1666, '004499', 'Edna Anabel Flores Hernandez', '', 0),
(1667, '004500', 'Martha Patricia Barrales Ruiz', '', 0),
(1668, '004501', 'Monica Aceneth Perez Ruiz', '', 0),
(1669, '004502', 'Cesareo Roberto Carvajal Peña', '', 0),
(1670, '004503', 'Daniela Sanchez Mondragon', '', 0),
(1671, '004504', 'Eduardo Benjamin Soto Perez', '', 0),
(1672, '004505', 'Josefina Jacome Silva', '', 0),
(1673, '004506', 'Jazmin Arevalo Jimenez', '', 0);

--
-- Restricciones para tablas volcadas
--

--
-- Filtros para la tabla `cartas`
--
ALTER TABLE `cartas`
  ADD CONSTRAINT `fk_cartas_ninos_padrinos1` FOREIGN KEY (`ninos_padrinos_ninos_idninos`, `ninos_padrinos_padrinos_idpadrinos`) REFERENCES `ninos_padrinos` (`ninos_idninos`, `padrinos_idpadrinos`) ON DELETE NO ACTION ON UPDATE NO ACTION;

--
-- Filtros para la tabla `ninos`
--
ALTER TABLE `ninos`
  ADD CONSTRAINT `fk_ninos_comedores1` FOREIGN KEY (`comedores_idcomedores`) REFERENCES `comedores` (`idcomedores`) ON DELETE NO ACTION ON UPDATE NO ACTION,
  ADD CONSTRAINT `fk_ninos_genero1` FOREIGN KEY (`genero_idgenero`) REFERENCES `genero` (`idgenero`) ON DELETE NO ACTION ON UPDATE NO ACTION;

--
-- Filtros para la tabla `ninos_padrinos`
--
ALTER TABLE `ninos_padrinos`
  ADD CONSTRAINT `fk_ninos_has_padrinos_ninos` FOREIGN KEY (`ninos_idninos`) REFERENCES `ninos` (`idninos`) ON DELETE NO ACTION ON UPDATE NO ACTION,
  ADD CONSTRAINT `fk_ninos_has_padrinos_padrinos1` FOREIGN KEY (`padrinos_idpadrinos`) REFERENCES `padrinos` (`idpadrinos`) ON DELETE NO ACTION ON UPDATE NO ACTION;

/*!40101 SET CHARACTER_SET_CLIENT=@OLD_CHARACTER_SET_CLIENT */;
/*!40101 SET CHARACTER_SET_RESULTS=@OLD_CHARACTER_SET_RESULTS */;
/*!40101 SET COLLATION_CONNECTION=@OLD_COLLATION_CONNECTION */;
