-- phpMyAdmin SQL Dump
-- version 4.0.10.7
-- http://www.phpmyadmin.net
--
-- Servidor: localhost
-- Tiempo de generación: 02-08-2015 a las 15:41:40
-- Versión del servidor: 5.5.42-cll
-- Versión de PHP: 5.4.31

SET SQL_MODE = "NO_AUTO_VALUE_ON_ZERO";
SET time_zone = "+00:00";


/*!40101 SET @OLD_CHARACTER_SET_CLIENT=@@CHARACTER_SET_CLIENT */;
/*!40101 SET @OLD_CHARACTER_SET_RESULTS=@@CHARACTER_SET_RESULTS */;
/*!40101 SET @OLD_COLLATION_CONNECTION=@@COLLATION_CONNECTION */;
/*!40101 SET NAMES utf8 */;

--
-- Base de datos: `yosoypad_va_por_mi_cuenta`
--

-- --------------------------------------------------------

--
-- Estructura de tabla para la tabla `cartas`
--

CREATE TABLE IF NOT EXISTS `cartas` (
  `idcartas` int(11) NOT NULL,
  `contenido` text,
  `fecha` timestamp NULL DEFAULT NULL,
  `ninos_padrinos_ninos_idninos` int(11) NOT NULL,
  `ninos_padrinos_padrinos_idpadrinos` int(11) NOT NULL,
  PRIMARY KEY (`idcartas`),
  KEY `fk_cartas_ninos_padrinos1_idx` (`ninos_padrinos_ninos_idninos`,`ninos_padrinos_padrinos_idpadrinos`)
) ENGINE=InnoDB DEFAULT CHARSET=utf8;

-- --------------------------------------------------------

--
-- Estructura de tabla para la tabla `comedores`
--

CREATE TABLE IF NOT EXISTS `comedores` (
  `idcomedores` int(11) NOT NULL,
  `nombre_comedor` varchar(45) DEFAULT NULL,
  PRIMARY KEY (`idcomedores`)
) ENGINE=InnoDB DEFAULT CHARSET=utf8;

--
-- Volcado de datos para la tabla `comedores`
--

INSERT INTO `comedores` (`idcomedores`, `nombre_comedor`) VALUES
(1, 'Ecatepec'),
(2, 'A. Obregón'),
(3, 'Chalco'),
(4, 'Metepec');

-- --------------------------------------------------------

--
-- Estructura de tabla para la tabla `genero`
--

CREATE TABLE IF NOT EXISTS `genero` (
  `idgenero` int(11) NOT NULL,
  `genero` varchar(45) DEFAULT NULL,
  `foto` varchar(45) DEFAULT NULL,
  PRIMARY KEY (`idgenero`)
) ENGINE=InnoDB DEFAULT CHARSET=utf8;

--
-- Volcado de datos para la tabla `genero`
--

INSERT INTO `genero` (`idgenero`, `genero`, `foto`) VALUES
(1, 'Niña', 'nina.png'),
(2, 'Niño', 'nino.png');

-- --------------------------------------------------------

--
-- Estructura de tabla para la tabla `movimientos`
--

CREATE TABLE IF NOT EXISTS `movimientos` (
  `idmovimientos` int(11) NOT NULL AUTO_INCREMENT,
  `idpadrino` int(11) NOT NULL,
  `idnino` int(11) NOT NULL,
  `movimiento` varchar(100) NOT NULL,
  `fecha` timestamp NOT NULL DEFAULT CURRENT_TIMESTAMP,
  `donacion` int(11) NOT NULL,
  `num_comidas` float NOT NULL,
  PRIMARY KEY (`idmovimientos`)
) ENGINE=MyISAM  DEFAULT CHARSET=latin1 AUTO_INCREMENT=417 ;

--
-- Volcado de datos para la tabla `movimientos`
--

INSERT INTO `movimientos` (`idmovimientos`, `idpadrino`, `idnino`, `movimiento`, `fecha`, `donacion`, `num_comidas`) VALUES
(1, 601, 796, 'alta', '2014-08-25 20:21:22', 35, 1),
(2, 250, 646, 'alta', '2014-08-25 20:33:29', 70, 2),
(3, 408, 222, 'alta', '2014-08-25 20:38:23', 35, 1),
(4, 545, 70, 'alta', '2014-08-25 20:38:40', 105, 3),
(5, 222, 0, 'carta', '2014-08-25 20:42:49', -1, -1),
(6, 410, 855, 'alta', '2014-08-25 21:17:03', 2, 0.0571429),
(7, 410, 855, 'cambio', '2014-08-25 21:22:07', 70, 2),
(8, 855, 0, 'carta', '2014-08-25 21:24:36', -1, -1),
(9, 399, 0, 'carta', '2014-08-25 22:45:39', -1, -1),
(10, 841, 459, 'cambio', '2014-08-26 14:40:10', 105, 3),
(11, 459, 0, 'carta', '2014-08-26 14:44:46', -1, -1),
(12, 885, 338, 'cambio', '2014-08-26 22:56:14', 20, 0.571429),
(13, 588, 658, 'alta', '2014-08-27 14:12:33', 50, 1.42857),
(14, 873, 713, 'cambio', '2014-08-27 15:18:36', 35, 1),
(15, 504, 737, 'alta', '2014-08-27 17:39:23', 10, 0.285714),
(16, 408, 0, 'carta', '2014-08-28 21:01:21', -1, -1),
(17, 846, 408, 'cambio', '2014-08-28 21:02:42', 70, 2),
(18, 1333, 644, 'alta', '2014-08-18 16:00:00', 70, 2),
(19, 1320, 12, 'cambio', '2014-08-19 16:00:00', 70, 2),
(20, 464, 62, 'alta', '2014-08-18 16:00:00', 100, 2.9),
(21, 1067, 702, 'cambio', '2014-08-18 16:00:00', 35, 1),
(22, 1275, 532, 'alta', '2014-08-19 16:00:00', 15, 0.4),
(23, 1275, 532, 'carta', '2014-08-19 16:00:00', -1, -1),
(24, 426, 960, 'cambio', '2014-08-18 16:00:00', 35, 1),
(25, 426, 960, 'carta', '2014-08-18 16:00:00', -1, -1),
(26, 404, 443, 'alta', '2014-08-19 16:00:00', 70, 2),
(27, 404, 443, 'carta', '2014-08-19 16:00:00', -1, -1),
(28, 385, 395, 'cambio', '2014-08-18 16:00:00', 35, 1),
(29, 41, 157, 'alta', '2014-08-18 16:00:00', 175, 5),
(30, 718, 433, 'cambio', '2014-08-18 16:00:00', 175, 5),
(31, 718, 434, 'carta', '2014-08-18 16:00:00', -1, -1),
(32, 366, 57, 'alta', '2014-08-18 16:00:00', 105, 3),
(33, 706, 586, 'alta', '2014-08-19 16:00:00', 35, 1),
(34, 968, 34, 'cambio', '2014-08-18 16:00:00', 105, 3),
(35, 604, 653, 'alta', '2014-08-18 16:00:00', 70, 2),
(36, 85, 487, 'alta', '2014-08-18 16:00:00', 35, 1),
(37, 323, 438, 'alta', '2014-08-19 16:00:00', 70, 2),
(38, 323, 438, 'carta', '2014-08-19 16:00:00', -1, -1),
(39, 920, 140, 'alta', '2014-08-20 16:00:00', 70, 2),
(40, 920, 140, 'carta', '2014-08-20 16:00:00', -1, -1),
(41, 951, 273, 'alta', '2014-08-18 16:00:00', 70, 2),
(42, 951, 273, 'carta', '2014-08-18 16:00:00', -1, -1),
(43, 1133, 175, 'alta', '2014-08-18 16:00:00', 175, 5),
(44, 1132, 718, 'alta', '2014-08-20 16:00:00', 35, 1),
(45, 11, 162, 'alta', '2014-08-21 16:00:00', 105, 3),
(46, 304, 254, 'alta', '2014-08-18 16:00:00', 4, 0.1),
(47, 547, 440, 'alta', '2014-08-18 16:00:00', 350, 10),
(48, 847, 135, 'alta', '2014-08-18 16:00:00', 350, 10),
(49, 847, 135, 'carta', '2014-08-18 16:00:00', -1, -1),
(50, 703, 0, 'carta', '2014-08-29 16:11:56', -1, -1),
(51, 624, 0, 'carta', '2014-08-29 16:51:19', -1, -1),
(52, 498, 716, 'alta', '2014-08-29 16:55:20', 5, 0.142857),
(53, 716, 0, 'carta', '2014-08-29 16:56:26', -1, -1),
(54, 62, 453, 'alta', '2014-08-29 17:01:59', 175, 5),
(55, 1096, 727, 'alta', '2014-08-29 17:09:21', 175, 5),
(56, 142, 604, 'alta', '2014-08-29 17:12:14', 35, 1),
(57, 1216, 747, 'alta', '2014-08-29 17:13:45', 35, 1),
(58, 604, 0, 'carta', '2014-08-29 17:16:27', -1, -1),
(59, 327, 17, 'alta', '2014-08-29 17:17:26', 35, 1),
(60, 17, 0, 'carta', '2014-08-29 17:26:25', -1, -1),
(61, 626, 0, 'carta', '2014-08-29 17:41:06', -1, -1),
(62, 1095, 46, 'alta', '2014-08-29 17:41:24', 70, 2),
(63, 1169, 522, 'cambio', '2014-08-29 18:01:49', 10, 0.285714),
(64, 522, 177, 'carta', '2014-08-29 18:10:09', -1, -1),
(65, 835, 414, 'cambio', '2014-08-29 18:10:28', 210, 6),
(66, 927, 0, 'carta', '2014-08-29 18:14:53', -1, -1),
(67, 1343, 269, 'alta', '2014-08-29 18:19:54', 175, 5),
(68, 269, 0, 'carta', '2014-08-29 18:20:58', -1, -1),
(69, 832, 768, 'alta', '2014-08-29 18:24:06', 35, 1),
(70, 241, 0, 'carta', '2014-08-29 18:46:08', -1, -1),
(71, 91, 964, 'alta', '2014-08-29 19:02:50', 70, 2),
(72, 1405, 798, 'alta', '2014-08-29 20:03:15', 35, 1),
(73, 798, 0, 'carta', '2014-08-29 20:07:14', -1, -1),
(74, 423, 178, 'cambio', '2014-08-29 20:38:31', 70, 2),
(75, 184, 0, 'carta', '2014-08-30 13:54:14', -1, -1),
(76, 820, 184, 'cambio', '2014-08-30 14:00:21', 280, 8),
(77, 820, 184, 'cambio', '2014-08-30 14:03:02', 500, 14.2857),
(78, 964, 0, 'carta', '2014-09-01 04:19:50', -1, -1),
(79, 1373, 992, 'alta', '2014-09-01 15:19:03', 350, 10),
(80, 992, 0, 'carta', '2014-09-01 15:23:12', -1, -1),
(81, 938, 490, 'alta', '2014-09-01 15:36:39', 175, 5),
(82, 490, 0, 'carta', '2014-09-01 15:38:19', -1, -1),
(83, 1174, 721, 'alta', '2014-09-01 15:56:23', 35, 1),
(84, 721, 0, 'carta', '2014-09-01 16:14:53', -1, -1),
(85, 20, 0, 'carta', '2014-09-01 16:19:29', -1, -1),
(86, 262, 0, 'carta', '2014-09-01 20:26:05', -1, -1),
(87, 76, 0, 'carta', '2014-09-01 21:16:27', -1, -1),
(88, 479, 976, 'alta', '2014-09-02 16:17:38', 350, 10),
(89, 976, 0, 'carta', '2014-09-02 16:26:30', -1, -1),
(90, 1242, 675, 'alta', '2014-09-02 17:55:11', 35, 1),
(91, 675, 0, 'carta', '2014-09-02 17:58:17', -1, -1),
(92, 660, 0, 'carta', '2014-09-02 18:08:41', -1, -1),
(93, 1143, 236, 'alta', '2014-09-02 18:22:28', 35, 1),
(94, 236, 0, 'carta', '2014-09-02 18:30:14', -1, -1),
(95, 236, 0, 'carta', '2014-09-02 18:30:14', -1, -1),
(96, 374, 418, 'alta', '2014-09-02 20:37:30', 50, 1.42857),
(97, 312, 852, 'alta', '2014-09-03 17:58:35', 35, 1),
(98, 1171, 720, 'alta', '2014-09-03 18:01:53', 35, 1),
(99, 720, 0, 'carta', '2014-09-03 18:09:05', -1, -1),
(100, 298, 0, 'carta', '2014-09-04 15:03:53', -1, -1),
(101, 1087, 73, 'alta', '2014-09-04 15:18:54', 30, 0.857143),
(102, 812, 0, 'carta', '2014-09-04 16:56:22', -1, -1),
(103, 932, 0, 'carta', '2014-09-05 18:37:23', -1, -1),
(104, 971, 336, 'alta', '2014-09-05 18:48:22', 20, 0.571429),
(105, 856, 0, 'carta', '2014-09-05 20:25:29', -1, -1),
(106, 332, 822, 'alta', '2014-09-07 23:03:42', 70, 2),
(107, 822, 0, 'carta', '2014-09-07 23:07:45', -1, -1),
(108, 350, 0, 'carta', '2014-09-08 18:22:19', -1, -1),
(109, 524, 0, 'carta', '2014-09-08 20:51:29', -1, -1),
(110, 940, 280, 'alta', '2014-09-11 14:25:42', 35, 1),
(111, 753, 735, 'alta', '2014-09-11 15:39:27', 70, 2),
(112, 688, 0, 'carta', '2014-09-11 23:29:54', -1, -1),
(113, 1065, 52, 'cambio', '2014-09-12 17:44:16', 105, 3),
(114, 165, 0, 'carta', '2014-09-12 17:53:47', -1, -1),
(115, 165, 0, 'carta', '2014-09-12 17:53:56', -1, -1),
(116, 1004, 808, 'alta', '2014-09-12 18:39:11', 35, 1),
(117, 808, 0, 'carta', '2014-09-12 18:42:24', -1, -1),
(118, 4, 47, 'alta', '2014-09-12 22:00:00', -1, -1),
(119, 5, 48, 'alta', '2014-09-12 22:00:00', -1, -1),
(120, 7, 49, 'alta', '2014-09-12 22:00:00', -1, -1),
(121, 14, 51, 'alta', '2014-09-12 22:00:00', -1, -1),
(122, 16, 131, 'alta', '2014-09-12 22:00:00', -1, -1),
(123, 18, 142, 'alta', '2014-09-12 22:00:00', -1, -1),
(124, 21, 143, 'alta', '2014-09-12 22:00:00', -1, -1),
(125, 31, 151, 'alta', '2014-09-12 22:00:00', -1, -1),
(126, 37, 153, 'alta', '2014-09-12 22:00:00', -1, -1),
(127, 44, 154, 'alta', '2014-09-12 22:00:00', -1, -1),
(128, 287, 155, 'alta', '2014-09-12 22:00:00', -1, -1),
(129, 295, 156, 'alta', '2014-09-12 22:00:00', -1, -1),
(130, 300, 160, 'alta', '2014-09-12 22:00:00', -1, -1),
(131, 471, 164, 'alta', '2014-09-12 22:00:00', -1, -1),
(132, 474, 165, 'alta', '2014-09-12 22:00:00', -1, -1),
(133, 478, 172, 'alta', '2014-09-12 22:00:00', -1, -1),
(134, 493, 174, 'alta', '2014-09-12 22:00:00', -1, -1),
(135, 522, 177, 'alta', '2014-09-12 22:00:00', -1, -1),
(136, 542, 181, 'alta', '2014-09-12 22:00:00', -1, -1),
(137, 543, 183, 'alta', '2014-09-12 22:00:00', -1, -1),
(138, 546, 187, 'alta', '2014-09-12 22:00:00', -1, -1),
(139, 556, 188, 'alta', '2014-09-12 22:00:00', -1, -1),
(140, 557, 192, 'alta', '2014-09-12 22:00:00', -1, -1),
(141, 566, 195, 'alta', '2014-09-12 22:00:00', -1, -1),
(142, 568, 196, 'alta', '2014-09-12 22:00:00', -1, -1),
(143, 572, 200, 'alta', '2014-09-12 22:00:00', -1, -1),
(144, 580, 201, 'alta', '2014-09-12 22:00:00', -1, -1),
(145, 596, 206, 'alta', '2014-09-12 22:00:00', -1, -1),
(146, 599, 208, 'alta', '2014-09-12 22:00:00', -1, -1),
(147, 603, 210, 'alta', '2014-09-12 22:00:00', -1, -1),
(148, 605, 211, 'alta', '2014-09-12 22:00:00', -1, -1),
(149, 618, 214, 'alta', '2014-09-12 22:00:00', -1, -1),
(150, 626, 218, 'alta', '2014-09-12 22:00:00', -1, -1),
(151, 633, 219, 'alta', '2014-09-12 22:00:00', -1, -1),
(152, 636, 220, 'alta', '2014-09-12 22:00:00', -1, -1),
(153, 639, 226, 'alta', '2014-09-12 22:00:00', -1, -1),
(154, 663, 227, 'alta', '2014-09-12 22:00:00', -1, -1),
(155, 679, 228, 'alta', '2014-09-12 22:00:00', -1, -1),
(156, 806, 232, 'alta', '2014-09-12 22:00:00', -1, -1),
(157, 836, 234, 'alta', '2014-09-12 22:00:00', -1, -1),
(158, 1092, 235, 'alta', '2014-09-12 22:00:00', -1, -1),
(159, 1109, 237, 'alta', '2014-09-12 22:00:00', -1, -1),
(160, 1115, 238, 'alta', '2014-09-12 22:00:00', -1, -1),
(161, 1172, 240, 'alta', '2014-09-12 22:00:00', -1, -1),
(162, 1191, 242, 'alta', '2014-09-12 22:00:00', -1, -1),
(163, 1255, 243, 'alta', '2014-09-12 22:00:00', -1, -1),
(164, 1294, 246, 'alta', '2014-09-12 22:00:00', -1, -1),
(165, 1327, 248, 'alta', '2014-09-12 22:00:00', -1, -1),
(166, 1351, 249, 'alta', '2014-09-12 22:00:00', -1, -1),
(167, 4, 47, 'alta	', '2014-09-08 22:00:00', -1, -1),
(168, 5, 48, 'alta	', '2014-09-08 22:00:00', -1, -1),
(169, 7, 49, 'alta	', '2014-09-08 22:00:00', -1, -1),
(170, 8, 137, 'alta', '2014-09-08 22:00:00', -1, -1),
(171, 12, 74, 'alta', '2014-09-08 22:00:00', -1, -1),
(172, 14, 51, 'alta', '2014-09-08 22:00:00', -1, -1),
(173, 16, 131, 'alta', '2014-09-08 22:00:00', -1, -1),
(174, 18, 142, 'alta', '2014-09-08 22:00:00', -1, -1),
(175, 31, 151, 'alta', '2014-09-08 22:00:00', -1, -1),
(176, 37, 153, 'alta', '2014-09-08 22:00:00', -1, -1),
(177, 44, 154, 'alta', '2014-09-08 22:00:00', -1, -1),
(178, 295, 156, 'alta', '2014-09-08 22:00:00', -1, -1),
(179, 300, 160, 'alta', '2014-09-08 22:00:00', -1, -1),
(180, 546, 187, 'alta', '2014-09-08 22:00:00', -1, -1),
(181, 557, 192, 'alta', '2014-09-08 22:00:00', -1, -1),
(182, 566, 195, 'alta', '2014-09-08 22:00:00', -1, -1),
(183, 568, 196, 'alta', '2014-09-08 22:00:00', -1, -1),
(184, 572, 200, 'alta', '2014-09-08 22:00:00', -1, -1),
(185, 580, 201, 'alta', '2014-09-08 22:00:00', -1, -1),
(186, 596, 206, 'alta', '2014-09-08 22:00:00', -1, -1),
(187, 599, 208, 'alta', '2014-09-08 22:00:00', -1, -1),
(188, 603, 210, 'alta', '2014-09-08 22:00:00', -1, -1),
(189, 605, 211, 'alta', '2014-09-08 22:00:00', -1, -1),
(190, 618, 214, 'alta', '2014-09-08 22:00:00', -1, -1),
(191, 626, 218, 'alta', '2014-09-08 22:00:00', -1, -1),
(192, 633, 219, 'alta', '2014-09-08 22:00:00', -1, -1),
(193, 635, 59, 'alta', '2014-09-08 22:00:00', -1, -1),
(194, 636, 220, 'alta', '2014-09-08 22:00:00', -1, -1),
(195, 639, 226, 'alta', '2014-09-08 22:00:00', -1, -1),
(196, 836, 234, 'alta', '2014-09-08 22:00:00', -1, -1),
(197, 1092, 235, 'alta', '2014-09-08 22:00:00', -1, -1),
(198, 1109, 237, 'alta', '2014-09-08 22:00:00', -1, -1),
(199, 1115, 238, 'alta', '2014-09-08 22:00:00', -1, -1),
(200, 1172, 240, 'alta', '2014-09-08 22:00:00', -1, -1),
(201, 1255, 243, 'alta', '2014-09-08 22:00:00', -1, -1),
(202, 1294, 246, 'alta', '2014-09-08 22:00:00', -1, -1),
(203, 1327, 248, 'alta', '2014-09-08 22:00:00', -1, -1),
(204, 1350, 104, 'alta', '2014-09-08 22:00:00', -1, -1),
(205, 1351, 249, 'alta', '2014-09-08 22:00:00', -1, -1),
(206, 1467, 127, 'alta', '2014-09-08 22:00:00', -1, -1),
(207, 1469, 136, 'alta', '2014-09-08 22:00:00', -1, -1),
(208, 1470, 141, 'alta', '2014-09-08 22:00:00', -1, -1),
(209, 701, 0, 'carta', '2014-09-15 17:32:59', -1, -1),
(210, 487, 0, 'carta', '2014-09-15 22:13:10', -1, -1),
(211, 485, 0, 'carta', '2014-09-17 15:10:46', -1, -1),
(212, 162, 0, 'carta', '2014-09-17 16:45:10', -1, -1),
(213, 963, 617, 'alta', '2014-09-19 02:50:10', 70, 2),
(214, 617, 0, 'carta', '2014-09-19 02:55:19', -1, -1),
(215, 617, 0, 'carta', '2014-09-19 02:55:41', -1, -1),
(216, 119, 0, 'carta', '2014-09-19 16:05:18', -1, -1),
(217, 948, 827, 'alta', '2014-09-29 15:06:19', 1, 0.0285714),
(218, 648, 0, 'carta', '2014-10-01 13:52:28', -1, -1),
(219, 662, 0, 'carta', '2014-10-01 17:23:05', -1, -1),
(220, 727, 0, 'carta', '2014-10-01 17:34:56', -1, -1),
(221, 199, 0, 'carta', '2014-10-01 18:17:52', -1, -1),
(222, 789, 0, 'carta', '2014-10-01 21:13:42', -1, -1),
(223, 561, 0, 'carta', '2014-10-02 23:01:28', -1, -1),
(224, 1056, 677, 'alta', '2014-10-03 13:45:41', 35, 1),
(225, 223, 0, 'carta', '2014-10-03 14:35:20', -1, -1),
(226, 223, 0, 'carta', '2014-10-03 14:35:49', -1, -1),
(227, 223, 0, 'carta', '2014-10-03 14:36:27', -1, -1),
(228, 672, 654, 'alta', '2014-10-03 16:17:14', 70, 2),
(229, 654, 0, 'carta', '2014-10-03 16:27:47', -1, -1),
(230, 1004, 0, 'carta', '2014-10-13 19:36:03', -1, -1),
(231, 1004, 0, 'carta', '2014-10-13 19:38:52', -1, -1),
(232, 1004, 0, 'carta', '2014-10-15 15:16:15', -1, -1),
(233, 1004, 0, 'carta', '2014-10-21 16:03:30', -1, -1),
(234, 933, 650, 'alta', '2014-10-29 23:24:11', 35, 1),
(235, 949, 449, 'alta', '2014-10-29 23:34:22', 20, 0.571429),
(236, 1400, 313, 'alta', '2014-10-29 23:35:08', 35, 1),
(237, 449, 0, 'carta', '2014-10-29 23:36:06', -1, -1),
(238, 313, 0, 'carta', '2014-10-29 23:38:39', -1, -1),
(239, 1096, 727, 'baja', '2014-10-30 15:59:32', 0, 0),
(240, 475, 0, 'carta', '2014-10-30 17:07:37', -1, -1),
(241, 799, 0, 'carta', '2014-10-30 18:12:19', -1, -1),
(242, 799, 0, 'carta', '2014-10-30 18:17:37', -1, -1),
(243, 799, 0, 'carta', '2014-10-30 18:18:31', -1, -1),
(244, 799, 0, 'carta', '2014-10-30 18:19:46', -1, -1),
(245, 799, 0, 'carta', '2014-10-30 18:20:49', -1, -1),
(246, 799, 0, 'carta', '2014-10-30 18:21:34', -1, -1),
(247, 1471, 253, 'alta', '2014-10-31 02:02:22', 140, 4),
(248, 194, 0, 'carta', '2014-11-04 19:30:09', -1, -1),
(249, 375, 534, 'alta', '2014-11-05 23:59:36', 70, 2),
(250, 534, 0, 'carta', '2014-11-06 00:43:01', -1, -1),
(251, 304, 254, 'cambio', '2014-11-14 16:22:45', 2, 0.0571429),
(252, 175, 0, 'carta', '2014-11-18 16:06:43', -1, -1),
(253, 465, 780, 'alta', '2014-12-03 16:19:09', 100, 2.85714),
(254, 994, 681, 'alta', '2014-12-03 19:29:42', 17, 0.485714),
(255, 681, 0, 'carta', '2014-12-03 19:41:17', -1, -1),
(256, 681, 0, 'carta', '2014-12-03 20:00:29', -1, -1),
(257, 184, 0, 'carta', '2014-12-08 16:33:04', -1, -1),
(258, 40, 0, 'carta', '2014-12-09 22:26:25', -1, -1),
(259, 40, 0, 'carta', '2014-12-09 22:26:41', -1, -1),
(260, 40, 0, 'carta', '2014-12-09 22:26:46', -1, -1),
(261, 0, 0, 'carta', '2014-12-09 22:26:48', -1, -1),
(262, 0, 0, 'carta', '2014-12-09 22:26:50', -1, -1),
(263, 0, 0, 'carta', '2014-12-09 22:26:52', -1, -1),
(264, 0, 0, 'carta', '2014-12-09 22:26:55', -1, -1),
(265, 0, 0, 'carta', '2014-12-09 22:26:56', -1, -1),
(266, 484, 993, 'alta', '2014-12-09 22:56:00', 35, 1),
(267, 993, 0, 'carta', '2014-12-09 22:57:37', -1, -1),
(268, 1301, 743, 'alta', '2014-12-10 15:03:50', 20, 0.571429),
(269, 743, 0, 'carta', '2014-12-10 15:06:51', -1, -1),
(270, 1225, 830, 'alta', '2014-12-10 15:10:54', 105, 3),
(271, 830, 0, 'carta', '2014-12-10 15:12:10', -1, -1),
(272, 302, 896, 'alta', '2014-12-10 15:28:37', 50, 1.42857),
(273, 848, 543, 'alta', '2014-12-10 16:40:46', 35, 1),
(274, 669, 110, 'alta', '2014-12-10 18:40:36', 35, 1),
(275, 110, 0, 'carta', '2014-12-10 18:46:07', -1, -1),
(276, 351, 431, 'alta', '2014-12-10 20:25:11', 70, 2),
(277, 424, 544, 'alta', '2014-12-11 00:20:00', 35, 1),
(278, 1004, 0, 'carta', '2014-12-11 17:46:36', -1, -1),
(279, 999, 499, 'alta', '2014-12-16 04:45:31', 35, 1),
(280, 499, 0, 'carta', '2014-12-16 04:49:03', -1, -1),
(281, 978, 454, 'alta', '2014-12-16 16:30:29', 35, 1),
(282, 1002, 491, 'alta', '2014-12-18 16:56:01', 35, 1),
(283, 491, 0, 'carta', '2014-12-18 16:58:26', -1, -1),
(284, 162, 0, 'carta', '2014-12-18 21:38:55', -1, -1),
(285, 11, 162, 'cambio', '2014-12-18 21:39:50', 35, 1),
(286, 162, 0, 'carta', '2014-12-18 21:41:13', -1, -1),
(287, 1025, 540, 'alta', '2014-12-19 21:37:52', 70, 2),
(288, 540, 0, 'carta', '2014-12-19 21:39:13', -1, -1),
(289, 998, 698, 'alta', '2014-12-21 02:00:22', 175, 5),
(290, 698, 0, 'carta', '2014-12-21 02:02:52', -1, -1),
(291, 1486, 415, 'alta', '2014-12-22 18:57:32', 175, 5),
(292, 1021, 994, 'alta', '2014-12-23 02:18:07', 35, 1),
(293, 994, 0, 'carta', '2014-12-23 02:20:02', -1, -1),
(294, 703, 0, 'carta', '2014-12-23 16:23:30', -1, -1),
(295, 414, 0, 'carta', '2014-12-23 19:44:45', -1, -1),
(296, 809, 0, 'carta', '2015-01-02 20:59:14', -1, -1),
(297, 809, 0, 'carta', '2015-01-02 21:03:49', -1, -1),
(298, 809, 0, 'carta', '2015-01-02 21:03:55', -1, -1),
(299, 809, 0, 'carta', '2015-01-02 21:08:54', -1, -1),
(300, 1022, 844, 'alta', '2015-01-08 00:32:57', 35, 1),
(301, 844, 0, 'carta', '2015-01-08 00:34:10', -1, -1),
(302, 844, 0, 'carta', '2015-01-08 00:36:04', -1, -1),
(303, 844, 0, 'carta', '2015-01-08 00:36:23', -1, -1),
(304, 936, 345, 'alta', '2015-01-08 21:21:45', 35, 1),
(305, 1049, 723, 'alta', '2015-01-09 19:03:52', 175, 5),
(306, 1095, 46, 'baja', '2015-01-14 16:29:53', 0, 0),
(307, 841, 459, 'cambio', '2015-01-21 17:55:30', 35, 1),
(308, 76, 0, 'carta', '2015-02-03 18:08:04', -1, -1),
(309, 502, 205, 'cambio', '2015-02-03 18:20:58', 70, 2),
(310, 205, 0, 'carta', '2015-02-03 18:23:26', -1, -1),
(311, 336, 0, 'carta', '2015-02-03 18:32:09', -1, -1),
(312, 1134, 901, 'alta', '2015-02-03 18:32:09', 35, 1),
(313, 336, 0, 'carta', '2015-02-03 18:39:09', -1, -1),
(314, 1185, 256, 'alta', '2015-02-03 18:50:30', 70, 2),
(315, 175, 0, 'carta', '2015-02-03 19:31:18', -1, -1),
(316, 251, 343, 'alta', '2015-02-03 19:57:33', 35, 1),
(317, 1520, 430, 'alta', '2015-02-09 21:39:06', 35, 1),
(318, 430, 0, 'carta', '2015-02-09 21:44:05', -1, -1),
(319, 833, 293, 'alta', '2015-02-09 22:35:06', 35, 1),
(320, 293, 0, 'carta', '2015-02-09 22:38:21', -1, -1),
(321, 289, 941, 'alta', '2015-02-10 16:22:32', 2, 0.0571429),
(322, 941, 0, 'carta', '2015-02-10 16:26:34', -1, -1),
(323, 1463, 546, 'alta', '2015-02-10 23:44:13', 105, 3),
(324, 546, 0, 'carta', '2015-02-10 23:50:34', -1, -1),
(325, 444, 623, 'alta', '2015-02-11 15:35:38', 70, 2),
(326, 407, 714, 'alta', '2015-02-11 15:42:19', 70, 2),
(327, 438, 0, 'carta', '2015-02-11 22:04:10', -1, -1),
(328, 162, 0, 'carta', '2015-02-16 19:26:10', -1, -1),
(329, 242, 456, 'alta', '2015-02-17 16:47:32', 50, 1.42857),
(330, 456, 0, 'carta', '2015-02-17 16:51:42', -1, -1),
(331, 267, 613, 'alta', '2015-02-18 00:00:41', 10, 0.285714),
(332, 336, 0, 'carta', '2015-02-25 00:31:29', -1, -1),
(333, 189, 439, 'alta', '2015-03-02 22:47:32', 20, 0.571429),
(334, 938, 490, 'cambio', '2015-03-10 15:50:15', 35, 1),
(335, 256, 281, 'alta', '2015-03-11 16:29:55', 35, 1),
(336, 294, 645, 'alta', '2015-03-11 16:32:01', 105, 3),
(337, 645, 0, 'carta', '2015-03-11 16:33:25', -1, -1),
(338, 281, 0, 'carta', '2015-03-11 16:37:05', -1, -1),
(339, 238, 182, 'cambio', '2015-03-11 17:05:39', 105, 3),
(340, 321, 283, 'alta', '2015-03-11 17:05:50', 35, 1),
(341, 182, 0, 'carta', '2015-03-11 17:25:48', -1, -1),
(342, 739, 0, 'carta', '2015-03-11 18:12:31', -1, -1),
(343, 350, 483, 'alta', '2015-03-11 18:18:20', 35, 1),
(344, 478, 0, 'carta', '2015-03-12 23:12:17', -1, -1),
(345, 478, 0, 'carta', '2015-03-12 23:17:03', -1, -1),
(346, 0, 0, 'carta', '2015-03-12 23:17:11', -1, -1),
(347, 478, 0, 'carta', '2015-03-12 23:19:05', -1, -1),
(348, 458, 551, 'cambio', '2015-03-13 16:45:44', 80, 2.28571),
(349, 458, 551, 'cambio', '2015-03-13 16:46:06', 70, 2),
(350, 551, 0, 'carta', '2015-03-13 16:51:49', -1, -1),
(351, 276, 777, 'alta', '2015-03-13 20:23:04', 50, 1.42857),
(352, 847, 135, 'cambio', '2015-03-20 19:10:03', 35, 1),
(353, 809, 0, 'carta', '2015-03-26 01:44:07', -1, -1),
(354, 809, 0, 'carta', '2015-03-26 01:46:19', -1, -1),
(355, 809, 0, 'carta', '2015-03-26 01:48:24', -1, -1),
(356, 494, 0, 'carta', '2015-04-01 14:55:22', -1, -1),
(357, 494, 0, 'carta', '2015-04-01 14:55:29', -1, -1),
(358, 1274, 263, 'alta', '2015-04-01 16:11:38', 140, 4),
(359, 1274, 263, 'baja', '2015-04-01 16:16:54', 0, 0),
(360, 1099, 97, 'alta', '2015-04-01 16:19:46', 35, 1),
(361, 97, 0, 'carta', '2015-04-01 16:24:57', -1, -1),
(362, 1274, 263, 'alta', '2015-04-01 22:13:55', 140, 4),
(363, 368, 656, 'cambio', '2015-04-07 16:54:42', 105, 3),
(364, 494, 0, 'carta', '2015-04-25 02:04:45', -1, -1),
(365, 494, 0, 'carta', '2015-04-25 02:04:52', -1, -1),
(366, 497, 598, 'cambio', '2015-04-28 15:02:54', 35, 1),
(367, 263, 0, 'carta', '2015-04-29 15:11:03', -1, -1),
(368, 721, 0, 'carta', '2015-05-04 16:33:40', -1, -1),
(369, 721, 0, 'carta', '2015-05-04 16:33:59', -1, -1),
(370, 456, 315, 'cambio', '2015-05-04 16:35:08', 70, 2),
(371, 315, 0, 'carta', '2015-05-04 16:38:28', -1, -1),
(372, 703, 0, 'carta', '2015-05-04 16:39:29', -1, -1),
(373, 236, 5, 'cambio', '2015-05-07 22:13:11', 105, 3),
(374, 480, 888, 'cambio', '2015-06-02 18:03:04', 35, 1),
(375, 1004, 0, 'carta', '2015-06-02 18:04:43', -1, -1),
(376, 743, 0, 'carta', '2015-06-02 18:08:34', -1, -1),
(377, 927, 0, 'carta', '2015-06-02 18:14:08', -1, -1),
(378, 54, 0, 'carta', '2015-06-02 18:15:10', -1, -1),
(379, 718, 0, 'carta', '2015-06-02 18:30:02', -1, -1),
(380, 718, 0, 'carta', '2015-06-02 18:32:01', -1, -1),
(381, 888, 0, 'carta', '2015-06-02 18:36:36', -1, -1),
(382, 162, 0, 'carta', '2015-06-02 18:37:43', -1, -1),
(383, 1484, 330, 'alta', '2015-06-02 18:46:10', 105, 3),
(384, 330, 0, 'carta', '2015-06-02 18:47:32', -1, -1),
(385, 194, 0, 'carta', '2015-06-02 18:50:59', -1, -1),
(386, 760, 346, 'cambio', '2015-06-02 18:52:55', 200, 5.71429),
(387, 346, 0, 'carta', '2015-06-02 19:02:25', -1, -1),
(388, 569, 0, 'carta', '2015-06-02 19:02:51', -1, -1),
(389, 569, 0, 'carta', '2015-06-02 19:03:37', -1, -1),
(390, 1217, 569, 'cambio', '2015-06-02 19:21:00', 35, 1),
(391, 569, 0, 'carta', '2015-06-02 19:21:52', -1, -1),
(392, 999, 0, 'carta', '2015-06-02 19:31:54', -1, -1),
(393, 999, 0, 'carta', '2015-06-02 19:32:17', -1, -1),
(394, 999, 0, 'carta', '2015-06-02 19:32:41', -1, -1),
(395, 999, 0, 'carta', '2015-06-02 19:33:05', -1, -1),
(396, 999, 0, 'carta', '2015-06-02 19:33:32', -1, -1),
(397, 999, 0, 'carta', '2015-06-02 19:34:52', -1, -1),
(398, 999, 0, 'carta', '2015-06-02 19:35:25', -1, -1),
(399, 721, 0, 'carta', '2015-06-02 20:14:48', -1, -1),
(400, 721, 0, 'carta', '2015-06-02 20:18:03', -1, -1),
(401, 806, 0, 'carta', '2015-06-02 21:17:09', -1, -1),
(402, 999, 0, 'carta', '2015-06-02 21:37:13', -1, -1),
(403, 999, 0, 'carta', '2015-06-02 21:37:29', -1, -1),
(404, 999, 0, 'carta', '2015-06-02 21:51:24', -1, -1),
(405, 415, 0, 'carta', '2015-06-02 22:18:04', -1, -1),
(406, 644, 0, 'carta', '2015-06-02 23:01:55', -1, -1),
(407, 935, 727, 'alta', '2015-06-03 18:34:02', 70, 2),
(408, 727, 0, 'carta', '2015-06-03 18:37:23', -1, -1),
(409, 727, 0, 'carta', '2015-06-03 18:37:35', -1, -1),
(410, 739, 0, 'carta', '2015-06-03 18:48:16', -1, -1),
(411, 296, 0, 'carta', '2015-06-04 16:04:35', -1, -1),
(412, 352, 0, 'carta', '2015-06-08 18:04:24', -1, -1),
(413, 888, 0, 'carta', '2015-06-19 16:37:42', -1, -1),
(414, 684, 0, 'carta', '2015-07-02 19:01:16', -1, -1),
(415, 656, 0, 'carta', '2015-07-02 20:09:31', -1, -1),
(416, 888, 0, 'carta', '2015-07-22 17:06:41', -1, -1);

-- --------------------------------------------------------

--
-- Estructura de tabla para la tabla `ninos`
--

CREATE TABLE IF NOT EXISTS `ninos` (
  `idninos` int(11) NOT NULL AUTO_INCREMENT,
  `nombre` varchar(45) DEFAULT NULL,
  `apat` varchar(45) DEFAULT NULL,
  `amat` varchar(45) DEFAULT NULL,
  `fNacDia` int(2) DEFAULT NULL,
  `fNacMes` int(2) DEFAULT NULL,
  `fNacAno` int(4) DEFAULT NULL,
  `genero_idgenero` int(11) NOT NULL,
  `comedores_idcomedores` int(11) NOT NULL,
  `apadrinado` int(1) DEFAULT '0',
  PRIMARY KEY (`idninos`),
  KEY `fk_ninos_genero1_idx` (`genero_idgenero`),
  KEY `fk_ninos_comedores1_idx` (`comedores_idcomedores`)
) ENGINE=InnoDB  DEFAULT CHARSET=utf8 AUTO_INCREMENT=1005 ;

--
-- Volcado de datos para la tabla `ninos`
--

INSERT INTO `ninos` (`idninos`, `nombre`, `apat`, `amat`, `fNacDia`, `fNacMes`, `fNacAno`, `genero_idgenero`, `comedores_idcomedores`, `apadrinado`) VALUES
(1, 'Abraham Josue', 'Contreras', 'Contreras', 5, 11, 2005, 2, 1, 1),
(2, 'Abril Geraldine', 'Guzmán', 'Romero', 23, 3, 2009, 1, 1, 1),
(3, 'Adrián', 'Martínez', 'Carrillo', 29, 11, 2010, 2, 1, 1),
(4, 'Adriana', 'Contreras', 'Ramírez', 4, 9, 2005, 1, 1, 1),
(5, 'Adriana', 'Martínez', 'Sánchez', 26, 6, 2002, 1, 1, 1),
(6, 'Adriana Guadalupe', 'Gómez', 'Morales', 20, 8, 2008, 1, 1, 1),
(7, 'Alan Eduardo', 'Lara', 'Reyes', 6, 12, 2004, 2, 1, 1),
(8, 'Alex Geovany', 'Meza', 'Ibañez', 11, 3, 2005, 2, 1, 1),
(9, 'Alexandro', 'Martínez', 'González', 4, 7, 2001, 2, 1, 1),
(10, 'Alfredo', 'López', 'Romero', 12, 7, 2011, 2, 1, 1),
(11, 'Alondra', 'Sánchez', 'González', 11, 3, 2004, 1, 1, 1),
(12, 'Alondra Paola', 'Colin', 'Álvarez', 15, 3, 2005, 1, 1, 1),
(13, 'Alonso', 'Villazteca', 'Garduño', 9, 5, 2008, 2, 1, 1),
(14, 'Amanda', 'Contreras', 'Contreras', 22, 6, 2009, 1, 1, 1),
(15, 'Ana', 'Justo', 'Hernández', 9, 6, 1999, 1, 1, 1),
(16, 'Andrea', 'Martínez', 'Reyes', 7, 8, 2006, 1, 1, 1),
(17, 'Anel Sofía', 'Sánchez', 'González', 24, 9, 2005, 1, 1, 1),
(18, 'Ángel', 'Domínguez', 'Eduardo', 24, 11, 2004, 2, 1, 1),
(19, 'Ángel Alejandro', 'Galvez', 'Jimenez', 6, 3, 2000, 2, 1, 1),
(20, 'Ángel', 'Carmona', 'Garduño', 26, 8, 2006, 2, 1, 1),
(21, 'Ángel Geovanny', 'Guzmán', 'Contreras', 26, 9, 2005, 2, 1, 1),
(22, 'Ángel Isai', 'Girón', 'Hernández', 27, 6, 2009, 2, 1, 1),
(23, 'Ángel Manuel', 'Labastida', 'Martínez', 14, 9, 2011, 2, 1, 1),
(24, 'Ángel Yurem', 'Contreras', 'García', 11, 5, 2008, 2, 1, 1),
(25, 'Angelique', 'Martínez', 'Reyes', 13, 4, 2008, 1, 1, 1),
(26, 'Ani', 'Torres', 'Carmona', 20, 7, 2011, 1, 1, 1),
(27, 'Anthony Daniel', 'Rivas', 'Alcántara', 18, 12, 2004, 2, 1, 1),
(28, 'Anyuli Jaqueline', 'Morales', 'Romero', 25, 2, 2003, 1, 1, 1),
(29, 'Aranza Angelina', 'Meza', 'Sánchez', 17, 3, 2011, 1, 1, 1),
(30, 'Ariadna', 'Medina', 'Meza', 6, 10, 2013, 1, 1, 1),
(31, 'Ariadna', 'Mesa', 'Gómez', 24, 9, 2004, 1, 1, 1),
(32, 'Ariadna Sayuri', 'Gómez', 'Morales', 22, 4, 2004, 1, 1, 1),
(33, 'Arturo', 'Galvez', 'Jimenez', 2, 8, 2002, 2, 1, 1),
(34, 'Audrey', 'Hernández', 'Guzmán', 13, 12, 2007, 1, 1, 1),
(35, 'Axel Gael', 'Lara', 'Reyes', 1, 9, 2013, 2, 1, 1),
(36, 'Benito', 'Villazteca', 'Garduño', 6, 11, 2006, 2, 1, 1),
(37, 'Berenice', 'Sánchez', 'González', 12, 11, 2001, 1, 1, 1),
(38, 'Blanca Jazmín', 'Acevedo', 'Sánchez', 7, 2, 2007, 1, 1, 1),
(39, 'Brandon', 'Villazteca', 'Garduño', 14, 3, 2007, 2, 1, 1),
(40, 'Brandon Arnoldo', 'Ramírez', 'López', 10, 6, 2007, 2, 1, 1),
(41, 'Brayan', 'González', 'Toledo', 14, 3, 2009, 2, 1, 1),
(42, 'Brayan', 'Velázquez', 'Sánchez', 28, 12, 2006, 2, 1, 1),
(43, 'Brayan Ramses', 'Rivas', 'Alcántara', 19, 11, 2001, 2, 1, 1),
(44, 'Brenda', 'Guzmán', 'Romero', 19, 7, 2010, 1, 1, 1),
(45, 'Brenda Estefanía', 'Ramírez', 'López', 30, 6, 2002, 1, 1, 1),
(46, 'Brianna Keira', 'Martínez', 'Piña', 24, 3, 2013, 1, 1, 0),
(47, 'Bryan Alberto', 'Pedroza', 'Lagunas', 4, 6, 2005, 2, 1, 1),
(48, 'Carlos Jesús', 'Samano', 'García', 31, 10, 2008, 2, 1, 1),
(49, 'Carmen Yadira', 'Vargas', 'Gómez', 16, 7, 2007, 1, 1, 1),
(50, 'Catherin', 'Márquez', 'Mercado', 21, 1, 2012, 1, 1, 1),
(51, 'César', 'Justo', 'Hernández', 19, 3, 2010, 2, 1, 1),
(52, 'César', 'Villazteca', 'Garduño', 4, 12, 2010, 2, 1, 1),
(53, 'César Augusto', 'Ramírez', 'Esteban', 11, 5, 2004, 2, 1, 1),
(54, 'César Ivan', 'Díaz', 'Celestino', 17, 11, 2003, 2, 1, 1),
(55, 'César Josué', 'Martínez', 'Piña', 19, 11, 2005, 2, 1, 1),
(56, 'Cinthya Citlali', 'Torres', 'Carmona', 5, 3, 2005, 1, 1, 1),
(57, 'Claudia', 'Esquivel', 'Mercado', 6, 10, 2003, 1, 1, 1),
(58, 'Concepción', 'López', 'Sánchez', 9, 12, 2004, 1, 1, 1),
(59, 'Cristian', 'López', 'Sánchez', 21, 3, 2003, 2, 1, 1),
(60, 'Daniel', 'Hernández', 'Justo', 8, 12, 2004, 2, 1, 1),
(61, 'Daniel', 'Paulino', 'Nava', 28, 7, 2012, 2, 1, 0),
(62, 'Daniela', 'Sánchez', 'Contreras', 24, 7, 2011, 1, 1, 1),
(63, 'Daniela Elizabeth', 'Deceano', 'Aguilar', 12, 9, 2005, 1, 1, 1),
(64, 'David', 'Acopa', 'Romero', 17, 12, 2009, 2, 1, 1),
(65, 'Diana', 'Osorio', 'Lara', 24, 8, 2002, 1, 1, 0),
(66, 'Diego', 'Galvez', 'Jimenez', 8, 12, 2007, 2, 1, 1),
(67, 'Dulce María', 'Reyes', 'Gabriel', 11, 4, 2008, 1, 1, 1),
(68, 'Eder Arturo', 'Mercado', 'Guzmán', 15, 12, 2003, 2, 1, 1),
(69, 'Eder Efraín', 'Zuñiga', 'Sánchez', 4, 1, 2012, 2, 1, 0),
(70, 'Edith', 'Mesa', 'Gómez', 24, 4, 2009, 1, 1, 1),
(71, 'Eduardo', 'Sánchez', 'Contreras', 13, 4, 2005, 2, 1, 1),
(72, 'Eduardo', 'Sánchez', 'Contreras', 29, 12, 2009, 2, 1, 1),
(73, 'Eduardo Elihu', 'Sánchez', 'Zepeda', 4, 3, 2005, 2, 1, 1),
(74, 'Emiliano', 'Velázquez', 'Álvarez', 13, 5, 2001, 2, 1, 1),
(75, 'Eridani', 'Carmona', 'Garduño', 17, 1, 2005, 1, 1, 1),
(76, 'Erik Joel', 'Munguía', 'Piña', 2, 9, 2008, 2, 1, 1),
(77, 'Erika Guadalupe', 'Sánchez', 'Nava', 4, 8, 2007, 1, 1, 0),
(78, 'Ernesto', 'Martínez', 'Reyes', 11, 10, 2012, 2, 1, 1),
(79, 'Esmeralda', 'Reyes', 'Sánchez', 16, 4, 2013, 1, 1, 1),
(80, 'Estefanía', 'Osorio', 'Lara', 14, 8, 2000, 1, 1, 1),
(81, 'Estrella Cecilia', 'Contreras', 'Carmona', 5, 9, 2007, 1, 1, 1),
(82, 'Fabiola', 'Vera', 'Gómez', 27, 6, 2001, 1, 1, 0),
(83, 'Fátima Ángeles', 'Meza', 'Villa', 23, 6, 2005, 1, 1, 1),
(84, 'Fernanda', 'Contreras', 'Contreras', 16, 10, 2011, 1, 1, 0),
(85, 'Francisco', 'Hernández', 'Justo', 3, 10, 2006, 2, 1, 0),
(86, 'Gabriela', 'Contreras', 'Ramírez', 31, 3, 2003, 1, 1, 1),
(87, 'Gardenia Guadalupe', 'Velásquez', 'Hernández', 17, 12, 2002, 1, 1, 1),
(88, 'Geovanny', 'Villazteca', 'Vega', 3, 5, 2012, 2, 1, 1),
(89, 'Gerardo', 'Osorio', 'Lara', 3, 9, 1998, 2, 1, 1),
(90, 'Getsabel', 'López', 'Hernández', 13, 8, 2006, 1, 1, 0),
(91, 'Gilberto Edgar', 'Morales', 'Vera', 21, 5, 2008, 2, 1, 1),
(92, 'Ginyer', 'Hernández', 'Guzmán', 24, 3, 2006, 1, 1, 0),
(93, 'Griselda Xochitl', 'Carmona', 'Garduño', 7, 12, 2004, 1, 1, 0),
(94, 'Guadalupe', 'López', 'Hernández', 12, 12, 2004, 1, 1, 0),
(95, 'Guadalupe Nahomi', 'González', 'De Jesús', 5, 2, 2007, 1, 1, 0),
(96, 'Gustavo', 'Martínez', 'Reyes', 6, 7, 2003, 2, 1, 0),
(97, 'Heidi Mairyn', 'Villazteca', 'Vega', 4, 11, 2008, 1, 1, 1),
(98, 'Hellen', 'Martínez', 'Reyes', 7, 6, 2004, 1, 1, 0),
(99, 'Ian Aldair', 'Meza', 'Ibañez', 20, 10, 2009, 2, 1, 1),
(100, 'Ingrid Elizabeth', 'Piña', 'Esquivel', 17, 4, 2007, 1, 1, 1),
(101, 'Isaac', 'Contreras', 'Mercado', 30, 4, 2004, 2, 1, 1),
(102, 'Jair', 'Victoria', 'Flores', 12, 9, 2006, 2, 1, 0),
(103, 'Jair', 'Villazteca', 'Garduño', 15, 3, 2002, 2, 1, 1),
(104, 'Janet', 'Martínez', 'Reyes', 30, 12, 2001, 1, 1, 1),
(105, 'Javier', 'Justo', 'Hernández', 29, 11, 2006, 2, 1, 1),
(106, 'Javier', 'Victoria', 'Flores', 24, 9, 2004, 2, 1, 0),
(107, 'Javier Israel', 'Morales', 'Vera', 9, 11, 2012, 2, 1, 0),
(108, 'Jennifer', 'López', 'Romero', 16, 9, 2006, 1, 1, 0),
(109, 'Jennifer', 'Sánchez', 'Contreras', 20, 9, 2007, 1, 1, 0),
(110, 'Jessica', 'López', 'Romero', 29, 5, 2009, 1, 1, 1),
(111, 'Jesús', 'Márquez', 'Mercado', 30, 12, 2008, 2, 1, 0),
(112, 'Jesús Ramón', 'González', 'De Jesús', 12, 4, 2003, 2, 1, 0),
(113, 'Jocelyn', 'Colin', 'Álvarez', 10, 12, 2006, 1, 1, 0),
(114, 'Jonathan David', 'López', 'Romero', 20, 9, 2004, 2, 1, 1),
(115, 'Jonathan Fernando', 'Francisco', 'Hernández', 14, 8, 2008, 2, 1, 1),
(116, 'José', 'Márquez', 'Mercado', 26, 4, 2010, 2, 1, 0),
(117, 'José Alejandro', 'Martínez', 'Carrillo', 15, 12, 2006, 2, 1, 0),
(118, 'José Andrés', 'Sán', 'Contreras', 26, 5, 2005, 2, 1, 1),
(120, 'José Armando', 'Guzmán', 'Contreras', 27, 8, 2001, 2, 1, 0),
(121, 'José Bryan', 'Hernández', 'Paulino', 22, 11, 2012, 2, 1, 1),
(122, 'José Guadalupe', 'Díaz', 'Celestino', 8, 8, 2002, 2, 1, 1),
(123, 'Jose Luis', 'Garibay', 'Sánchez', 1, 1, 1999, 2, 1, 1),
(124, 'José Misael', 'Carmona', 'Reyes', 11, 1, 2011, 2, 1, 1),
(125, 'José Raúl', 'Mercado', 'Guzmán', 29, 5, 2008, 2, 1, 1),
(126, 'Jose Yair', 'Esquivel', 'Mercado', 18, 10, 2005, 2, 1, 0),
(127, 'Joshua', 'Carmona', 'Garduño', 14, 4, 2007, 2, 1, 1),
(128, 'Josúe', 'Mediel', 'Flores', 18, 12, 2005, 2, 1, 1),
(129, 'Jovani Esquivel', 'Morales', 'Castillo', 26, 7, 2006, 2, 1, 1),
(130, 'Juan Carlos', 'Meza', 'Villa', 13, 12, 2012, 2, 1, 1),
(131, 'Juan Roberto', 'Contreras', 'Carmona', 8, 11, 2012, 2, 1, 1),
(132, 'Julieta', 'Hernández', 'Justo', 16, 2, 2008, 1, 1, 1),
(133, 'Julio Joan', 'Cañas', 'Carmona', 12, 4, 2000, 2, 1, 1),
(134, 'Karen Danae', 'Rivas', 'Alcántara', 30, 5, 2000, 1, 1, 1),
(135, 'Karina', 'Garibay', 'Sánchez', 24, 4, 1999, 1, 1, 1),
(136, 'Karina', 'Mediel', 'Flores', 11, 1, 2000, 1, 1, 1),
(137, 'Karina Marlen', 'Esquivel', 'García', 7, 2, 2001, 1, 1, 1),
(138, 'Karla Valentina', 'Contreras', 'Contreras', 15, 8, 2008, 1, 1, 1),
(139, 'Katya Alejandra', 'Vázquez', 'Hernández', 22, 12, 2003, 1, 1, 1),
(140, 'Kevin David', 'Lara', 'Reyes', 3, 1, 2006, 2, 1, 1),
(141, 'Kevin Gustavo', 'Piña', 'Contreras', 4, 7, 2004, 2, 1, 1),
(142, 'Kevin Israel', 'Labastida', 'Martínez', 15, 8, 2009, 2, 1, 1),
(143, 'Kevin Kaleb', 'Medina', 'Meza', 27, 3, 2012, 2, 1, 1),
(144, 'Leilani Melisa', 'Carmona', 'Echegaray', 4, 2, 2005, 1, 1, 1),
(145, 'Leonardo', 'Mercado', 'Guzmán', 20, 2, 2006, 2, 1, 1),
(146, 'Leoncio De Jesús', 'Velásquez', 'Hernández', 6, 1, 2005, 2, 1, 1),
(147, 'Leonel', 'Villazteca', 'Garduño', 1, 2, 2011, 2, 1, 1),
(148, 'Leopoldo', 'Blanquel', 'Mondragón', 24, 7, 2003, 2, 1, 1),
(149, 'Leticia', 'Ramírez', 'Esteban', 9, 11, 1999, 1, 1, 1),
(150, 'Leylani', 'Márquez', 'Mercado', 1, 6, 2006, 1, 1, 1),
(151, 'Lisandro Alexis', 'Colin', 'Álvarez', 29, 10, 2002, 2, 1, 1),
(152, 'Lizbeth', 'Justo', 'Hernández', 13, 3, 2012, 1, 1, 1),
(153, 'Lizeth', 'Domínguez', 'Eduardo', 15, 1, 2002, 1, 1, 1),
(154, 'Lizeth', 'Garduño', 'González', 24, 10, 2002, 1, 1, 1),
(155, 'Lluvia Iveth', 'Contreras', 'Carmona', 9, 11, 2004, 1, 1, 1),
(156, 'Lucero', 'Velázquez', 'Álvarez', 8, 4, 2000, 1, 1, 1),
(157, 'Luis', 'Hernández', 'Justo', 4, 8, 2010, 2, 1, 1),
(158, 'Luis Ángel', 'Calzada', 'Blanquel', 11, 3, 2001, 2, 1, 1),
(159, 'Luis Arturo', 'Sánchez', 'Contreras', 11, 8, 2007, 2, 1, 1),
(160, 'Luis David', 'Velázquez', 'Álvarez', 19, 7, 2008, 2, 1, 1),
(161, 'Luis Enrique', 'Sánchez', 'Villazteca', 2, 11, 1999, 2, 1, 1),
(162, 'Luna Lizeth', 'Contreras', 'Carmona', 19, 7, 2011, 1, 1, 1),
(163, 'Marcelino', 'Justo', 'Hernández', 11, 9, 2000, 2, 1, 1),
(164, 'Marco Antonio', 'Álcantara', 'Hernández', 23, 3, 2003, 2, 1, 1),
(165, 'Marco Antonio', 'Corral', 'Carmona', 5, 12, 2004, 2, 1, 1),
(166, 'María del Carmen', 'Hernández', 'Bernal', 4, 9, 2000, 1, 1, 1),
(167, 'María Guadalupe', 'Contreras', 'Ramírez', 9, 12, 2002, 1, 1, 1),
(168, 'María Guadalupe', 'Francisco', 'Hernández', 30, 7, 2000, 1, 1, 1),
(169, 'María Isabel', 'Carmona', 'Nava', 23, 9, 2001, 1, 1, 1),
(170, 'María Soledad', 'Contreras', 'Contreras', 18, 9, 2012, 1, 1, 1),
(171, 'Marian', 'Contreras', 'Mercado', 7, 8, 2002, 1, 1, 1),
(172, 'Martha Laura', 'Ramírez', 'Esteban', 27, 9, 2001, 1, 1, 1),
(173, 'Maximina', 'Justo', 'Hernández', 11, 5, 2002, 1, 1, 1),
(174, 'Mayra Camila', 'González', 'Toledo', 25, 3, 2002, 1, 1, 1),
(175, 'Melani Julissa', 'Corral', 'Sánchez', 24, 9, 2012, 1, 1, 1),
(176, 'Mónica', 'Sánchez', 'Nava', 27, 8, 2001, 1, 1, 1),
(177, 'Nancy Teresa', 'Francisco', 'Hernández', 9, 8, 2003, 1, 1, 1),
(178, 'Neyzer Gabriel', 'Álvarez', 'Aguilar', 27, 2, 2005, 2, 1, 1),
(179, 'Noemi', 'Acopa', 'Romero', 16, 10, 2012, 1, 1, 1),
(180, 'Nohemi', 'González', 'De Jesús', 28, 2, 2005, 1, 1, 1),
(181, 'Óscar', 'Justo', 'Hernández', 14, 2, 2004, 2, 1, 1),
(182, 'Óscar Antonio', 'Alonso', 'Sánchez', 23, 9, 2009, 2, 1, 1),
(183, 'Osvaldo', 'Salvador', 'Mondragón', 18, 3, 2007, 2, 1, 1),
(184, 'Pablo', 'Justo', 'Hernández', 18, 5, 2008, 2, 1, 1),
(185, 'Paola Gabriela', 'Samano', 'García', 26, 12, 2004, 1, 1, 1),
(186, 'Paulina', 'Carmona', 'Nava', 19, 9, 2003, 1, 1, 1),
(187, 'Perla', 'Villazteca', 'Garduño', 23, 2, 1999, 1, 1, 1),
(188, 'Perla Itzel', 'Pedroza', 'Laguna', 9, 5, 2003, 1, 1, 1),
(189, 'Rafael', 'Cruz', 'Gómez', 2, 12, 2005, 2, 1, 1),
(190, 'Renata Leonor', 'Velázquez', 'Sánchez', 27, 7, 2011, 1, 1, 1),
(191, 'Ricardo', 'Sánchez', 'Contreras', 17, 10, 2005, 2, 1, 1),
(192, 'Rodrigo', 'Mesa', 'Gómez', 24, 9, 2013, 2, 1, 1),
(193, 'Rodrigo', 'Villazteca', 'Garduño', 23, 4, 2001, 2, 1, 1),
(194, 'Rogelio', 'Mondragón', 'Contreras', 22, 3, 2004, 2, 1, 1),
(195, 'Sandra', 'Blanquel', 'Mondragón', 27, 11, 2008, 1, 1, 1),
(196, 'Sandra Lizbeth', 'Esquivel', 'Domínguez', 25, 11, 2009, 1, 1, 1),
(197, 'Sandra Maritza', 'Vera', 'Gómez', 24, 10, 2003, 1, 1, 1),
(198, 'Sandra Paola', 'Francisco', 'Hernández', 28, 3, 2006, 1, 1, 1),
(199, 'Sarai', 'González', 'De Jesús', 7, 5, 2001, 1, 1, 1),
(200, 'Sergio Alexander', 'Piña', 'Esquivel', 2, 9, 2009, 2, 1, 1),
(201, 'Sofía', 'Quezada', 'Breña', 12, 11, 2006, 1, 1, 1),
(202, 'Solange Fernanda', 'Carmona', 'Echegaray', 23, 2, 2010, 1, 1, 1),
(203, 'Tania Guadalupe', 'Deceano', 'Aguilar', 10, 4, 2008, 1, 1, 1),
(204, 'Tonathiu', 'López', 'Sánchez', 20, 10, 2006, 2, 1, 1),
(205, 'Tristan', 'Cañas', 'Carmona', 9, 8, 2002, 2, 1, 1),
(206, 'Uriel', 'Corral', 'Carmona', 13, 1, 2008, 2, 1, 1),
(207, 'Valeria Litzi', 'Hernández', 'Álvarez', 29, 12, 2003, 1, 1, 1),
(208, 'Vicente', 'Hernández', 'Justo', 1, 4, 2009, 2, 1, 1),
(209, 'Victoria', 'Hernández', 'Justo', 19, 8, 2011, 1, 1, 1),
(210, 'Violeta', 'Álvarez', 'Álvarez', 20, 12, 2001, 1, 1, 1),
(211, 'Wendy Atzury', 'Pedroza', 'Lagunas', 23, 5, 2010, 1, 1, 1),
(212, 'Wendy Odeth', 'Piña', 'Esquivel', 16, 12, 2002, 1, 1, 1),
(213, 'Ximena', 'Contreras', 'Ramírez', 2, 11, 2009, 1, 1, 1),
(214, 'Yael Yamil', 'Sánchez', 'Zepeda', 18, 3, 2007, 2, 1, 1),
(215, 'Yair Alexander', 'Munguía', 'Piña', 8, 12, 2010, 2, 1, 1),
(216, 'Yesenia Evelin', 'Colin', 'Álvarez', 18, 10, 2000, 1, 1, 1),
(217, 'Yoselyn Itzel', 'Meza', 'Ibañez', 1, 3, 2000, 1, 1, 1),
(218, 'Yuridia', 'Colin', 'Álvarez', 3, 6, 2008, 1, 1, 1),
(219, 'Perla Monserrat', 'Márquez', 'Hernández', 13, 2, 2000, 1, 2, 1),
(220, 'Karina Gómez Sotelo', 'Gómez', 'Sotelo', 31, 5, 2011, 1, 2, 1),
(221, 'Mayra Guadalupe', 'Gómez', 'Sotelo', 28, 9, 2000, 1, 2, 1),
(222, 'Yadira Gómez Sotelo', 'Gómez', 'Sotelo', 6, 1, 2009, 1, 2, 1),
(223, 'Ángel Gerardo', 'Rebollar', 'Zepeda', 22, 9, 2003, 2, 2, 1),
(224, 'Carlos Esteban', 'Olea', 'Zepeda', 11, 6, 2005, 2, 2, 1),
(225, 'Eber Isai', 'Quiroz', 'Velasco', 9, 10, 2007, 2, 2, 1),
(226, 'Liliana Shalom', 'Quiroz', 'Velasco', 26, 7, 2011, 1, 2, 1),
(227, 'Nora Sarai', 'Quiroz', 'Velasco', 23, 10, 2005, 1, 2, 1),
(228, 'Alma Yanet', 'Herrera', 'Figueroa', 26, 1, 2001, 1, 2, 1),
(229, 'Antonio', 'Herrera', 'Figueroa', 17, 12, 2002, 2, 2, 1),
(230, 'Sharid Cid Martha', 'Herrera', 'Figueroa', 6, 9, 2004, 1, 2, 1),
(231, 'Angelica', 'Martínez', 'Cuevas', 24, 10, 2003, 1, 2, 1),
(232, 'Dana Paola', 'Martínez', 'Cuevas', 10, 9, 2006, 1, 2, 1),
(233, 'Mayra', 'Martínez', 'Cuevas', 26, 11, 2000, 1, 2, 1),
(234, 'Melanie', 'Martínez', 'Cuevas', 10, 3, 2002, 1, 2, 1),
(235, 'Tifany Esmeralda', 'Martínez', 'Cuevas', 2, 12, 2005, 1, 2, 1),
(236, 'Fabiola', 'Vázquez', 'Hernández', 12, 4, 2013, 1, 2, 1),
(237, 'Guadalupe', 'Vázquez', 'Hernández', 18, 1, 2012, 1, 2, 1),
(238, 'Jesus', 'Vázquez', 'Hernández', 8, 7, 2007, 2, 2, 1),
(239, 'Pedro', 'Vázquez', 'Hernández', 3, 10, 2008, 2, 2, 1),
(240, 'Cristian Yair', 'Hrnández', 'Pablo', 3, 9, 2012, 2, 2, 1),
(241, 'David Misael', 'Hrnández', 'Pablo', 4, 7, 2004, 2, 2, 1),
(242, 'Melody Nahomi', 'Hrnández', 'Pablo', 14, 1, 2014, 1, 2, 1),
(243, 'Valeria', 'Sánchez', 'Hernández', 12, 4, 2008, 1, 2, 1),
(244, 'Andres', 'Razo', 'Morales', 27, 8, 2001, 1, 2, 1),
(245, 'Fernando Eliezer', 'López', 'Báez', 27, 12, 2005, 2, 2, 1),
(246, 'María Fernanda', 'López', 'Báez', 26, 1, 2000, 1, 2, 1),
(247, 'Irvin Kenai', 'Escamilla', 'López', 27, 6, 2009, 1, 2, 1),
(248, 'Ivonne Georgelett', 'Escamilla', 'López', 3, 6, 2004, 1, 2, 1),
(249, 'Marvin Uriel', 'Escamilla', 'López', 6, 8, 2007, 2, 2, 1),
(250, 'Mayté Guadalupe', 'Escamilla', 'López', 6, 10, 2005, 1, 2, 1),
(251, 'Aline Nahomi', 'Báez', 'García', 21, 8, 2008, 1, 2, 1),
(252, 'Noe', 'Báez', 'García', 5, 3, 2014, 2, 2, 1),
(253, 'Paloma Jeraldine', 'Báez', 'García', 4, 11, 2010, 1, 2, 1),
(254, 'Ana Paola', 'Téllez', 'Ramírez', 6, 3, 2011, 1, 2, 1),
(255, 'Estrella Vianey', 'Téllez', 'Ramírez', 4, 11, 2002, 1, 2, 1),
(256, 'Fátima Jaqueline', 'Téllez', 'Ramírez', 18, 1, 2000, 1, 2, 1),
(257, 'Lezli Guadalupe', 'Téllez', 'Ramírez', 7, 12, 2004, 1, 2, 0),
(258, 'Luis Ángel Tadeo', 'Téllez', 'Ramírez', 28, 5, 2009, 2, 2, 0),
(259, 'Benny Alejandro', 'Reyes', 'Crescencio', 21, 3, 2005, 2, 2, 1),
(260, 'Joana', 'Maldonado', 'Dorado', 9, 3, 2004, 1, 2, 0),
(261, 'Diana Abigail', 'Galindo', 'Salcedo', 15, 12, 2004, 1, 2, 1),
(262, 'Donovan', 'Reyes', 'Téllez', 16, 7, 2011, 2, 2, 1),
(263, 'Jonathan', 'Reyes', 'Téllez', 27, 10, 2012, 2, 2, 1),
(264, 'Lucía Monserrat', 'González', 'Ortíz', 1, 5, 2002, 1, 2, 1),
(265, 'Sara Nikte', 'González', 'Ortíz', 6, 11, 2010, 1, 2, 1),
(266, 'Angela Karina', 'García', 'Mendoza', 27, 1, 2003, 1, 2, 1),
(267, 'Yaret Astrid', 'García', 'Mendoza', 29, 12, 2005, 1, 2, 0),
(268, 'Dafne Jaquelin', 'Palma', 'León', 3, 7, 2010, 1, 2, 0),
(269, 'Daniela Rubi Palma León', 'Palma', 'León', 19, 1, 2008, 1, 2, 1),
(270, 'Marilyn Aide Palma León', 'Palma', 'León', 24, 10, 2011, 1, 2, 1),
(271, 'Guadalupe Montserrat', 'Martínez', 'Girela', 1, 8, 2001, 1, 2, 1),
(272, 'Paola Itzel', 'Martínez', 'Girela', 22, 11, 1999, 1, 2, 0),
(273, 'José Miguel', 'Marcial', 'Uribe', 9, 1, 2007, 2, 2, 1),
(274, 'Natally', 'Castillo', 'Mendoza', 10, 1, 2004, 1, 2, 1),
(275, 'Paulina Castillo Mendoza', 'Castillo', 'Mendoza', 7, 11, 2007, 2, 2, 1),
(276, 'Verónica Castillo Mendoza', 'Castillo', 'Mendoza', 23, 12, 2006, 1, 2, 0),
(277, 'Mitzi Janeth', 'Hernández', 'Montiel', 25, 3, 2012, 1, 2, 1),
(278, 'Alejandro', 'Mendoza', 'Reyes', 22, 7, 2013, 2, 2, 1),
(279, 'Areli Yazmin', 'Mendoza', 'Reyes', 8, 4, 2007, 1, 2, 0),
(280, 'Guadalupe', 'Mendoza', 'Reyes', 12, 7, 2011, 1, 2, 1),
(281, 'Juan Antonio', 'Mendoza', 'Reyes', 18, 7, 2008, 2, 2, 1),
(282, 'Maricela', 'Mendoza', 'Reyes', 6, 1, 2006, 1, 2, 1),
(283, 'Jorge Alexis', 'Cohetero', 'Garduño', 27, 2, 2008, 2, 2, 1),
(284, 'Laila Ameyali', 'Cohetero', 'Garduño', 20, 9, 2010, 1, 2, 0),
(285, 'María Aquetzali', 'Cohetero', 'Garduño', 14, 8, 2007, 1, 2, 1),
(286, 'Angela Berenice', 'García', 'Gil', 14, 3, 2012, 1, 2, 1),
(287, 'Eliud Ismael', 'Báez', 'Gutiérrez', 7, 9, 2008, 2, 2, 1),
(288, 'Janeth Daniela', 'Báez', 'Gutiérrez', 19, 1, 2001, 1, 2, 1),
(289, 'Samuel', 'Báez', 'Gutiérrez', 23, 6, 2003, 2, 2, 1),
(290, 'Jesus Uriel', 'Cabanzo', 'Mendez', 4, 11, 2008, 2, 2, 1),
(291, 'Nayeli', 'Cabanzo', 'Mendez', 15, 10, 2001, 1, 2, 1),
(292, 'Diego', 'Cama', 'Ballón', 30, 8, 2001, 2, 2, 0),
(293, 'Gerardo', 'Cama', 'Ballón', 16, 7, 2007, 2, 2, 1),
(294, 'Mario', 'Cama', 'Ballón', 9, 11, 2003, 2, 2, 1),
(295, 'Tania', 'Cama', 'Ballón', 28, 4, 2009, 1, 2, 1),
(296, 'Agustín David', 'Cruz', 'Bautista', 22, 2, 2006, 2, 2, 1),
(297, 'Melina', 'Cruz', 'Bautista', 23, 5, 2001, 1, 2, 1),
(298, 'Gerardo Jair', 'Uribe', 'Europa', 4, 8, 2003, 2, 2, 1),
(299, 'Jehú Silvestre', 'Uribe', 'Europa', 17, 12, 2007, 2, 2, 1),
(300, 'Alexis', 'Avila', 'Reyes', 26, 2, 2013, 2, 2, 0),
(301, 'Daniel', 'Avila', 'Reyes', 3, 5, 2010, 2, 2, 1),
(302, 'Dulce Edith', 'Miguel', 'Galindo', 31, 5, 2002, 1, 2, 1),
(303, 'Francisco Daniel', 'Anaya', 'Flores', 21, 7, 2001, 2, 2, 0),
(304, 'Elier', 'Filio', 'Miguel', 24, 7, 2002, 1, 2, 0),
(305, 'Eliezer', 'Filio', 'Miguel', 2, 6, 2003, 2, 2, 1),
(306, 'Ileana', 'Filio', 'Miguel', 10, 1, 2011, 1, 2, 1),
(307, 'Jose', 'Filio', 'Miguel', 22, 5, 2012, 2, 2, 0),
(308, 'Emiliano Leon', 'Terán', 'Santiago', 4, 2, 2010, 2, 2, 1),
(309, 'Jessica Roxana', 'Terán', 'Santiago', 1, 5, 2007, 1, 2, 0),
(310, 'Laisha Lynn', 'Terán', 'Santiago', 22, 2, 2001, 1, 2, 0),
(311, 'Jonathan De Jesús Alejandro', 'Marquez', 'Garay', 5, 5, 2005, 2, 2, 1),
(312, 'Katy Stefany Gisel', 'Garay', 'Mata', 2, 1, 2002, 1, 2, 0),
(313, 'Lorena Guadalupe', 'Marquez', 'Garay', 19, 11, 2008, 1, 2, 1),
(314, 'David', 'Rivera', 'Campos', 19, 2, 2006, 2, 2, 1),
(315, 'Filiberto', 'Rivera', 'Campos', 26, 4, 2004, 2, 2, 1),
(316, 'Guillermo Salomón', 'Santiago', 'Campos', 12, 3, 2008, 2, 2, 0),
(317, 'Helaman Banjamin', 'Santiago', 'Campos', 25, 7, 2013, 2, 2, 0),
(318, 'Nadia Victoria', 'Santiago', 'Campos', 16, 2, 2012, 1, 2, 1),
(319, 'Said', 'Rivera', 'Campos', 30, 10, 2000, 2, 2, 1),
(320, 'Xochil Cherokee', 'Santiago', 'Campos', 11, 5, 2010, 1, 2, 1),
(321, 'Erick Israel', 'Reyes', 'Damaso', 22, 5, 2009, 2, 2, 1),
(322, 'Evelyn Constanza', 'Reyes', 'Damaso', 4, 3, 2005, 1, 2, 0),
(323, 'Ariadna Yamileth', 'Sanchez', 'Hernández', 17, 12, 2011, 1, 2, 1),
(324, 'Aldo Angel', 'Mercado', 'López', 1, 10, 2007, 2, 2, 0),
(325, 'Alvaro Said', 'Mercado', 'López', 19, 4, 2010, 2, 2, 1),
(326, 'Ana Cecilia', 'Tranquilino', 'Miranda', 15, 5, 2005, 1, 2, 1),
(327, 'Luis David', 'Tranquilino', 'Miranda', 6, 12, 2007, 2, 2, 0),
(328, 'Martha', 'Tranquilino', 'Miranda', 23, 2, 2004, 1, 2, 0),
(329, 'Brenda', 'Tolentino', 'Mendoza', 14, 4, 2002, 1, 2, 1),
(330, 'Juan José', 'Tolentino', 'Mendoza', 18, 12, 2005, 2, 2, 1),
(331, 'Mayra', 'Tolentino', 'Mendoza', 11, 1, 2004, 1, 2, 1),
(332, 'Viridiana', 'Tolentino', 'Mendoza', 21, 9, 2000, 1, 2, 1),
(333, 'Ariatna Michel', 'Mata', 'Torres', 20, 11, 2004, 1, 2, 0),
(334, 'Axel Oswaldo', 'Mata', 'Torres', 21, 12, 2008, 2, 2, 1),
(335, 'Joshua Said', 'Mata', 'Torres', 17, 1, 2010, 2, 2, 1),
(336, 'Angel Uriel', 'Santana', 'García', 18, 5, 2005, 2, 2, 1),
(337, 'Allison Estrella', 'Rosado', 'Aguilar', 20, 9, 2009, 1, 2, 0),
(338, 'Ian', 'Rosado', 'Aguilar', 3, 9, 2012, 2, 2, 1),
(339, 'Rodrigo', 'Rosado', 'Aguilar', 31, 8, 2007, 2, 2, 1),
(340, 'Nabila Yovana', 'Barrios', 'Coyote', 19, 8, 2004, 1, 2, 0),
(341, 'Alberto Sebastián', 'Ortíz', 'Enriquez', 8, 4, 2000, 2, 2, 1),
(342, 'José Jeovani', 'Fosado', 'Acevedo', 5, 4, 2009, 2, 2, 1),
(343, 'Katerin Evanyelin', 'Aguirre', 'Fosado', 17, 12, 2007, 1, 2, 1),
(344, 'María De La Luz', 'Aguirre', 'Fosado', 14, 11, 2001, 1, 2, 0),
(345, 'Cintia Alejandra', 'Zárate', 'Sánchez', 15, 9, 2012, 1, 2, 1),
(346, 'Edith', 'Zárate', 'Sánchez', 6, 9, 2007, 1, 2, 1),
(347, 'Evelyn', 'Báez', 'Mondragón', 8, 7, 2002, 1, 2, 0),
(348, 'Erick Rubén', 'García', 'Rojo', 30, 9, 2008, 2, 2, 0),
(349, 'Ana Fernanda', 'Sánchez', 'Carmona', 7, 2, 2003, 1, 2, 0),
(350, 'Luz Esmeralda', 'Sánchez', 'Carmona', 8, 4, 2011, 1, 2, 1),
(351, 'Victoria Abigail', 'Sánchez', 'Carmona', 2, 7, 2000, 1, 2, 1),
(352, 'Armando', 'Delgado', 'Antonio', 7, 8, 2006, 2, 2, 1),
(353, 'David', 'Delgado', 'Antonio', 6, 12, 2003, 2, 2, 1),
(354, 'Wendy Alexandra', 'Delgado', 'Antonio', 10, 6, 2013, 1, 2, 1),
(355, 'Ariel Xchel', 'Márquez', 'Gómez', 31, 10, 2005, 2, 2, 1),
(356, 'Ingrid Zeltzin', 'Márquez', 'Gómez', 27, 12, 2007, 1, 2, 0),
(357, 'Miztli Cesar Elihu', 'Márquez', 'Gómez', 20, 11, 2003, 2, 2, 1),
(358, 'Benjamín Alejandro', 'Delgado', 'Acosta', 18, 8, 2008, 2, 2, 1),
(359, 'Paola Marisol', 'Delgado', 'Acosta', 8, 10, 2003, 1, 2, 1),
(360, 'Sofía', 'Delgado', 'Acosta', 5, 9, 2002, 1, 2, 1),
(361, 'María Eugenia', 'Sánchez', 'Carmona', 4, 6, 2005, 1, 2, 1),
(362, 'Alma Itzel', 'Vázquez', 'Hernández', 13, 12, 2001, 1, 2, 1),
(363, 'Ángeles Mayte', 'Vázquez', 'Hernández', 1, 9, 2005, 1, 2, 0),
(364, 'José Alberto', 'Vázquez', 'Hernández', 27, 11, 2003, 2, 2, 1),
(365, 'Alejandro', 'Cruz', 'Villar', 20, 1, 2009, 2, 2, 0),
(366, 'Jenifer Alexandra', 'Cruz', 'Villar', 15, 9, 2006, 1, 2, 1),
(367, 'Leonardo  De Jesus', 'Cruz', 'Villar', 13, 10, 2007, 2, 2, 1),
(368, 'Gustavo Yovanni', 'Pérez', 'Bautista', 13, 7, 2000, 2, 2, 1),
(369, 'Karina', 'Pérez', 'Bautista', 1, 1, 2005, 1, 2, 0),
(370, 'Leonel', 'Pérez', 'Bautista', 30, 8, 2003, 2, 2, 1),
(371, 'Erick Alfredo', 'Montiel', 'Gallegos', 13, 1, 2008, 2, 2, 1),
(372, 'Karla Arizbeth', 'Montien', 'Gallegos', 23, 5, 2003, 1, 2, 1),
(373, 'Karla Paola', 'Rosas', 'Hernández', 19, 5, 2005, 1, 2, 0),
(374, 'Ana Belen', 'Avila', 'Reyes', 14, 3, 2011, 1, 2, 1),
(375, 'Reyna Paola', 'Avila', 'Reyes', 7, 1, 2009, 1, 2, 0),
(376, 'Bryanda Michel', 'Domínguez', 'Pineda', 18, 8, 2004, 1, 2, 1),
(377, 'Cristopher Yusel', 'Cruz', 'Pineda', 7, 10, 2009, 2, 2, 1),
(378, 'Michael Yandel', 'Cruz', 'Pineda', 21, 6, 2007, 2, 2, 1),
(379, 'Kevin Alejandro', 'Guzmán', 'Corona', 6, 4, 1999, 2, 2, 0),
(380, 'Luis David', 'Guzmán', 'Corona', 6, 1, 2004, 2, 2, 1),
(381, 'Randy Santiago', 'Bautista', 'Corona', 19, 4, 2010, 2, 2, 1),
(382, 'Shazadi Miyuki', 'Bautista', 'Corona', 13, 10, 2012, 1, 2, 1),
(383, 'Daniela', 'Velasco', 'Valeriano', 22, 5, 2000, 1, 2, 0),
(384, 'Jaqueline', 'Velasco', 'Valeriano', 25, 1, 2008, 1, 2, 1),
(385, 'Yael Alejandro', 'Velasco', 'Valeriano', 19, 9, 2004, 2, 2, 0),
(386, 'Ana Belén', 'Carmona', 'García', 15, 8, 2005, 1, 2, 1),
(387, 'Diana Lizbeth', 'Gonzalez', 'Zepeda', 5, 5, 2012, 1, 2, 1),
(388, 'Issac', 'Rios', 'López', 19, 1, 2011, 2, 2, 1),
(389, 'Roberto Carlos', 'Rosas', 'Gutiérrez', 16, 9, 2003, 2, 2, 0),
(390, 'Luz Lilia', 'Oropeza', 'Téllez', 2, 5, 2010, 1, 2, 1),
(391, 'Nayeli Itzel', 'Oropeza', 'Téllez', 2, 5, 2010, 1, 2, 1),
(392, 'Athenea Rubi', 'Gómez', 'Moreno', 2, 5, 2011, 1, 2, 1),
(393, 'Marco Antonio', 'Gómez', 'Moreno', 15, 5, 2008, 2, 2, 0),
(394, 'Jesús', 'Aguirre', 'Velázquez', 2, 4, 2011, 1, 2, 1),
(395, 'Linda Judith', 'Velázquez', 'Cerón', 27, 1, 2009, 1, 2, 1),
(396, 'Ángel Nurivan', 'Sandoval', 'Montiel', 18, 1, 2006, 2, 2, 1),
(397, 'Néstor Eduardo', 'Sandoval', 'Montiel', 12, 3, 2007, 2, 2, 0),
(398, 'Galilea', 'Pacheco', 'Clemente', 17, 6, 2002, 1, 2, 1),
(399, 'Guadalupe', 'Pacheco', 'Clemente', 26, 11, 2005, 1, 2, 1),
(400, 'Jennifer', 'Pacheco', 'Clemente', 15, 3, 2000, 1, 2, 1),
(401, 'Paula', 'Pacheco', 'Clemente', 22, 5, 2003, 1, 2, 1),
(402, 'Brenda Evelin', 'Romero', 'Velazco', 18, 1, 2004, 1, 2, 0),
(403, 'Daniel Eleazer', 'Romero', 'Velazco', 21, 5, 2010, 2, 2, 0),
(404, 'Zuri Rebeca', 'Romero', 'Velazco', 27, 1, 2002, 1, 2, 0),
(405, 'Angeles', 'Ambrosio', 'Velázquez', 4, 6, 2006, 1, 2, 1),
(406, 'Diana Laura', 'Ramos', 'Velázquez', 19, 11, 2002, 1, 2, 1),
(407, 'Guadalupe', 'Velázquez', 'Cerón', 17, 6, 2002, 1, 2, 1),
(408, 'Hugo Alejandro', 'Ambrosio', 'Velázquez', 21, 11, 2008, 2, 2, 1),
(409, 'Marco', 'Velázquez', 'Cerón', 5, 1, 1999, 2, 2, 1),
(410, 'Valeria', 'Velázquez', 'Cerón', 19, 4, 2000, 1, 2, 1),
(411, 'Eddy Erik', 'González', 'Hernández', 17, 10, 2006, 2, 2, 0),
(412, 'Francisco', 'González', 'Hernández', 15, 8, 2005, 2, 2, 0),
(413, 'Michelle Alondra', 'González', 'Hernández', 7, 9, 2003, 1, 2, 1),
(414, 'Jennifer', 'López', 'Gonzalez', 11, 4, 2003, 1, 2, 1),
(415, 'Jose Armando', 'Torrez', 'Lopez', 9, 7, 2007, 2, 2, 1),
(416, 'Sandra Lizbeth', 'López', 'Gonzalez', 25, 6, 2009, 1, 2, 0),
(417, 'Alejandra', 'Montes', 'García', 9, 1, 2005, 1, 2, 1),
(418, 'Ángeles Ivonne', 'Montes', 'García', 26, 4, 2008, 1, 2, 1),
(419, 'Gilberto', 'Montes', 'García', 8, 8, 2006, 2, 2, 0),
(420, 'Guadalupe Cristal', 'Montes', 'García', 28, 12, 2003, 1, 2, 0),
(421, 'Ariadna Victoria', 'Ortíz', 'Garduño', 4, 5, 2008, 1, 2, 1),
(422, 'Ismael Román', 'Ortíz', 'Garduño', 6, 7, 2011, 2, 2, 1),
(423, 'Brayan Gael', 'Reyes', 'Barragán', 23, 2, 2004, 2, 2, 1),
(424, 'Iker Santiago', 'Reyes', 'Barragán', 29, 7, 2011, 2, 2, 1),
(425, 'Zaira Mirel', 'Reyes', 'Barragán', 21, 12, 2006, 1, 2, 0),
(426, 'Francisco Guadalupe', 'Hernández', 'García', 11, 2, 2005, 2, 2, 1),
(427, 'Jesús Emmanuel', 'Hernández', 'García', 22, 9, 2000, 2, 2, 1),
(428, 'María De Los Ángeles', 'Hernández', 'García', 5, 11, 2003, 1, 2, 0),
(429, 'Kenia Tamara', 'Carrillo', 'Sandoval', 2, 4, 2009, 1, 2, 0),
(430, 'Johan', 'García', 'Marcial', 11, 12, 2011, 2, 2, 1),
(431, 'José De Jesús', 'García', 'Marcial', 5, 8, 2012, 2, 2, 1),
(432, 'Francisco Pablo', 'Martínez', 'Álvarez', 9, 12, 2000, 2, 2, 0),
(433, 'Silvia Alexa Aurora', 'Martínez', 'Álvarez', 8, 12, 2008, 1, 2, 1),
(434, 'Abraham Jesús', 'García', 'Reyes', 26, 12, 2005, 2, 3, 1),
(435, 'Adriana', 'Martínez', 'Cantú', 5, 2, 2003, 1, 3, 1),
(436, 'Adriana', 'Martínez', 'Vaquero', 19, 12, 2004, 1, 3, 1),
(437, 'Agustin', 'Placido', 'López', 11, 1, 2001, 2, 3, 1),
(438, 'Aida Geovanna', 'Gallegos', 'Severo', 9, 6, 2012, 1, 3, 1),
(439, 'Alan Daniel', 'García', 'González', 11, 8, 2000, 2, 3, 1),
(440, 'Alan Emmanuel', 'Jaimes', 'González', 23, 12, 2003, 2, 3, 1),
(441, 'Alan Uriel', 'Zuñiga', 'Cerritos', 27, 7, 2007, 2, 3, 1),
(442, 'Alejandra', 'Fernández', 'Valentín', 12, 5, 2007, 1, 3, 1),
(443, 'Alejandra Jacqueline', 'Aparicio', 'Ortiz', 30, 5, 2013, 1, 3, 1),
(444, 'Alejandro', 'Chaparro', 'Mauricio', 28, 9, 2006, 2, 3, 0),
(445, 'Alexis Miguel', 'Osorio', 'Reyes', 8, 6, 2004, 2, 3, 1),
(446, 'Alexis Nicandro', 'Martínez', 'Cantú', 15, 10, 2006, 2, 3, 1),
(447, 'Alexis', 'Peña', 'Bautista', 16, 11, 2011, 2, 3, 1),
(448, 'Aline Alexandra', 'Cruz', 'Millan', 12, 1, 2008, 1, 3, 1),
(449, 'Alison Ximena', 'Arenas', 'Juárez', 27, 1, 2006, 1, 3, 1),
(450, 'Allison Edith', 'Martínez', 'Cruz', 27, 10, 2003, 1, 3, 0),
(451, 'Allison Xitlali', 'Alegria', 'Tovar', 19, 9, 2009, 1, 3, 1),
(452, 'Alma Jesuri', 'Velasco', 'Nuñez', 6, 10, 2002, 1, 3, 1),
(453, 'Alondra Naomi', 'Peña', 'Bautista', 9, 6, 2007, 1, 3, 1),
(454, 'Amanda Jaqueline', 'Olvera', 'Palafox', 6, 4, 2005, 1, 3, 1),
(455, 'América Guadalupe', 'García', 'Reyes', 1, 5, 2008, 1, 3, 1),
(456, 'Ana Karen', 'Pérez', 'Cantor', 21, 6, 2001, 1, 3, 1),
(457, 'Ana Karen', 'Sandoval', 'Mancilla', 3, 11, 2001, 1, 3, 1),
(458, 'Ana Luisa', 'Álvarez', 'De la Cruz', 3, 9, 2005, 1, 3, 0),
(459, 'Andrea', 'Fernández', 'Valentín', 6, 12, 2004, 1, 3, 1),
(460, 'Andrés Alejandro', 'Valenzuela', 'Luna', 23, 8, 2001, 2, 3, 1),
(461, 'Andrés Francisco', 'Hernández', 'Flores', 11, 3, 2008, 2, 3, 0),
(462, 'Andrés', 'Mercado', 'Cerritos', 7, 10, 2009, 2, 3, 1),
(463, 'Ángel Alejandro', 'Ochoa', 'González', 19, 7, 2007, 2, 3, 0),
(464, 'Ángel Alfredo', 'Fernández', 'Valentín', 9, 2, 2013, 2, 3, 0),
(465, 'Ángel Antonio', 'Pedroza', 'Andrew', 13, 6, 2003, 2, 3, 1),
(466, 'Ángel Cuauhtemoc', 'Hernández', 'Allende', 18, 11, 2007, 2, 3, 0),
(467, 'Ángel Eduardo', 'Alegria', 'Tovar', 27, 2, 2008, 2, 3, 1),
(468, 'Ángel Elias', 'Romero', 'García', 16, 11, 2010, 2, 3, 1),
(469, 'Ángel Emmanuel', 'Castro', 'Ortiz', 16, 5, 2009, 2, 3, 1),
(470, 'Ángel Gabriel', 'Gómez', 'Peralta', 22, 5, 2005, 2, 3, 1),
(471, 'Ángel Gabriel', 'Hernández', 'Pérez', 12, 1, 2012, 2, 3, 0),
(472, 'Ángel Humberto', 'Cadena', 'Mendoza', 2, 8, 2005, 2, 3, 1),
(473, 'Ángel Rodrigo', 'Montoya', 'Reyes', 17, 4, 2003, 2, 3, 0),
(474, 'Ángel Santiago', 'Osnaya', 'Trejo', 26, 8, 2013, 2, 3, 0),
(475, 'Ángel Uriel', 'López', 'Jiménez', 23, 11, 2012, 2, 3, 1),
(476, 'Angela', 'Álvarez', 'Fragoso', 15, 12, 2003, 1, 3, 0),
(477, 'Angélica', 'Martínez', 'Cantú', 5, 11, 2001, 1, 3, 0),
(478, 'Araceli', 'Aguilar', 'Morales', 1, 3, 2007, 1, 3, 1),
(479, 'Ariadna Araceli', 'Martínez', 'Morales', 30, 6, 2002, 1, 3, 0),
(480, 'Axel Ivan', 'Vázquez', 'Tovar', 1, 12, 2009, 2, 3, 1),
(481, 'Bairon Manuel', 'Jiménez', 'Lara', 6, 6, 2012, 2, 3, 1),
(482, 'Blanca Elizabeth', 'Aguilar', 'Cruz', 20, 12, 2004, 1, 3, 0),
(483, 'Blanca Jimena', 'Razo', 'Mercado', 24, 9, 2013, 1, 3, 1),
(484, 'Blanca Yadira', 'Cruz', 'Migueles', 1, 6, 2002, 1, 3, 1),
(485, 'Brandon Abdiel', 'Chavez', 'Alvarado', 12, 2, 2005, 2, 3, 1),
(486, 'Brandon Esteban', 'Castañeda', 'González', 12, 6, 2006, 2, 3, 0),
(487, 'Brandon', 'Mercado', 'Cerritos', 5, 9, 2013, 2, 3, 1),
(488, 'Brandon Yair', 'García', 'Avila', 11, 4, 2008, 2, 3, 0),
(489, 'Brayan Jair', 'Chavez', 'Alvarado', 27, 10, 2003, 2, 3, 1),
(490, 'Brayan Omar', 'Chaparro', 'Mauricio', 17, 4, 2005, 2, 3, 1),
(491, 'Brayan Saúl', 'Martínez', 'Cruz', 1, 10, 2005, 2, 3, 1),
(492, 'Brisa Andrea', 'Valenzuela', 'Luna', 9, 5, 2007, 1, 3, 0),
(493, 'Camila', 'Barcenas', 'Argüelles', 11, 1, 2012, 1, 3, 1),
(494, 'Carlos Abdalla', 'Chavez', 'Alvarado', 14, 1, 2010, 2, 3, 1),
(495, 'Carlos Alberto', 'García', 'De la Cruz', 28, 6, 2006, 2, 3, 0),
(496, 'Carlos Eduardo', 'García', 'De la Cruz', 18, 9, 2004, 2, 3, 1),
(497, 'Carlos Giovanni', 'Martínez', 'Bautista', 31, 7, 2008, 2, 3, 1),
(498, 'Carlos Manuel', 'Castañeda', 'González', 18, 11, 2002, 2, 3, 1),
(499, 'Carmen Nayelli', 'Castro', 'Ortiz', 26, 1, 2012, 1, 3, 1),
(500, 'Carolina', 'Francisco', 'Marcelino', 16, 11, 2003, 1, 3, 0),
(501, 'Cecilia Jazmín', 'González', 'Rojas', 22, 11, 2007, 1, 3, 1),
(502, 'Cesar Owen', 'Barcenas', 'Argüelles', 28, 5, 2009, 2, 3, 1),
(503, 'Cinthya Gabriela', 'Hernández', 'Pérez', 26, 12, 2003, 1, 3, 1),
(504, 'Cristel Naomi', 'Baltazar', 'López', 20, 8, 2010, 1, 3, 0),
(505, 'Cristian', 'Olvera', 'Palafox', 15, 5, 2009, 2, 3, 1),
(506, 'Cristofer Joset', 'Valenzuela', 'Luna', 23, 8, 2006, 2, 3, 1),
(507, 'Cristopher Yael', 'López', 'Pedroza', 29, 1, 2012, 2, 3, 1),
(508, 'Daniel Enrique', 'Mercado', 'Cerritos', 4, 2, 2006, 2, 3, 0),
(509, 'Daniel', 'Gabino', 'Aguilar', 13, 10, 2001, 2, 3, 0),
(510, 'Daniel', 'Huerta', 'Hernández', 23, 6, 2001, 2, 3, 1),
(511, 'Daniela Yoselin', 'Aparicio', 'Cruz', 25, 2, 2011, 1, 3, 1),
(512, 'David Uriel', 'Antonio', 'González', 28, 12, 2005, 2, 3, 1),
(513, 'Deniel Alejandro', 'Hernández', 'Sandin', 27, 11, 2010, 2, 3, 1),
(514, 'Diana Yazmín', 'Mendoza', 'Delgadillo', 6, 12, 2006, 1, 3, 0),
(515, 'Diego Misael', 'Martínez', 'Morales', 14, 5, 2007, 2, 3, 0),
(516, 'Dorian Ariel', 'Lara', 'Guzmán', 18, 2, 2010, 2, 3, 1),
(517, 'Dulce Alicia', 'Castañeda', 'González', 11, 3, 2009, 1, 3, 1),
(518, 'Dulce Daniela', 'Chavez', 'Segura', 31, 1, 2003, 1, 3, 1),
(519, 'Dulce María', 'Aguilar', 'Cruz', 16, 10, 2002, 1, 3, 0),
(520, 'Edgar Donovan', 'Martínez', 'Reyna', 15, 6, 2009, 2, 3, 1),
(521, 'Edgar Enrique', 'Izquierdo', 'Hernández', 26, 4, 2000, 2, 3, 1),
(522, 'Edwin Brayan', 'Zuñiga', 'Palafox', 11, 9, 1999, 2, 3, 1),
(523, 'Edwin Daniel', 'Serafico', 'Morales', 1, 6, 2006, 2, 3, 0),
(524, 'Emigdio', 'Aguilar', 'Morales', 5, 3, 2012, 2, 3, 1),
(525, 'Emmanuel Roberto', 'Gallegos', 'Severo', 22, 6, 2013, 2, 3, 0),
(526, 'Erick David', 'Pérez', 'Cantor', 31, 12, 2000, 2, 3, 0),
(527, 'Erick Fernando', 'Antonio', 'González', 21, 4, 2008, 2, 3, 0),
(528, 'Erick Ricardo', 'González', 'Mirón', 23, 4, 2006, 2, 3, 1),
(529, 'Erika Jazmín', 'Fabila', 'Gómez', 17, 3, 1998, 1, 3, 1),
(530, 'Ernesto', 'González', 'Orozco', 7, 11, 1999, 2, 3, 1),
(531, 'Ernesto', 'Villegas', 'Murillo', 13, 12, 1999, 2, 3, 1),
(532, 'Erwin Giovanni', 'Nava', 'López', 4, 8, 2004, 2, 3, 1),
(533, 'Esau Alexis', 'Rodríguez', 'Cruz', 12, 2, 2014, 2, 3, 0),
(534, 'Esmeralda', 'Delgadillo', 'Jiménez', 12, 2, 2000, 1, 3, 1),
(535, 'Esmeralda Joceline', 'Alavez', 'Reyes', 25, 7, 2002, 1, 3, 1),
(536, 'Estrella de Jesús', 'Rodríguez', 'Cruz', 13, 1, 2011, 1, 3, 1),
(537, 'Estrella Yamilet', 'Jacinto', 'González', 14, 12, 2011, 1, 3, 1),
(538, 'Estrella Yuridia', 'Cruz', 'Migueles', 14, 6, 2007, 1, 3, 0),
(539, 'Ezequiel', 'Bautista', 'González', 2, 12, 2004, 2, 3, 0),
(540, 'Fanny Griselda', 'Jiménez', 'De la Cruz', 28, 3, 2010, 1, 3, 1),
(541, 'Fátima Aixa', 'Barcenas', 'Argüelles', 23, 3, 2006, 1, 3, 0),
(542, 'Fátima Guadalupe', 'García', 'Bustos', 15, 9, 2003, 1, 3, 1),
(543, 'Fátima', 'Hernández', 'Flores', 27, 4, 2010, 1, 3, 1),
(544, 'Fátima Natalia', 'Jacinto', 'González', 22, 12, 2013, 1, 3, 1),
(545, 'Fátima', 'Olvera', 'Palafox', 17, 11, 2000, 1, 3, 1),
(546, 'Fátima', 'Trejo', 'Martínez', 5, 9, 2005, 1, 3, 1),
(547, 'Fernanda Michelle', 'Jiménez', 'Lara', 8, 7, 2013, 1, 3, 0),
(548, 'Fernando Meliton', 'Trejo', 'Cruz', 21, 8, 2012, 2, 3, 0),
(549, 'Flor Lizeth', 'Romero', 'García', 14, 2, 2009, 1, 3, 0),
(550, 'Francisco', 'Álvarez', 'De la Cruz', 7, 12, 2007, 2, 3, 0),
(551, 'Gabriel Adrian', 'González', 'García', 23, 6, 2011, 2, 3, 1),
(552, 'Gabriela Fernanda', 'Martínez', 'Valtierra', 28, 9, 2005, 1, 3, 0),
(553, 'Gabriela Guadalupe', 'González', 'Mirón', 16, 10, 2003, 1, 3, 1),
(554, 'Gabriela', 'López', 'Fonseca', 4, 6, 2007, 1, 3, 1),
(555, 'Gerardo Alberto', 'García', 'De la Cruz', 26, 8, 2002, 2, 3, 0),
(556, 'Gilberto Jesús', 'González', 'Rojas', 11, 6, 2004, 2, 3, 0),
(557, 'Gloria Estefan', 'Patricio', 'Martínez', 10, 4, 2004, 1, 3, 1),
(558, 'Graciela Josseline', 'García', 'Hernández', 9, 2, 1999, 1, 3, 1),
(559, 'Guadalupe Irene', 'Alavez', 'Reyes', 10, 12, 2009, 1, 3, 1),
(560, 'Guadalupe', 'Izquierdo', 'Hernández', 31, 7, 1997, 1, 3, 1),
(561, 'Guadalupe Teresa', 'Olvera', 'Pedroza', 6, 3, 2012, 1, 3, 1),
(562, 'Guillermo', 'Hernández', 'Carbajal', 9, 5, 2006, 2, 3, 1),
(563, 'Gustavo Ángel', 'Hernández', 'Arango', 16, 5, 2005, 2, 3, 0),
(564, 'Gustavo', 'De la Cruz', 'Dominguez', 28, 7, 2007, 2, 3, 1),
(565, 'Héctor Gamaliel', 'Castro', 'Ortiz', 3, 2, 2007, 2, 3, 1),
(566, 'Irvin', 'Trejo', 'Martínez', 23, 6, 2003, 2, 3, 1),
(567, 'Isabel Patricia', 'Villegas', 'Murillo', 23, 3, 2006, 1, 3, 1),
(568, 'Ivan', 'Villegas', 'Murillo', 27, 11, 2003, 2, 3, 0),
(569, 'Jade Citlaly', 'Valiente', 'Cerritos', 22, 6, 2013, 1, 3, 1),
(570, 'Jaime Jair', 'Alavez', 'Reyes', 6, 7, 2003, 2, 3, 0),
(571, 'Janet', 'López', 'Fonseca', 4, 6, 2007, 1, 3, 1),
(572, 'Janet Yuridia', 'Cadena', 'Mendoza', 24, 10, 2007, 1, 3, 1),
(573, 'Janeth Maite', 'Reyes', 'Ríos', 18, 7, 2006, 1, 3, 1),
(574, 'Jaqueline', 'García', 'González', 25, 9, 2002, 1, 3, 1),
(575, 'Jazmín', 'Sandoval', 'Mancilla', 8, 9, 1999, 1, 3, 0),
(576, 'Jenifer Pamela', 'Diego', 'Peralta', 15, 7, 2002, 1, 3, 0),
(577, 'Jennifer Paola', 'Olvera', 'Pedroza', 13, 10, 2004, 1, 3, 1),
(578, 'Jennifer', 'Velasco', 'Hernández', 17, 6, 2009, 1, 3, 1),
(579, 'Jeremy Adan', 'Castañeda', 'González', 12, 5, 2011, 2, 3, 0),
(580, 'Jesús Adan', 'Mendez', 'Sandoval', 30, 10, 2000, 2, 3, 1),
(581, 'Jesús Alfredo', 'Gaspar', 'Martínez', 13, 3, 2001, 2, 3, 1),
(582, 'Jesús Armando', 'Jiménez', 'Lara', 14, 6, 2009, 2, 3, 0),
(583, 'Jesús Damián', 'Valenzuela', 'Alegría', 25, 8, 2013, 2, 3, 1),
(584, 'Jesús Eduardo', 'Serafico', 'Morales', 14, 11, 1997, 2, 3, 0),
(585, 'Jesús Gabriel', 'Martínez', 'García', 12, 9, 2000, 2, 3, 0),
(586, 'Jimena Guadalupe', 'Jacinto', 'González', 25, 1, 2009, 1, 3, 1),
(587, 'Joan Jair', 'Martínez', 'Cruz', 28, 10, 2001, 2, 3, 0),
(588, 'Johan Antonio', 'Aguilar', 'Cruz', 6, 1, 2004, 2, 3, 0),
(589, 'Jonathan Emanuel', 'Hernández', 'Pérez', 18, 3, 2003, 2, 3, 1),
(590, 'Jonthan', 'González', 'Orozco', 19, 6, 2002, 2, 3, 0),
(591, 'Jonathan Ignacio', 'Sandoval', 'Mancilla', 28, 8, 2000, 2, 3, 1),
(592, 'Jonthan', 'Pedroza', 'Andrew', 21, 2, 2010, 2, 3, 1),
(593, 'Jonathan Raúl', 'Martínez', 'Cruz', 9, 1, 2000, 2, 3, 1),
(594, 'Jorge Daniel', 'Resendiz', 'Álvarez', 15, 7, 2002, 2, 3, 1),
(595, 'Jorge Luis', 'Peña', 'Bautista', 18, 3, 2006, 2, 3, 1),
(596, 'Jorge Omar', 'Razo', 'Mercado', 18, 10, 2000, 2, 3, 1),
(597, 'José Antonio', 'Diego', 'Peralta', 20, 2, 2003, 2, 3, 0),
(598, 'José de Jesús', 'Hernández', 'Allende', 24, 12, 2008, 2, 3, 1),
(599, 'José Giovanni', 'Álvarez', 'De la Cruz', 26, 5, 2001, 2, 3, 1),
(600, 'José Manuel', 'Pérez', 'Cantor', 30, 3, 2003, 2, 3, 1),
(601, 'José Noe', 'Martínez', 'Cerritos', 13, 8, 2013, 2, 3, 0),
(602, 'José Ricardo', 'Montoya', 'Reyes', 20, 6, 2000, 2, 3, 0),
(603, 'Joselin Akira', 'Ornelas', 'Pascual', 9, 4, 2000, 1, 3, 0),
(604, 'Josselin', 'Gabino', 'De la Cruz', 29, 8, 2013, 1, 3, 1),
(605, 'Josselin Lizbeth', 'Santillan', 'Diego', 18, 7, 2004, 1, 3, 1),
(606, 'Juan Antonio', 'Aguilar', 'Toribio', 28, 11, 2003, 2, 3, 0),
(607, 'Juan Carlos', 'De la Cruz', 'Dominguez', 12, 2, 2001, 2, 3, 0),
(608, 'Juan Carlos', 'Gómez', 'Peralta', 12, 4, 2000, 2, 3, 1),
(609, 'Juan Carlos', 'Hernández', 'López', 4, 1, 2006, 2, 3, 1),
(610, 'Juan Carlos', 'Velasco', 'Hernández', 31, 5, 2011, 2, 3, 1),
(611, 'Juan Luis', 'Martínez', 'Bautista', 21, 9, 2006, 2, 3, 1),
(612, 'Justin Emmanuel', 'Gómez', 'Peralta', 6, 12, 2006, 2, 3, 1),
(613, 'Karen Estefani', 'Olvera', 'Palafox', 15, 6, 2010, 1, 3, 1),
(614, 'Karen Samantha', 'Hernández', 'Pérez', 29, 6, 2005, 1, 3, 0),
(615, 'Karina', 'Fernández', 'Valentín', 23, 9, 2002, 1, 3, 1),
(616, 'Karina', 'Martínez', 'Vaquero', 10, 10, 2003, 1, 3, 1),
(617, 'Karla Citlali', 'Álvarez', 'Fragoso', 14, 10, 2002, 1, 3, 1),
(618, 'Karla Karina', 'Gómez', 'López', 4, 6, 2010, 1, 3, 0),
(619, 'Karla', 'Vargas', 'Fernández', 19, 4, 2008, 1, 3, 1),
(620, 'Katherin Naomi', 'Ornelas', 'Pascual', 25, 4, 2006, 1, 3, 0),
(621, 'Kelly Yaritza', 'Trejo', 'Cruz', 23, 12, 2009, 1, 3, 1),
(622, 'Kenia Hetzemani', 'García', 'Reyes', 31, 1, 2007, 1, 3, 1),
(623, 'Kevin Ramses', 'Martínez', 'Cerritos', 20, 11, 2011, 2, 3, 1),
(624, 'Kimberly Mitzuki', 'Ornelas', 'Pascual', 23, 8, 2004, 1, 3, 1),
(625, 'Kimberly Paola', 'Salgado', 'Serafico', 6, 7, 2010, 1, 3, 0),
(626, 'Kinari Dominique', 'Gallegos', 'Severo', 26, 9, 2010, 1, 3, 1),
(627, 'Kitcia Cinay', 'Chavez', 'Segura', 23, 10, 2007, 1, 3, 0),
(628, 'Lizbeth', 'Gaspar', 'Martínez', 23, 2, 2000, 1, 3, 1),
(629, 'Lucero Aide', 'Valenzuela', 'Luna', 23, 9, 2005, 1, 3, 0),
(630, 'Lucero Guadalupe', 'Pedroza', 'Andrew', 25, 3, 2013, 1, 3, 1),
(631, 'Lucero', 'Santillan', 'González', 3, 4, 2006, 1, 3, 0),
(632, 'Luis Alberto', 'Martínez', 'Cerritos', 22, 3, 2009, 2, 3, 1),
(633, 'Luis Ángel', 'González', 'Rojas', 19, 12, 2006, 2, 3, 0),
(634, 'Luis Ángel', 'Hernández', 'Carbajal', 11, 1, 2004, 2, 3, 0),
(635, 'Luis Ángel', 'Jiménez', 'Lara', 15, 5, 2007, 2, 3, 1),
(636, 'Luis Ángel', 'Martínez', 'Cruz', 23, 7, 2007, 2, 3, 0),
(637, 'Luis Antonio', 'Bolaños', 'Rojas', 10, 6, 2004, 2, 3, 1),
(638, 'Luis Antonio', 'García', 'Flores', 6, 3, 2000, 2, 3, 1),
(639, 'Luis Eduardo', 'García', 'Bustos', 10, 8, 2005, 2, 3, 0),
(640, 'Luis Enrique', 'Resendiz', 'Álvarez', 23, 6, 2001, 2, 3, 1),
(641, 'Luis Ernesto', 'Aguilar', 'Morales', 7, 12, 2009, 2, 3, 0),
(642, 'Luis Fernando', 'Martínez', 'Pedroza', 27, 1, 2001, 2, 3, 0),
(643, 'Luna Sarai', 'Aparicio', 'Ortiz', 13, 8, 2009, 1, 3, 1),
(644, 'Luz Jatziri', 'Gallegos', 'Severo', 12, 2, 2008, 1, 3, 1),
(645, 'Marcos Antonio', 'Fabila', 'Gómez', 4, 5, 2007, 2, 3, 1),
(646, 'Margarita Esmeralda', 'García', 'De la Cruz', 3, 2, 2008, 1, 3, 1),
(647, 'María Angélica', 'Hernández', 'Martínez', 14, 12, 2011, 1, 3, 1),
(648, 'María de Jesús', 'Martínez', 'Vaquero', 25, 12, 2006, 1, 3, 1),
(649, 'María de la Luz', 'Fabila', 'Gómez', 26, 8, 2005, 1, 3, 1),
(650, 'María de los Angeles', 'Rodríguez', 'Reyes', 13, 6, 2000, 1, 3, 1),
(651, 'María del Carmen', 'Gallegos', 'Severo', 27, 9, 2009, 1, 3, 1),
(652, 'María del Carmen', 'González', 'Orozco', 19, 6, 2001, 1, 3, 1),
(653, 'María Eliza', 'Gómez', 'López', 14, 1, 2009, 1, 3, 1),
(654, 'María Fernanda', 'Hernández', 'Pérez', 18, 3, 2007, 1, 3, 1),
(655, 'María Guadalupe', 'Francisco', 'Marcelino', 6, 10, 1999, 1, 3, 0),
(656, 'María Guadalupe', 'Trejo', 'Borjas', 7, 10, 2010, 1, 3, 1),
(657, 'María Isabel', 'Francisco', 'Marcelino', 9, 5, 2001, 1, 3, 1),
(658, 'María José', 'Lara', 'Guzmán', 7, 6, 2008, 1, 3, 1),
(659, 'Maribel', 'Patricio', 'Martínez', 10, 3, 2002, 1, 3, 0),
(660, 'Maricarmen', 'Guzmán', 'Lobato', 8, 9, 2001, 1, 3, 1),
(661, 'Mariela', 'López', 'Fonseca', 20, 6, 2010, 1, 3, 0),
(662, 'Marisol Haide', 'Martínez', 'Bautista', 18, 2, 2005, 1, 3, 1),
(663, 'Martha', 'Gómez', 'López', 17, 2, 2014, 1, 3, 0),
(664, 'Mauricio', 'Álvarez', 'De la Cruz', 30, 10, 2003, 2, 3, 0),
(665, 'Melani Sitlali', 'Magdaleno', 'Fragoso', 28, 4, 2013, 1, 3, 0),
(666, 'Melissa', 'De la Cruz', 'Dominguez', 27, 10, 2009, 1, 3, 1),
(667, 'Mía Yoneli', 'Martínez', 'Reyna', 6, 9, 2007, 1, 3, 1),
(668, 'Michelle Carolina', 'Aguilar', 'Cruz', 23, 8, 2001, 1, 3, 1),
(669, 'Miguel Ángel', 'González', 'Pedroza', 22, 11, 2002, 2, 3, 0),
(670, 'Miguel Ángel', 'Marcelino', 'Francisco', 15, 2, 2010, 2, 3, 1),
(671, 'Mónica Guadalupe', 'Cadena', 'Mendoza', 23, 4, 2001, 1, 3, 1),
(672, 'Mónica Irene', 'Montoya', 'Reyes', 18, 3, 2005, 1, 3, 0),
(673, 'Nadia Coral', 'Fernández', 'García', 29, 7, 2005, 1, 3, 0),
(674, 'Naomi Geraldin', 'Valenzuela', 'Tovar', 1, 10, 2013, 1, 3, 1),
(675, 'Naydeline Yael', 'García', 'Soria', 12, 1, 2011, 1, 3, 1),
(676, 'Nelly Gesuri', 'Romero', 'Méndez', 7, 3, 2002, 1, 3, 1),
(677, 'Neri Yafer', 'Contreras', 'Ramírez', 22, 8, 2013, 2, 3, 1),
(678, 'Noemi', 'Martínez', 'Cruz', 22, 10, 2001, 1, 3, 1),
(679, 'Odalis Matilde', 'Martínez', 'Morales', 9, 7, 2005, 1, 3, 0),
(680, 'Omaet Jovani', 'Romero', 'Álvarez', 17, 4, 2012, 2, 3, 1),
(681, 'Omar Ulises', 'Martínez', 'De la Cruz', 5, 4, 2008, 2, 3, 1),
(682, 'Orly Jazmín', 'Olvera', 'Pedroza', 1, 8, 2010, 1, 3, 1),
(683, 'Oscar', 'Aguilar', 'Morales', 18, 7, 2008, 2, 3, 0),
(684, 'Oscar Axel', 'Castañeda', 'Lucio', 16, 10, 2004, 2, 3, 1),
(685, 'Oscar de Jesús', 'Gallegos', 'Severo', 28, 7, 2006, 2, 3, 1),
(686, 'Pablo Yair', 'Pérez', 'Álvarez', 5, 10, 2007, 2, 3, 1),
(687, 'Pamela Abigail', 'García', 'Bustos', 1, 9, 2007, 1, 3, 1),
(688, 'Paola Natali', 'Álvarez', 'Flores', 19, 1, 2009, 1, 3, 1),
(689, 'Pedro Gabriel', 'Castro', 'Ortiz', 6, 11, 2010, 2, 3, 1),
(690, 'Perla Izamar', 'Fernández', 'García', 17, 11, 1999, 1, 3, 0),
(691, 'Perla Ruby', 'Martínez', 'Cerritos', 3, 9, 2010, 1, 3, 0),
(692, 'Priscila', 'Zuñiga', 'Palafox', 21, 5, 2001, 1, 3, 0),
(693, 'Rafael', 'Placido', 'López', 16, 12, 1999, 2, 3, 1),
(694, 'Ramón', 'Bautista', 'López', 31, 10, 2003, 2, 3, 1),
(695, 'Rey David', 'Osorio', 'Reyes', 25, 9, 2007, 2, 3, 0),
(696, 'Ricardo', 'Hernández', 'Arango', 12, 8, 2003, 2, 3, 1),
(697, 'Ricardo Rafael', 'Bolaños', 'Rojas', 7, 9, 2013, 2, 3, 1),
(698, 'Ricardo', 'Santillan', 'Diego', 11, 9, 2011, 2, 3, 1),
(699, 'Rodolfo', 'López', 'Fonseca', 18, 5, 2008, 2, 3, 1),
(700, 'Rodrigo', 'Antonio', 'Antonio', 16, 4, 2006, 2, 3, 1),
(701, 'Rodrigo', 'Trejo', 'Martínez', 27, 6, 2011, 2, 3, 1),
(702, 'Rubí Yatziri', 'Valenzuela', 'Tovar', 25, 4, 2011, 1, 3, 1),
(703, 'Sandra', 'Fernández', 'Valentín', 30, 8, 2008, 1, 3, 1),
(704, 'Sandra Vanessa', 'Rosas', 'Martínez', 31, 12, 2012, 1, 3, 1),
(705, 'Santiago', 'González', 'Orozco', 3, 3, 2000, 2, 3, 1),
(706, 'Saúl Axel', 'Rodríguez', 'Cruz', 19, 5, 2009, 2, 3, 1),
(707, 'Saúl Fidencio', 'Cruz', 'Migueles', 18, 1, 2001, 2, 3, 1),
(708, 'Sebastian', 'Mercado', 'Cerritos', 23, 11, 2007, 2, 3, 0),
(709, 'Selene Gabriela', 'García', 'Hernández', 24, 2, 2007, 1, 3, 1),
(710, 'Sharoon Mishell', 'García', 'Ávila', 1, 3, 2005, 1, 3, 0),
(711, 'Soledad', 'Velasco', 'Nuñez', 11, 11, 1999, 1, 3, 1),
(712, 'Sonia Anel', 'Alavez', 'Reyes', 27, 2, 2006, 1, 3, 1),
(713, 'Uriel', 'Pedroza', 'Andrew', 24, 8, 2006, 2, 3, 1),
(714, 'Valeri Melissa', 'Martínez', 'Cruz', 20, 5, 2010, 1, 3, 1),
(715, 'Victor Jesús', 'Pérez', 'Cantor', 19, 1, 2005, 2, 3, 0),
(716, 'Viridiana Guadalupe', 'Aguilera', 'Cerritos', 30, 8, 2011, 1, 3, 1),
(717, 'Wendy Jaqueline', 'Santillan', 'Diego', 23, 7, 2002, 1, 3, 1),
(718, 'Wendy Melany', 'Razo', 'Mercado', 10, 10, 2010, 1, 3, 1),
(719, 'Wendy Monserrat', 'Hernández', 'Pérez', 27, 2, 2007, 1, 3, 0),
(720, 'Wendy Valentina', 'González', 'Rojas', 14, 2, 2001, 1, 3, 1),
(721, 'Ximena Andrea', 'Osorio', 'Reyes', 26, 7, 2005, 1, 3, 1),
(722, 'Ximena Elizabeth', 'Jiménez', 'Lara', 9, 10, 2009, 1, 3, 1),
(723, 'Xochitl Guadalupe', 'Álvarez', 'De la Cruz', 30, 3, 2011, 1, 3, 1),
(724, 'Yahir Emanuel', 'Valenzuela', 'Alegría', 4, 5, 2008, 2, 3, 1),
(725, 'Yolanda de Jesús', 'Alcantara', 'González', 6, 8, 2004, 1, 3, 0),
(726, 'Yoselin Reyna', 'González', 'Osnaya', 9, 3, 2007, 1, 3, 0),
(727, 'Zoe Renata', 'Martínez', 'Reyna', 28, 11, 2011, 1, 3, 1),
(728, 'Martha Judith', 'Del Ángel', 'Castañon', 31, 7, 2003, 1, 3, 1),
(729, 'Alexandra', 'Del Ángel', 'Castañon', 5, 11, 2005, 1, 3, 1),
(730, 'Josue', 'Barcenas', 'Argüelles', 1, 3, 2010, 2, 3, 0),
(731, 'Abel Alexander', 'Muñoz', 'Pérez', 11, 8, 2012, 2, 4, 0),
(732, 'Abigail', 'Bermudez', 'Peñaloza', 7, 10, 2013, 1, 4, 1),
(733, 'Abigail Janet', 'Lujano', 'Hernández', 15, 4, 2002, 1, 4, 0),
(734, 'Adamari Marlen', 'Alcalá', 'Bernal', 4, 6, 2005, 1, 4, 0),
(735, 'Alan José', 'Jaramillo', 'Olvera', 30, 4, 2009, 2, 4, 1),
(736, 'Alan Mauricio', 'Servín', 'Pérez', 26, 11, 2007, 2, 4, 1),
(737, 'Alberto', 'Martínez', 'Martínez', 25, 11, 2000, 2, 4, 1),
(738, 'Alejandra Guadalupe', 'Guzmán', 'Alvarado', 26, 12, 2008, 1, 4, 0),
(739, 'Alexandro', 'Ramírez', 'Hernández', 23, 8, 2005, 2, 4, 1),
(740, 'Alison Fernanda', 'Miranda', 'Iglesias', 30, 9, 2005, 1, 4, 1),
(741, 'Allison', 'González', 'Díaz', 21, 10, 2009, 1, 4, 1),
(742, 'Allisson Valeri', 'Cortés', 'Reyes', 27, 1, 2009, 1, 4, 0),
(743, 'Alondra Jazmín', 'Ramírez', 'Luján', 5, 7, 2013, 1, 4, 1),
(744, 'Alondra', 'Rodríguez', 'Ramírez', 15, 3, 2005, 1, 4, 1),
(745, 'Amanda Esther', 'González', 'Maya', 1, 1, 2007, 1, 4, 1),
(746, 'América Lizbeth', 'Licona', 'Lara', 7, 9, 2005, 1, 4, 0),
(747, 'América', 'Romero', 'Flores', 3, 11, 2002, 1, 4, 1),
(748, 'Ana Caren', 'Valdez', 'Tamayo', 11, 3, 2008, 1, 4, 0),
(749, 'Ana Estrella', 'Hernández', 'Hernández', 20, 12, 2012, 1, 4, 1),
(750, 'Ana Lilia', 'Domínguez', 'García', 25, 8, 2008, 1, 4, 1),
(751, 'Ana María Atlantida', 'Jaramillo', 'Martínez', 30, 9, 2003, 1, 4, 1),
(752, 'Ana María', 'López', 'Hernández', 13, 6, 2008, 1, 4, 1),
(753, 'Anahí Elena', 'Licona', 'Lara', 6, 9, 2007, 1, 4, 1),
(754, 'Andrea', 'Riaño', 'García', 16, 9, 2004, 1, 4, 0),
(755, 'Andrés Delfino', 'Sánchez', 'Reyes', 20, 9, 2005, 2, 4, 1),
(756, 'Ángel Alberto', 'González', 'Valdéz', 25, 5, 1999, 2, 4, 1),
(757, 'Ángel Alexis', 'Hernández', 'Sandoval', 25, 2, 2007, 2, 4, 1),
(758, 'Ángel Del Refugio', 'Alvarado', 'Arriaga', 5, 5, 2012, 2, 4, 1),
(759, 'Ángel Gabriel', 'Alcalá', 'Bernal', 19, 5, 2006, 2, 4, 1),
(760, 'Ángel Gabriel', 'Valdez', 'Sánchez', 24, 6, 2002, 2, 4, 0),
(761, 'Ángel', 'Quintero', 'Bernal', 1, 7, 2003, 2, 4, 0),
(762, 'Ángel Vladimir', 'Valencia', 'García', 29, 10, 1999, 2, 4, 0),
(763, 'Aracely', 'Lara', 'Olivares', 18, 11, 2010, 1, 4, 0),
(764, 'Arely Jocelyn', 'García', 'Aguilera', 7, 2, 2005, 1, 4, 0),
(765, 'Ari Lesly', 'Rodríguez', 'Balderas', 11, 6, 2008, 1, 4, 0),
(766, 'Ariel', 'Domínguez', 'Rosales', 25, 10, 2006, 2, 4, 1),
(767, 'Axel Alexander', 'Félix', 'Pérez', 5, 11, 2005, 2, 4, 1),
(768, 'Axel Yahir', 'Ramírez', 'Brígido', 9, 10, 2002, 2, 4, 1),
(769, 'Bayron Alberto', 'Ledezma', 'Herrera', 25, 8, 2010, 2, 4, 0),
(770, 'Bayron Misael', 'Becerril', 'Cruz', 8, 4, 2012, 2, 4, 1),
(771, 'Brandon Donovan', 'Medina', 'Lozano', 22, 1, 2014, 2, 4, 1),
(772, 'Brandon Felipe', 'García', 'De La Cruz', 15, 7, 1999, 2, 4, 0);
INSERT INTO `ninos` (`idninos`, `nombre`, `apat`, `amat`, `fNacDia`, `fNacMes`, `fNacAno`, `genero_idgenero`, `comedores_idcomedores`, `apadrinado`) VALUES
(773, 'Brandon Uriel', 'Romero', 'González', 31, 5, 2008, 2, 4, 1),
(774, 'Braulio Miguel', 'Galindo', 'Galicia', 7, 10, 2011, 2, 4, 0),
(775, 'Brayan Alexis', 'Lujano', 'Hernández', 13, 6, 2006, 2, 4, 0),
(776, 'Brayan Alexis', 'Romero', 'González', 18, 8, 2003, 2, 4, 0),
(777, 'Brayan Arturo', 'García', 'Medina', 6, 9, 2007, 2, 4, 1),
(778, 'Brayan', 'Deza', 'Arteaga', 18, 7, 2005, 2, 4, 1),
(779, 'Brayan Fidel', 'Lara', 'Olivares', 16, 11, 2003, 2, 4, 0),
(780, 'Brenda Guadalupe', 'Sánchez', 'Parra', 20, 9, 2004, 1, 4, 1),
(781, 'Brhayan David', 'López', 'Cruz', 2, 8, 2000, 2, 4, 0),
(782, 'Brisa Pamela', 'Sandoval', 'Becerra', 1, 10, 2013, 1, 4, 1),
(783, 'Briseida Maydelin', 'Bustos', 'Rodríguez', 27, 2, 2014, 1, 4, 0),
(784, 'Brissa', 'Brígido', 'De Jesús', 29, 7, 2009, 1, 4, 1),
(785, 'Britany', 'Hernández', 'De La Cruz', 9, 12, 2005, 1, 4, 1),
(786, 'Byron Dario', 'Valencia', 'García', 18, 5, 2011, 2, 4, 1),
(787, 'Carlos Hernán', 'Ramírez', 'Hernández', 19, 5, 2011, 2, 4, 1),
(788, 'Carolina', 'Valdez', 'Villegas', 12, 3, 2007, 1, 4, 0),
(789, 'Cazandra Abigail', 'Romero', 'González', 4, 12, 2001, 1, 4, 1),
(790, 'César Ivan', 'Valdez', 'Tamayo', 9, 9, 2001, 1, 4, 1),
(791, 'Christian Yahir', 'Valencia', 'Lozano', 30, 6, 2013, 2, 4, 1),
(792, 'Christopher Aldair', 'Castro', 'Alvarado', 23, 3, 2013, 2, 4, 1),
(793, 'Citlali De María', 'Licona', 'Lara', 19, 10, 2006, 1, 4, 1),
(794, 'Citlalli Guadalupe', 'Becerril', 'Cruz', 17, 5, 2010, 1, 4, 0),
(795, 'Cristian Ariel', 'Valdez', 'Sánchez', 26, 4, 2005, 2, 4, 0),
(796, 'Cristian', 'Marín', 'De Jesús', 23, 8, 2007, 2, 4, 1),
(797, 'Dana Luisa', 'González', 'Gonzaga', 28, 7, 2010, 1, 4, 1),
(798, 'Daniel', 'Escutia', 'Calderón', 12, 2, 2008, 2, 4, 1),
(799, 'Daniel', 'González', 'Gonzaga', 22, 11, 2007, 2, 4, 1),
(800, 'Daniela Anaid', 'González', 'Hernández', 11, 6, 2004, 1, 4, 0),
(801, 'Daniela', 'Morales', 'Ortíz', 22, 1, 2001, 1, 4, 0),
(802, 'Daniela', 'Rodríguez', 'Martínez', 20, 4, 2005, 1, 4, 1),
(803, 'Dariel Josué', 'González', 'Martínez', 25, 1, 2000, 2, 4, 0),
(804, 'David Adrian', 'Yáñez', 'Flores', 29, 6, 2011, 2, 4, 1),
(805, 'David Benjamín', 'Rodríguez', 'Jaramillo', 11, 10, 1998, 2, 4, 1),
(806, 'Dayana', 'Aguilar', 'Villanueva', 14, 5, 2011, 1, 4, 1),
(807, 'Dereck Geovanny', 'Hernández', 'Vergara', 3, 8, 2007, 2, 4, 1),
(808, 'Derek Isael', 'González', 'Gonzaga', 25, 2, 2011, 2, 4, 1),
(809, 'Diego Ángel', 'Romero', 'González', 26, 3, 2005, 2, 4, 1),
(810, 'Donnovan Armando', 'Ocampo', 'Alvarado', 12, 1, 2010, 2, 4, 1),
(811, 'Donovan', 'Miranda', 'Iglesias', 30, 11, 2013, 2, 4, 1),
(812, 'Dulce Camila', 'Valdez', 'Tamayo', 7, 7, 2006, 1, 4, 1),
(813, 'Dulce Daniela', 'Mancera', 'Martínez', 19, 9, 2007, 1, 4, 1),
(814, 'Edgar', 'Hernández', 'García', 19, 7, 2010, 2, 4, 1),
(815, 'Edgar Ulises', 'Sánchez', 'Parra', 18, 5, 2009, 2, 4, 1),
(816, 'Eduardo', 'Juárez', 'Romero', 15, 5, 2004, 2, 4, 0),
(817, 'Edwar Anthoni', 'De La Cruz', 'Escalona', 4, 6, 2004, 2, 4, 0),
(818, 'Edwin Adrián', 'Alcalá', 'Bernal', 19, 12, 2003, 2, 4, 1),
(819, 'Edwin', 'Aguilar', 'Ortíz', 20, 7, 2007, 2, 4, 1),
(820, 'Edwin Jesús', 'Serafín', 'Martínez', 12, 7, 2004, 2, 4, 0),
(821, 'Efraín', 'Morales', 'Aparicio', 26, 12, 2003, 2, 4, 1),
(822, 'Elisa Brillit', 'Ramírez', 'Luján', 29, 5, 2011, 1, 4, 1),
(823, 'Elizabeht Mariana', 'Pascual', 'González', 22, 10, 2013, 1, 4, 1),
(824, 'Elizabeth', 'Mondragón', 'Primero', 3, 2, 2004, 1, 4, 0),
(825, 'Elizabeth', 'Sánchez', 'González', 20, 11, 2000, 1, 4, 0),
(826, 'Emiliano', 'Serrano', 'Gómez', 16, 11, 2007, 2, 4, 1),
(827, 'Erica Griselda', 'Riaño', 'García', 17, 5, 2001, 1, 4, 1),
(828, 'Erick Gabriel', 'Alvarado', 'Arriaga', 13, 4, 2004, 2, 4, 1),
(829, 'Erik Jesús', 'Valdéz', 'Álvarez', 13, 4, 2004, 2, 4, 1),
(830, 'Erik Santiago', 'Blando', 'Parra', 6, 8, 2008, 2, 4, 1),
(831, 'Erika', 'Lara', 'Olivares', 20, 9, 2008, 1, 4, 1),
(832, 'Esmeralda', 'Morales', 'Aparicio', 27, 5, 1998, 1, 4, 1),
(833, 'Estephanie Alexia', 'Flores', 'Flores', 28, 5, 2004, 1, 4, 0),
(834, 'Estrella Magavi', 'Hernández', 'Váldez', 30, 6, 2011, 1, 4, 1),
(835, 'Fabián', 'Morales', 'Aparicio', 20, 1, 2002, 2, 4, 1),
(836, 'Fátima Guadalupe', 'Hernández', 'Escobar', 23, 11, 2006, 2, 4, 1),
(837, 'Fátima Monserrath', 'Marín', 'De Jesús', 19, 11, 2004, 1, 4, 0),
(838, 'Fátima', 'Quintero', 'Bernal', 13, 5, 2008, 1, 4, 1),
(839, 'Fernanda Guadalupe', 'Romero', 'Quintana', 23, 5, 2006, 1, 4, 1),
(840, 'Fernando', 'Lara', 'Olivares', 19, 8, 2005, 2, 4, 0),
(841, 'Francisco Javier', 'Herrera', 'León', 16, 10, 1999, 2, 4, 0),
(842, 'Gabriel Alexis', 'Peralta', 'Medina', 1, 2, 2008, 2, 4, 1),
(843, 'Gabriel Tadeo', 'Hernández', 'De La Cruz', 28, 6, 2012, 2, 4, 0),
(844, 'Gabriela Iracema', 'Sandoval', 'Morales', 24, 12, 2004, 1, 4, 1),
(845, 'Gabriela', 'Morales', 'Ortíz', 24, 7, 2002, 1, 4, 1),
(846, 'Geovana', 'Sandoval', 'Becerra', 7, 11, 2007, 1, 4, 1),
(847, 'Geraldin Samanta', 'Hernández', 'De La Cruz', 20, 11, 2001, 1, 4, 0),
(848, 'Gerardo Gabriel', 'Rodríguez', 'Jaramillo', 6, 1, 2003, 2, 4, 1),
(849, 'Giovanna', 'Primero', 'Lucas', 26, 2, 2003, 1, 4, 0),
(850, 'Gohan Anthony', 'Flores', 'Flores', 18, 5, 2001, 2, 4, 1),
(851, 'Grecia Naderi', 'Beltrán', 'Miranda', 25, 12, 2007, 1, 4, 0),
(852, 'Guadalupe Azul', 'Camacho', 'Sánchez', 15, 1, 2008, 1, 4, 1),
(853, 'Guadalupe Yuriko', 'González', 'Amaya', 31, 12, 2008, 1, 4, 0),
(854, 'Hannah', 'González', 'Díaz', 19, 8, 2007, 1, 4, 1),
(855, 'Harumi', 'Bazan', 'Díaz', 5, 1, 2010, 1, 4, 1),
(856, 'Héctor Imanol', 'Ramírez', 'Brígido', 26, 6, 2005, 2, 4, 1),
(857, 'Hugo Eduardo', 'Valdéz', 'Álvarez', 23, 5, 2002, 2, 4, 1),
(858, 'Humberto David', 'Félix', 'Pérez', 22, 5, 2007, 2, 4, 1),
(859, 'Ingrid', 'Escutia', 'Calderón', 16, 5, 2004, 1, 4, 1),
(860, 'Irlanda', 'Domínguez', 'Rosales', 24, 5, 2012, 2, 4, 1),
(861, 'Isaac', 'Celis', 'Quintero', 22, 10, 2007, 2, 4, 0),
(862, 'Isaac', 'Juárez', 'Romero', 5, 6, 2003, 2, 4, 1),
(863, 'Isamar', 'Rodríguez', 'Ramírez', 13, 11, 2006, 1, 4, 0),
(864, 'Ismael', 'Domínguez', 'Rosales', 10, 10, 2010, 2, 4, 1),
(865, 'Iván Alexis', 'Avilés', 'Zárate', 23, 8, 2012, 2, 4, 1),
(866, 'Jacqueline', 'De Jesús', 'Garnica', 26, 6, 2005, 1, 4, 0),
(867, 'Jaquelinee', 'Perdomo', 'Díaz', 7, 3, 2004, 1, 4, 0),
(868, 'Jatziri Nicole', 'Lujano', 'Hernández', 11, 6, 2013, 1, 4, 1),
(869, 'Javier Isaac', 'Yáñez', 'Flores', 30, 4, 2013, 2, 4, 0),
(870, 'Jazmín', 'Domínguez', 'Rosales', 14, 11, 2001, 2, 4, 1),
(871, 'Jessica Lizbeth', 'Jaramillo', 'Olvera', 10, 9, 2007, 1, 4, 1),
(872, 'Jesús Adrián', 'De La Cruz', 'Cruz', 28, 7, 2009, 2, 4, 0),
(873, 'Jesús Ángel', 'Hernández', 'García', 10, 9, 2005, 2, 4, 1),
(874, 'Jesús David', 'Cruz', 'Ramírez', 6, 4, 2008, 2, 4, 0),
(875, 'Jesús David', 'Valdez', 'Tamayo', 5, 6, 2001, 1, 4, 1),
(876, 'Jesús Eduardo', 'Guzmán', 'Alvarado', 3, 5, 2004, 2, 4, 1),
(877, 'Jesús Emiliano', 'Servín', 'Hernández', 31, 10, 2013, 2, 4, 1),
(878, 'Jesús', 'Romero', 'Flores', 23, 2, 2004, 2, 4, 0),
(879, 'Jimena Nayli', 'Pérez', 'López', 13, 4, 2007, 1, 4, 1),
(880, 'Joel Isaías', 'Madrigal', 'Reza', 24, 1, 2009, 2, 4, 0),
(881, 'Johan', 'Rodríguez', 'Balderas', 4, 10, 1999, 2, 4, 1),
(882, 'Jonathan Eduardo', 'Becerril', 'Cruz', 2, 4, 2004, 2, 4, 1),
(883, 'Jorge Jair', 'Becerril', 'Cruz', 29, 11, 2002, 2, 4, 0),
(884, 'Jorge Kevin', 'Servín', 'Pérez', 18, 10, 2005, 2, 4, 1),
(885, 'Jorge', 'Noguez', 'Victoria', 25, 7, 2001, 2, 4, 1),
(886, 'José Alberto', 'García', 'Medina', 15, 8, 2003, 2, 4, 1),
(887, 'José Ángel', 'Cruz', 'López', 21, 7, 2001, 2, 4, 0),
(888, 'José Eduardo', 'Licona', 'Lara', 29, 10, 2008, 2, 4, 1),
(889, 'José Emanuel', 'Bermudez', 'Peñaloza', 3, 6, 2010, 2, 4, 1),
(890, 'José Luis', 'Sandoval', 'Becerra', 26, 1, 2004, 2, 4, 1),
(891, 'José Miguel', 'Lujano', 'Hernández', 30, 8, 2011, 2, 4, 1),
(892, 'Juan Carlos', 'Cárdenas', 'Primero', 25, 12, 2005, 2, 4, 0),
(893, 'Juan De Dios', 'Ramírez', 'Hernández', 8, 9, 2004, 2, 4, 0),
(894, 'Juan Luis', 'Coronel', 'Flores', 7, 7, 2002, 2, 4, 0),
(895, 'Juan Luis', 'Deza', 'Arteaga', 2, 10, 2002, 2, 4, 0),
(896, 'Juan Manuel', 'De Jesús', 'Garnica', 23, 5, 2003, 2, 4, 1),
(897, 'Juan Manuel', 'López', 'Ordoñez', 8, 3, 2004, 2, 4, 1),
(898, 'Julieta Joseline', 'González', 'Maya', 14, 8, 2005, 1, 4, 0),
(899, 'Julio César', 'Ramírez', 'Brígido', 6, 5, 2008, 2, 4, 0),
(900, 'Karen Lizbeth', 'López', 'Cruz', 12, 11, 2002, 1, 4, 0),
(901, 'Karina', 'López', 'Hernández', 14, 7, 2006, 1, 4, 1),
(902, 'Karla Elizabeth', 'De La Cruz', 'Frías', 24, 9, 2000, 1, 4, 1),
(903, 'Karla Guadalupe', 'Pastor', 'Morales', 30, 6, 2004, 1, 4, 0),
(904, 'Karla López Hernández', 'López', 'Hernández', 23, 4, 1998, 1, 4, 0),
(905, 'Karla Lucero', 'Alvarado', 'González', 18, 1, 2013, 1, 4, 1),
(906, 'Kebin Agustín', 'Jaramillo', 'Martínez', 30, 4, 2001, 2, 4, 1),
(907, 'Kenia Yamilet', 'Romero', 'Quintana', 8, 10, 2007, 1, 4, 1),
(908, 'Kevin Aarón', 'González', 'Ramírez', 27, 12, 2002, 2, 4, 0),
(909, 'Kevin', 'Aguilar', 'Ortíz', 18, 10, 2008, 2, 4, 0),
(910, 'Kevin Alexander', 'Martínez', 'Domínguez', 3, 2, 2007, 2, 4, 1),
(911, 'Kevin Jair', 'Palomino', 'Pérez', 2, 12, 2002, 2, 4, 1),
(912, 'Kimberly Isamara', 'Hernández', 'Galindo', 11, 9, 2010, 1, 4, 1),
(913, 'Landon Donnovan', 'Ramírez', 'Luján', 10, 3, 2010, 2, 4, 0),
(914, 'Leandro Heznahider', 'Ramírez', 'Luján', 17, 4, 2008, 2, 4, 1),
(915, 'Leonardo Daniel', 'Pastor', 'Bautista', 26, 3, 2003, 2, 4, 0),
(916, 'Leonardo', 'Escutia', 'Calderón', 7, 5, 2006, 2, 4, 0),
(917, 'Leticia', 'Carbajal', 'Benitez', 30, 10, 2004, 1, 4, 1),
(918, 'Liliana', 'Rodríguez', 'Martínez', 12, 9, 2007, 1, 4, 1),
(919, 'Lizbeth', 'Domínguez', 'Rosales', 7, 1, 2000, 2, 4, 1),
(920, 'Luis Ángel', 'Ramírez', 'Hernández', 4, 5, 2011, 2, 4, 1),
(921, 'Luis Eduardo', 'Sánchez', 'Reyes', 9, 10, 2003, 2, 4, 1),
(922, 'Luis Enrique', 'García', 'De La Cruz', 27, 10, 2000, 2, 4, 1),
(923, 'Luis Enrique', 'Hernández', 'Hernández', 18, 2, 2009, 2, 4, 1),
(924, 'Luis Fernando', 'Jaimes', 'Domínguez', 6, 5, 2011, 1, 4, 1),
(925, 'Luisita Marlen', 'Becerril', 'Cruz', 23, 2, 2006, 1, 4, 0),
(926, 'Luz Abril', 'Valdez', 'Villegas', 2, 4, 2004, 1, 4, 0),
(927, 'Magaly', 'Martínez', 'Martínez', 2, 11, 2013, 1, 4, 1),
(928, 'Marco Antonio', 'Hernández', 'Escobar', 26, 9, 2009, 2, 4, 1),
(929, 'Marco Antonio', 'Marín', 'De Jesús', 4, 11, 2003, 2, 4, 1),
(930, 'María De Lourdes', 'Ordoñez', 'Sánchez', 31, 1, 2001, 1, 4, 1),
(931, 'María Guadalupe', 'Noguez', 'Victoria', 19, 6, 2002, 1, 4, 1),
(932, 'María Josselin', 'Hernández', 'Sandoval', 2, 7, 2003, 1, 4, 1),
(933, 'Maribel', 'De Jesús', 'Garnica', 20, 3, 1999, 1, 4, 0),
(934, 'Mario Josgar', 'Romero', 'Quintana', 9, 3, 2009, 2, 4, 1),
(935, 'Mario Josué', 'Yáñez', 'Flores', 3, 5, 2012, 2, 4, 0),
(936, 'Martín Andhioni', 'Romero', 'Flores', 28, 11, 2005, 2, 4, 0),
(937, 'Martín', 'Martínez', 'Martínez', 1, 12, 2004, 2, 4, 0),
(938, 'Mayrin', 'Martínez', 'Domínguez', 24, 1, 2013, 1, 4, 1),
(939, 'Melitón', 'Morales', 'Aparicio', 10, 2, 2000, 2, 4, 1),
(940, 'Michelle Guadalupe', 'González', 'Martínez', 16, 1, 2003, 1, 4, 1),
(941, 'Miguel Ángel', 'González', 'Ramírez', 10, 9, 2006, 2, 4, 1),
(942, 'Miguel Ángel', 'Hernández', 'Hernández', 3, 4, 2010, 2, 4, 0),
(943, 'Miguel Arón', 'Martínez', 'Vergara', 8, 6, 2010, 2, 4, 1),
(944, 'Milagros Danaé', 'Ordoñez', 'Domínguez', 9, 1, 2014, 1, 4, 1),
(945, 'Miranda Guadalupe', 'Ángeles', 'De Jesús', 27, 10, 2011, 1, 4, 1),
(946, 'Miriam Mercedes', 'Villanueva', 'Martínez', 8, 9, 1999, 1, 4, 0),
(947, 'Missael Arturo', 'Calderón', 'Flores', 30, 9, 1999, 2, 4, 1),
(948, 'Monserrat Isamar', 'Valdez', 'Tamayo', 26, 7, 2003, 1, 4, 1),
(949, 'Montserrat', 'García', 'De La Cruz', 22, 1, 2002, 1, 4, 0),
(950, 'Naomi Mitsuko', 'Pastor', 'Morales', 4, 6, 2006, 1, 4, 0),
(951, 'Natali', 'Hernández', 'De La Cruz', 13, 7, 2003, 1, 4, 1),
(952, 'Natalia Altair', 'Cortés', 'Reyes', 10, 2, 2008, 1, 4, 1),
(953, 'Nataly Aylin', 'Martínez', 'Martínez', 1, 12, 2003, 1, 4, 1),
(954, 'Nataly Monserrat', 'Albarrán', 'Pérez', 6, 6, 2003, 1, 4, 1),
(955, 'Nataly Noemí', 'Quintero', 'Domínguez', 17, 4, 2001, 1, 4, 1),
(956, 'Nataly Valeria', 'Hernández', 'Sandoval', 1, 9, 2005, 1, 4, 1),
(957, 'Norma Hanaid', 'Valencia', 'Domínguez', 16, 4, 2003, 1, 4, 0),
(958, 'Omar De Jesús', 'López', 'López', 21, 8, 2003, 2, 4, 0),
(959, 'Omar', 'Riaño', 'García', 4, 8, 2007, 2, 4, 1),
(960, 'Oscar', 'Noguez', 'Victoria', 25, 7, 2001, 2, 4, 1),
(961, 'Osiris Yamileth', 'De La Cruz', 'Escalona', 7, 6, 2006, 1, 4, 0),
(962, 'Pamela Saraí', 'Martínez', 'Sanchez', 12, 6, 2010, 1, 4, 1),
(963, 'Paola Ariana', 'López', 'Ordoñez', 15, 2, 2008, 1, 4, 1),
(964, 'Paola Naomi', 'Serrano', 'Gómez', 29, 7, 2005, 1, 4, 1),
(965, 'Pedro Emmanuel', 'Jaramillo', 'González', 21, 1, 2006, 2, 4, 1),
(966, 'Pedro', 'Quintero', 'Bernal', 4, 1, 2010, 2, 4, 1),
(967, 'Perla Elizabeth', 'Madrigal', 'Reza', 5, 8, 2005, 1, 4, 1),
(968, 'Rafael', 'Valencia', 'Domínguez', 23, 8, 2001, 2, 4, 1),
(969, 'Regina Wendolee', 'Hernández', 'De La Cruz', 20, 7, 2011, 1, 4, 1),
(970, 'Rolando Jared', 'Rodríguez', 'Balderas', 13, 2, 2007, 2, 4, 1),
(971, 'Samanta Gabriela', 'Valdez', 'Villegas', 15, 4, 2008, 1, 4, 1),
(972, 'Sandra', 'López', 'Hernández', 12, 10, 2000, 1, 4, 1),
(973, 'Sandra', 'Riaño', 'García', 6, 12, 2002, 1, 4, 0),
(974, 'Santiago', 'Celis', 'Quintero', 30, 9, 2005, 2, 4, 1),
(975, 'Sara Yuridia', 'Pérez', 'López', 6, 11, 2004, 1, 4, 1),
(976, 'Sebastian', 'Rodríguez', 'Martínez', 21, 3, 2009, 2, 4, 1),
(977, 'Shumalli Julieta', 'Valencia', 'García', 19, 3, 2007, 1, 4, 1),
(978, 'Silvia Damaris', 'Rodríguez', 'Jaramillo', 28, 5, 2008, 1, 4, 0),
(979, 'Suemy Ariadna', 'Hernández', 'Zárate', 10, 2, 2006, 1, 4, 0),
(980, 'Tania Magal', 'I González', 'Martínez', 27, 1, 2002, 1, 4, 1),
(981, 'Uriel Alexis', 'Sandoval', 'Morales', 7, 8, 2001, 2, 4, 1),
(982, 'Uriel', 'Montiel', 'Díaz', 29, 1, 2005, 2, 4, 0),
(983, 'Valente', 'Rodríguez', 'Ramírez', 26, 4, 2012, 2, 4, 1),
(984, 'Valeria', 'Deza', 'Arteaga', 19, 7, 2004, 1, 4, 1),
(985, 'Valeria', 'Primero', 'Lucas', 27, 11, 2007, 2, 4, 1),
(986, 'Valeria', 'Rodríguez', 'Ramírez', 17, 12, 2007, 1, 4, 1),
(987, 'Vivian Daniela', 'Valdéz', 'Álvarez', 17, 10, 1999, 1, 4, 1),
(988, 'Wendy Ivonne', 'Julio', 'Martínez', 28, 11, 2003, 1, 4, 1),
(989, 'William Ezequiel', 'Hernández', 'Sánchez', 12, 5, 2009, 2, 4, 1),
(990, 'Yadira', 'Jaimes', 'Domínguez', 3, 12, 2009, 1, 4, 1),
(991, 'Yahir', 'Ramírez', 'Hernández', 30, 1, 2003, 2, 4, 1),
(992, 'Yahir Saúl', 'Sandoval', 'Morales', 12, 4, 2003, 2, 4, 1),
(994, 'Yesica Monserrat', 'Torres', 'González', 23, 12, 2003, 1, 4, 1),
(995, 'Yessica Nayeli', 'Blando', 'Parra', 3, 6, 2010, 1, 4, 0),
(996, 'Yoseline Guadalupe', 'De La Cruz', 'Cruz', 9, 2, 2006, 1, 4, 0),
(997, 'Yuliana Kaori', 'Martínez', 'Pérez', 29, 10, 2008, 1, 4, 1),
(998, 'Zaida Dixia', 'González', 'Hernández', 30, 1, 2003, 1, 4, 1),
(999, 'Zaira Jazmín', 'Aviles', 'Zárate', 11, 7, 2008, 1, 4, 1),
(1000, 'Zoe Yamilé', 'Jaramillo', 'Olvera', 5, 3, 2014, 1, 4, 1),
(1001, 'Zuri Sarahí', 'Palomino', 'Pérez', 20, 9, 2012, 1, 4, 1),
(1002, 'Juan Pablo', 'Sánchez', NULL, 10, 10, 2000, 2, 1, 1),
(1003, 'Juan Pablo', 'Sánchez', NULL, 10, 10, 2000, 2, 1, 1),
(1004, 'Aracely', 'Medina', 'Corona', 1, 1, 2008, 1, 4, 1);

-- --------------------------------------------------------

--
-- Estructura de tabla para la tabla `ninos_padrinos`
--

CREATE TABLE IF NOT EXISTS `ninos_padrinos` (
  `ninos_idninos` int(11) NOT NULL,
  `padrinos_idpadrinos` int(11) NOT NULL,
  `donacion` int(11) DEFAULT NULL,
  `num_comidas` decimal(10,1) DEFAULT NULL,
  PRIMARY KEY (`ninos_idninos`,`padrinos_idpadrinos`),
  UNIQUE KEY `ninos_idninos` (`ninos_idninos`),
  UNIQUE KEY `ninos_idninos_2` (`ninos_idninos`),
  UNIQUE KEY `padrinos_idpadrinos` (`padrinos_idpadrinos`),
  UNIQUE KEY `padrinos_idpadrinos_2` (`padrinos_idpadrinos`),
  KEY `fk_ninos_has_padrinos_padrinos1_idx` (`padrinos_idpadrinos`),
  KEY `fk_ninos_has_padrinos_ninos_idx` (`ninos_idninos`)
) ENGINE=InnoDB DEFAULT CHARSET=utf8;

--
-- Volcado de datos para la tabla `ninos_padrinos`
--

INSERT INTO `ninos_padrinos` (`ninos_idninos`, `padrinos_idpadrinos`, `donacion`, `num_comidas`) VALUES
(1, 1194, -1, '-1.0'),
(2, 1160, -1, '-1.0'),
(3, 979, -1, '-1.0'),
(4, 690, -1, '-1.0'),
(5, 236, 105, '3.0'),
(6, 82, -1, '-1.0'),
(7, 1061, -1, '-1.0'),
(8, 322, -1, '-1.0'),
(9, 1269, -1, '-1.0'),
(10, 643, -1, '-1.0'),
(11, 634, -1, '-1.0'),
(12, 1320, 70, '2.0'),
(13, 755, -1, '-1.0'),
(14, 946, -1, '-1.0'),
(15, 712, -1, '-1.0'),
(17, 327, 35, '1.0'),
(18, 628, -1, '-1.0'),
(19, 15, -1, '-1.0'),
(20, 1285, -1, '-1.0'),
(21, 515, -1, '-1.0'),
(22, 415, -1, '-1.0'),
(23, 249, -1, '-1.0'),
(24, 524, -1, '-1.0'),
(25, 440, -1, '-1.0'),
(26, 128, -1, '-1.0'),
(27, 1273, -1, '-1.0'),
(28, 409, -1, '-1.0'),
(29, 95, -1, '-1.0'),
(30, 1190, -1, '-1.0'),
(31, 1272, -1, '-1.0'),
(32, 369, -1, '-1.0'),
(33, 708, -1, '-1.0'),
(34, 968, 105, '3.0'),
(35, 303, -1, '-1.0'),
(36, 64, -1, '-1.0'),
(37, 1145, -1, '-1.0'),
(38, 354, -1, '-1.0'),
(39, 722, -1, '-1.0'),
(40, 481, -1, '-1.0'),
(41, 344, -1, '-1.0'),
(42, 774, -1, '-1.0'),
(43, 270, -1, '-1.0'),
(44, 866, -1, '-1.0'),
(45, 878, -1, '-1.0'),
(47, 4, -1, '-1.0'),
(48, 5, -1, '-1.0'),
(49, 7, -1, '-1.0'),
(50, 843, -1, '-1.0'),
(51, 14, -1, '-1.0'),
(52, 1065, 105, '3.0'),
(53, 75, -1, '-1.0'),
(54, 59, -1, '-1.0'),
(55, 314, -1, '-1.0'),
(56, 1151, -1, '-1.0'),
(57, 366, 105, '3.0'),
(58, 974, -1, '-1.0'),
(59, 635, -1, '-1.0'),
(60, 101, -1, '-1.0'),
(61, 382, -1, '-1.0'),
(62, 464, 100, '2.9'),
(63, 196, -1, '-1.0'),
(64, 734, -1, '-1.0'),
(65, 193, -1, '-1.0'),
(66, 1237, -1, '-1.0'),
(67, 313, -1, '-1.0'),
(68, 876, -1, '-1.0'),
(69, 174, -1, '-1.0'),
(70, 545, 105, '3.0'),
(71, 1304, -1, '-1.0'),
(72, 1063, -1, '-1.0'),
(73, 1087, 30, '0.9'),
(74, 12, -1, '-1.0'),
(75, 859, -1, '-1.0'),
(76, 284, -1, '-1.0'),
(77, 665, -1, '-1.0'),
(78, 893, -1, '-1.0'),
(79, 377, -1, '-1.0'),
(80, 492, -1, '-1.0'),
(81, 243, -1, '-1.0'),
(82, 448, -1, '-1.0'),
(83, 118, -1, '-1.0'),
(84, 1059, -1, '-1.0'),
(85, 116, -1, '-1.0'),
(86, 564, -1, '-1.0'),
(87, 899, -1, '-1.0'),
(88, 51, -1, '-1.0'),
(89, 675, -1, '-1.0'),
(90, 393, -1, '-1.0'),
(91, 839, -1, '-1.0'),
(92, 154, -1, '-1.0'),
(93, 1271, -1, '-1.0'),
(94, 74, -1, '-1.0'),
(97, 1099, 35, '1.0'),
(99, 50, -1, '-1.0'),
(100, 315, -1, '-1.0'),
(101, 308, -1, '-1.0'),
(103, 768, -1, '-1.0'),
(104, 1350, -1, '-1.0'),
(105, 273, -1, '-1.0'),
(107, 96, -1, '-1.0'),
(108, 352, -1, '-1.0'),
(110, 669, 35, '1.0'),
(114, 907, -1, '-1.0'),
(115, 914, -1, '-1.0'),
(118, 1287, -1, '-1.0'),
(121, 758, -1, '-1.0'),
(122, 1261, -1, '-1.0'),
(125, 1340, -1, '-1.0'),
(127, 1467, -1, '-1.0'),
(128, 932, -1, '-1.0'),
(129, 642, -1, '-1.0'),
(130, 427, -1, '-1.0'),
(131, 16, -1, '-1.0'),
(132, 1461, -1, '-1.0'),
(134, 558, -1, '-1.0'),
(135, 847, 35, '1.0'),
(136, 1469, -1, '-1.0'),
(137, 8, -1, '-1.0'),
(138, 66, -1, '-1.0'),
(139, 1258, -1, '-1.0'),
(140, 920, 70, '2.0'),
(141, 1470, -1, '-1.0'),
(142, 18, -1, '-1.0'),
(143, 21, -1, '-1.0'),
(144, 145, -1, '-1.0'),
(145, 81, -1, '-1.0'),
(146, 1236, -1, '-1.0'),
(147, 1051, -1, '-1.0'),
(148, 57, -1, '-1.0'),
(149, 17, -1, '-1.0'),
(150, 1300, -1, '-1.0'),
(151, 31, -1, '-1.0'),
(152, 620, -1, '-1.0'),
(153, 37, -1, '-1.0'),
(154, 44, -1, '-1.0'),
(155, 287, -1, '-1.0'),
(156, 295, -1, '-1.0'),
(157, 41, 175, '5.0'),
(158, 197, -1, '-1.0'),
(159, 763, -1, '-1.0'),
(160, 300, -1, '-1.0'),
(161, 232, -1, '-1.0'),
(162, 11, 35, '1.0'),
(163, 910, -1, '-1.0'),
(164, 471, -1, '-1.0'),
(165, 474, -1, '-1.0'),
(166, 1322, -1, '-1.0'),
(167, 1250, -1, '-1.0'),
(168, 886, -1, '-1.0'),
(169, 45, -1, '-1.0'),
(170, 443, -1, '-1.0'),
(171, 111, -1, '-1.0'),
(172, 478, -1, '-1.0'),
(173, 383, -1, '-1.0'),
(174, 493, -1, '-1.0'),
(175, 1133, 175, '5.0'),
(176, 71, -1, '-1.0'),
(177, 522, -1, '-1.0'),
(178, 423, 70, '2.0'),
(179, 506, -1, '-1.0'),
(180, 452, -1, '-1.0'),
(181, 542, -1, '-1.0'),
(182, 238, 105, '3.0'),
(183, 543, -1, '-1.0'),
(184, 820, 500, '14.3'),
(185, 247, -1, '-1.0'),
(186, 450, -1, '-1.0'),
(187, 546, -1, '-1.0'),
(188, 556, -1, '-1.0'),
(189, 434, -1, '-1.0'),
(190, 72, -1, '-1.0'),
(191, 779, -1, '-1.0'),
(192, 557, -1, '-1.0'),
(194, 528, -1, '-1.0'),
(195, 566, -1, '-1.0'),
(196, 568, -1, '-1.0'),
(197, 151, -1, '-1.0'),
(198, 195, -1, '-1.0'),
(199, 1060, -1, '-1.0'),
(200, 572, -1, '-1.0'),
(201, 580, -1, '-1.0'),
(202, 124, -1, '-1.0'),
(203, 463, -1, '-1.0'),
(204, 1210, -1, '-1.0'),
(205, 502, 70, '2.0'),
(206, 596, -1, '-1.0'),
(207, 1297, -1, '-1.0'),
(208, 599, -1, '-1.0'),
(209, 1251, -1, '-1.0'),
(210, 603, -1, '-1.0'),
(211, 605, -1, '-1.0'),
(212, 259, -1, '-1.0'),
(213, 185, -1, '-1.0'),
(214, 618, -1, '-1.0'),
(215, 607, -1, '-1.0'),
(216, 1257, -1, '-1.0'),
(217, 1017, -1, '-1.0'),
(218, 626, -1, '-1.0'),
(219, 633, -1, '-1.0'),
(220, 636, -1, '-1.0'),
(221, 1023, -1, '-1.0'),
(222, 408, 35, '1.0'),
(223, 1027, -1, '-1.0'),
(224, 306, -1, '-1.0'),
(225, 1046, -1, '-1.0'),
(226, 639, -1, '-1.0'),
(227, 663, -1, '-1.0'),
(228, 679, -1, '-1.0'),
(229, 1016, -1, '-1.0'),
(230, 1348, -1, '-1.0'),
(231, 141, -1, '-1.0'),
(232, 806, -1, '-1.0'),
(233, 1008, -1, '-1.0'),
(234, 836, -1, '-1.0'),
(235, 1092, -1, '-1.0'),
(236, 1143, 35, '1.0'),
(237, 1109, -1, '-1.0'),
(238, 1115, -1, '-1.0'),
(239, 805, -1, '-1.0'),
(240, 1172, -1, '-1.0'),
(241, 263, -1, '-1.0'),
(242, 1191, -1, '-1.0'),
(243, 1255, -1, '-1.0'),
(244, 65, -1, '-1.0'),
(245, 1279, -1, '-1.0'),
(246, 1294, -1, '-1.0'),
(247, 107, -1, '-1.0'),
(248, 1327, -1, '-1.0'),
(249, 1351, -1, '-1.0'),
(250, 1228, -1, '-1.0'),
(251, 58, -1, '-1.0'),
(252, 115, -1, '-1.0'),
(253, 1471, 140, '4.0'),
(254, 304, 2, '0.1'),
(255, 257, -1, '-1.0'),
(256, 1185, 70, '2.0'),
(259, 1205, -1, '-1.0'),
(261, 698, -1, '-1.0'),
(262, 508, -1, '-1.0'),
(263, 1274, 140, '4.0'),
(264, 1032, -1, '-1.0'),
(265, 687, -1, '-1.0'),
(266, 1074, -1, '-1.0'),
(270, 486, -1, '-1.0'),
(271, 1334, -1, '-1.0'),
(273, 951, 70, '2.0'),
(274, 47, -1, '-1.0'),
(275, 1075, -1, '-1.0'),
(277, 152, -1, '-1.0'),
(278, 89, -1, '-1.0'),
(280, 940, 35, '1.0'),
(281, 256, 35, '1.0'),
(282, 693, -1, '-1.0'),
(283, 321, 35, '1.0'),
(285, 102, -1, '-1.0'),
(286, 222, -1, '-1.0'),
(287, 213, -1, '-1.0'),
(288, 1220, -1, '-1.0'),
(289, 900, -1, '-1.0'),
(290, 776, -1, '-1.0'),
(291, 1137, -1, '-1.0'),
(293, 833, 35, '1.0'),
(294, 1244, -1, '-1.0'),
(295, 119, -1, '-1.0'),
(296, 916, -1, '-1.0'),
(297, 209, -1, '-1.0'),
(298, 684, -1, '-1.0'),
(299, 162, -1, '-1.0'),
(301, 1005, -1, '-1.0'),
(302, 201, -1, '-1.0'),
(305, 53, -1, '-1.0'),
(306, 1224, -1, '-1.0'),
(308, 1239, -1, '-1.0'),
(311, 1154, -1, '-1.0'),
(313, 1400, 35, '1.0'),
(314, 192, -1, '-1.0'),
(315, 456, 70, '2.0'),
(318, 1203, -1, '-1.0'),
(319, 815, -1, '-1.0'),
(320, 248, -1, '-1.0'),
(321, 871, -1, '-1.0'),
(323, 131, -1, '-1.0'),
(325, 813, -1, '-1.0'),
(326, 817, -1, '-1.0'),
(329, 262, -1, '-1.0'),
(330, 1484, 105, '3.0'),
(331, 1339, -1, '-1.0'),
(332, 245, -1, '-1.0'),
(334, 235, -1, '-1.0'),
(335, 913, -1, '-1.0'),
(336, 971, 20, '0.6'),
(338, 885, 20, '0.6'),
(339, 883, -1, '-1.0'),
(341, 880, -1, '-1.0'),
(342, 1290, -1, '-1.0'),
(343, 251, 35, '1.0'),
(345, 936, 35, '1.0'),
(346, 760, 200, '5.7'),
(350, 1078, -1, '-1.0'),
(351, 666, -1, '-1.0'),
(352, 996, -1, '-1.0'),
(353, 1116, -1, '-1.0'),
(354, 100, -1, '-1.0'),
(355, 794, -1, '-1.0'),
(357, 563, -1, '-1.0'),
(358, 73, -1, '-1.0'),
(359, 1321, -1, '-1.0'),
(360, 1215, -1, '-1.0'),
(361, 1139, -1, '-1.0'),
(362, 211, -1, '-1.0'),
(364, 48, -1, '-1.0'),
(366, 76, -1, '-1.0'),
(367, 975, -1, '-1.0'),
(368, 430, -1, '-1.0'),
(370, 1245, -1, '-1.0'),
(371, 438, -1, '-1.0'),
(372, 1313, -1, '-1.0'),
(374, 468, -1, '-1.0'),
(376, 1080, -1, '-1.0'),
(377, 874, -1, '-1.0'),
(378, 674, -1, '-1.0'),
(381, 1341, -1, '-1.0'),
(382, 219, -1, '-1.0'),
(384, 769, -1, '-1.0'),
(386, 387, -1, '-1.0'),
(387, 512, -1, '-1.0'),
(388, 113, -1, '-1.0'),
(390, 801, -1, '-1.0'),
(391, 1214, -1, '-1.0'),
(392, 1254, -1, '-1.0'),
(394, 1071, -1, '-1.0'),
(395, 385, 35, '1.0'),
(396, 1055, -1, '-1.0'),
(398, 281, -1, '-1.0'),
(399, 87, -1, '-1.0'),
(400, 1338, -1, '-1.0'),
(401, 877, -1, '-1.0'),
(405, 1317, -1, '-1.0'),
(406, 175, -1, '-1.0'),
(407, 701, -1, '-1.0'),
(408, 846, 70, '2.0'),
(409, 1182, -1, '-1.0'),
(410, 153, -1, '-1.0'),
(413, 437, -1, '-1.0'),
(414, 835, 210, '6.0'),
(415, 1486, 175, '5.0'),
(417, 827, -1, '-1.0'),
(418, 374, 50, '1.4'),
(421, 109, -1, '-1.0'),
(422, 169, -1, '-1.0'),
(423, 651, -1, '-1.0'),
(424, 280, -1, '-1.0'),
(426, 436, -1, '-1.0'),
(427, 1256, -1, '-1.0'),
(430, 1520, 35, '1.0'),
(431, 351, 70, '2.0'),
(433, 718, 175, '5.0'),
(434, 134, 35, '1.0'),
(435, 274, -1, '-1.0'),
(436, 1352, -1, '-1.0'),
(437, 896, -1, '-1.0'),
(438, 323, 70, '2.0'),
(439, 189, 20, '0.6'),
(440, 547, 350, '10.0'),
(441, 1253, -1, '-1.0'),
(442, 749, -1, '-1.0'),
(443, 404, 70, '2.0'),
(445, 127, -1, '-1.0'),
(446, 993, -1, '-1.0'),
(447, 362, -1, '-1.0'),
(448, 156, -1, '-1.0'),
(449, 949, 20, '0.6'),
(451, 155, -1, '-1.0'),
(452, 226, -1, '-1.0'),
(453, 62, 175, '5.0'),
(454, 978, 35, '1.0'),
(455, 261, -1, '-1.0'),
(456, 242, 50, '1.4'),
(457, 69, -1, '-1.0'),
(459, 841, 35, '1.0'),
(460, 793, -1, '-1.0'),
(462, 92, -1, '-1.0'),
(465, 275, -1, '-1.0'),
(467, 844, -1, '-1.0'),
(468, 694, -1, '-1.0'),
(469, 840, -1, '-1.0'),
(470, 561, -1, '-1.0'),
(472, 412, -1, '-1.0'),
(475, 986, -1, '-1.0'),
(478, 752, -1, '-1.0'),
(480, 955, -1, '-1.0'),
(481, 147, -1, '-1.0'),
(483, 350, 35, '1.0'),
(484, 931, -1, '-1.0'),
(485, 857, -1, '-1.0'),
(487, 85, 35, '1.0'),
(489, 205, -1, '-1.0'),
(490, 938, 35, '1.0'),
(491, 1002, 35, '1.0'),
(493, 445, -1, '-1.0'),
(494, 705, -1, '-1.0'),
(496, 183, -1, '-1.0'),
(497, 231, -1, '-1.0'),
(498, 165, -1, '-1.0'),
(499, 999, 35, '1.0'),
(501, 1076, -1, '-1.0'),
(502, 278, -1, '-1.0'),
(503, 110, -1, '-1.0'),
(505, 68, -1, '-1.0'),
(506, 696, -1, '-1.0'),
(507, 159, -1, '-1.0'),
(510, 501, -1, '-1.0'),
(511, 260, -1, '-1.0'),
(512, 411, -1, '-1.0'),
(513, 799, -1, '-1.0'),
(516, 984, -1, '-1.0'),
(517, 272, -1, '-1.0'),
(518, 279, -1, '-1.0'),
(520, 441, -1, '-1.0'),
(521, 1282, -1, '-1.0'),
(524, 997, -1, '-1.0'),
(528, 1159, -1, '-1.0'),
(529, 361, -1, '-1.0'),
(530, 104, -1, '-1.0'),
(531, 1278, -1, '-1.0'),
(532, 1275, 15, '0.4'),
(534, 375, 70, '2.0'),
(535, 1195, -1, '-1.0'),
(536, 167, -1, '-1.0'),
(537, 1252, -1, '-1.0'),
(540, 1025, 70, '2.0'),
(542, 1354, -1, '-1.0'),
(543, 848, 35, '1.0'),
(544, 424, 35, '1.0'),
(545, 56, -1, '-1.0'),
(546, 1463, 105, '3.0'),
(551, 458, 70, '2.0'),
(553, 307, -1, '-1.0'),
(554, 13, -1, '-1.0'),
(557, 240, -1, '-1.0'),
(558, 814, -1, '-1.0'),
(559, 1162, -1, '-1.0'),
(560, 1293, -1, '-1.0'),
(561, 850, -1, '-1.0'),
(562, 122, -1, '-1.0'),
(564, 254, -1, '-1.0'),
(565, 854, -1, '-1.0'),
(566, 822, -1, '-1.0'),
(567, 710, -1, '-1.0'),
(569, 1217, 35, '1.0'),
(571, 754, -1, '-1.0'),
(572, 309, -1, '-1.0'),
(573, 808, -1, '-1.0'),
(574, 775, -1, '-1.0'),
(577, 230, -1, '-1.0'),
(578, 767, -1, '-1.0'),
(580, 252, -1, '-1.0'),
(581, 98, -1, '-1.0'),
(583, 845, -1, '-1.0'),
(586, 706, 35, '1.0'),
(589, 764, -1, '-1.0'),
(591, 1260, -1, '-1.0'),
(592, 345, -1, '-1.0'),
(593, 190, -1, '-1.0'),
(594, 244, -1, '-1.0'),
(595, 788, -1, '-1.0'),
(596, 724, -1, '-1.0'),
(598, 497, 35, '1.0'),
(599, 487, -1, '-1.0'),
(600, 1263, -1, '-1.0'),
(604, 142, 35, '1.0'),
(605, 198, -1, '-1.0'),
(608, 1264, -1, '-1.0'),
(609, 945, -1, '-1.0'),
(610, 1000, -1, '-1.0'),
(611, 648, -1, '-1.0'),
(612, 740, -1, '-1.0'),
(613, 267, 10, '0.3'),
(615, 973, -1, '-1.0'),
(616, 962, -1, '-1.0'),
(617, 963, 70, '2.0'),
(619, 1318, -1, '-1.0'),
(621, 184, -1, '-1.0'),
(622, 1144, -1, '-1.0'),
(623, 444, 70, '2.0'),
(624, 477, -1, '-1.0'),
(626, 432, -1, '-1.0'),
(628, 868, -1, '-1.0'),
(630, 446, -1, '-1.0'),
(632, 210, -1, '-1.0'),
(635, 356, -1, '-1.0'),
(637, 359, -1, '-1.0'),
(638, 433, -1, '-1.0'),
(640, 842, -1, '-1.0'),
(643, 1201, -1, '-1.0'),
(644, 1333, 70, '2.0'),
(645, 294, 105, '3.0'),
(646, 250, 70, '2.0'),
(647, 682, -1, '-1.0'),
(648, 511, -1, '-1.0'),
(649, 865, -1, '-1.0'),
(650, 933, 35, '1.0'),
(651, 1284, -1, '-1.0'),
(652, 420, -1, '-1.0'),
(653, 604, 70, '2.0'),
(654, 672, 70, '2.0'),
(656, 368, 105, '3.0'),
(657, 1041, -1, '-1.0'),
(658, 588, 50, '1.4'),
(660, 520, -1, '-1.0'),
(662, 489, -1, '-1.0'),
(663, 461, -1, '-1.0'),
(666, 709, -1, '-1.0'),
(667, 1306, -1, '-1.0'),
(668, 203, -1, '-1.0'),
(670, 467, -1, '-1.0'),
(671, 1202, -1, '-1.0'),
(674, 1305, -1, '-1.0'),
(675, 1242, 35, '1.0'),
(676, 38, -1, '-1.0'),
(677, 1056, 35, '1.0'),
(678, 624, -1, '-1.0'),
(680, 370, -1, '-1.0'),
(681, 994, 17, '0.5'),
(682, 180, -1, '-1.0'),
(684, 1165, -1, '-1.0'),
(685, 909, -1, '-1.0'),
(686, 632, -1, '-1.0'),
(687, 673, -1, '-1.0'),
(688, 228, -1, '-1.0'),
(689, 422, -1, '-1.0'),
(693, 52, -1, '-1.0'),
(694, 86, -1, '-1.0'),
(696, 112, -1, '-1.0'),
(697, 1276, -1, '-1.0'),
(698, 998, 175, '5.0'),
(699, 157, -1, '-1.0'),
(700, 703, -1, '-1.0'),
(701, 1066, -1, '-1.0'),
(702, 1067, 35, '1.0'),
(703, 27, -1, '-1.0'),
(704, 695, -1, '-1.0'),
(705, 1072, -1, '-1.0'),
(706, 863, -1, '-1.0'),
(707, 133, -1, '-1.0'),
(709, 470, -1, '-1.0'),
(711, 459, -1, '-1.0'),
(712, 1259, -1, '-1.0'),
(713, 873, 35, '1.0'),
(714, 407, 70, '2.0'),
(716, 498, 5, '0.1'),
(717, 867, -1, '-1.0'),
(718, 1132, 35, '1.0'),
(720, 1171, 35, '1.0'),
(721, 1174, 35, '1.0'),
(722, 442, -1, '-1.0'),
(723, 1049, 175, '5.0'),
(724, 429, -1, '-1.0'),
(727, 935, 70, '2.0'),
(728, 49, -1, '-1.0'),
(729, 188, -1, '-1.0'),
(732, 800, -1, '-1.0'),
(735, 753, 70, '2.0'),
(736, 849, -1, '-1.0'),
(737, 504, 10, '0.3'),
(739, 519, -1, '-1.0'),
(740, 720, -1, '-1.0'),
(741, 761, -1, '-1.0'),
(743, 1301, 20, '0.6'),
(744, 77, -1, '-1.0'),
(745, 783, -1, '-1.0'),
(747, 1216, 35, '1.0'),
(749, 140, -1, '-1.0'),
(750, 988, -1, '-1.0'),
(751, 1009, -1, '-1.0'),
(752, 623, -1, '-1.0'),
(753, 217, -1, '-1.0'),
(755, 608, -1, '-1.0'),
(756, 514, -1, '-1.0'),
(757, 736, -1, '-1.0'),
(758, 372, -1, '-1.0'),
(759, 214, -1, '-1.0'),
(766, 725, -1, '-1.0'),
(767, 972, -1, '-1.0'),
(768, 832, 35, '1.0'),
(770, 1033, -1, '-1.0'),
(771, 1069, -1, '-1.0'),
(773, 283, -1, '-1.0'),
(777, 276, 50, '1.4'),
(778, 1048, -1, '-1.0'),
(780, 465, 100, '2.9'),
(782, 1349, -1, '-1.0'),
(784, 1212, -1, '-1.0'),
(785, 93, -1, '-1.0'),
(786, 99, -1, '-1.0'),
(787, 138, -1, '-1.0'),
(789, 1079, -1, '-1.0'),
(790, 778, -1, '-1.0'),
(791, 54, -1, '-1.0'),
(792, 792, -1, '-1.0'),
(793, 255, -1, '-1.0'),
(796, 601, 35, '1.0'),
(797, 911, -1, '-1.0'),
(798, 1405, 35, '1.0'),
(799, 346, -1, '-1.0'),
(802, 435, -1, '-1.0'),
(804, 1295, -1, '-1.0'),
(805, 126, -1, '-1.0'),
(806, 1113, -1, '-1.0'),
(807, 336, -1, '-1.0'),
(808, 1004, 35, '1.0'),
(809, 1124, -1, '-1.0'),
(810, 258, -1, '-1.0'),
(811, 816, -1, '-1.0'),
(812, 449, -1, '-1.0'),
(813, 1247, -1, '-1.0'),
(814, 191, -1, '-1.0'),
(815, 187, -1, '-1.0'),
(818, 1266, -1, '-1.0'),
(819, 305, -1, '-1.0'),
(821, 891, -1, '-1.0'),
(822, 332, 70, '2.0'),
(823, 1288, -1, '-1.0'),
(826, 108, -1, '-1.0'),
(827, 948, 1, '0.0'),
(828, 821, -1, '-1.0'),
(829, 177, -1, '-1.0'),
(830, 1225, 105, '3.0'),
(831, 521, -1, '-1.0'),
(832, 510, -1, '-1.0'),
(834, 995, -1, '-1.0'),
(835, 796, -1, '-1.0'),
(836, 890, -1, '-1.0'),
(838, 212, -1, '-1.0'),
(839, 889, -1, '-1.0'),
(842, 862, -1, '-1.0'),
(844, 1022, 35, '1.0'),
(845, 90, -1, '-1.0'),
(846, 67, -1, '-1.0'),
(848, 1326, -1, '-1.0'),
(850, 1006, -1, '-1.0'),
(852, 312, 35, '1.0'),
(854, 838, -1, '-1.0'),
(855, 410, 70, '2.0'),
(856, 1037, -1, '-1.0'),
(857, 614, -1, '-1.0'),
(858, 1347, -1, '-1.0'),
(859, 529, -1, '-1.0'),
(860, 773, -1, '-1.0'),
(862, 650, -1, '-1.0'),
(864, 1219, -1, '-1.0'),
(865, 784, -1, '-1.0'),
(868, 97, -1, '-1.0'),
(870, 716, -1, '-1.0'),
(871, 807, -1, '-1.0'),
(873, 649, -1, '-1.0'),
(875, 897, -1, '-1.0'),
(876, 1034, -1, '-1.0'),
(877, 105, -1, '-1.0'),
(879, 1187, -1, '-1.0'),
(881, 1161, -1, '-1.0'),
(882, 1335, -1, '-1.0'),
(884, 466, -1, '-1.0'),
(885, 80, -1, '-1.0'),
(886, 428, -1, '-1.0'),
(888, 480, 35, '1.0'),
(889, 60, -1, '-1.0'),
(890, 494, -1, '-1.0'),
(891, 88, -1, '-1.0'),
(896, 302, 50, '1.4'),
(897, 738, -1, '-1.0'),
(901, 1134, 35, '1.0'),
(902, 683, -1, '-1.0'),
(905, 861, -1, '-1.0'),
(906, 786, -1, '-1.0'),
(907, 1192, -1, '-1.0'),
(910, 207, -1, '-1.0'),
(911, 685, -1, '-1.0'),
(912, 132, -1, '-1.0'),
(914, 809, -1, '-1.0'),
(917, 719, -1, '-1.0'),
(918, 729, -1, '-1.0'),
(919, 269, -1, '-1.0'),
(920, 1319, -1, '-1.0'),
(921, 731, -1, '-1.0'),
(922, 199, -1, '-1.0'),
(923, 1169, -1, '-1.0'),
(924, 114, -1, '-1.0'),
(927, 559, -1, '-1.0'),
(928, 780, -1, '-1.0'),
(929, 1292, -1, '-1.0'),
(930, 990, -1, '-1.0'),
(931, 123, -1, '-1.0'),
(932, 1070, -1, '-1.0'),
(934, 221, -1, '-1.0'),
(938, 457, -1, '-1.0'),
(939, 1057, -1, '-1.0'),
(940, 421, -1, '-1.0'),
(941, 289, 2, '0.1'),
(943, 747, -1, '-1.0'),
(944, 264, -1, '-1.0'),
(945, 912, -1, '-1.0'),
(947, 1015, -1, '-1.0'),
(948, 1045, -1, '-1.0'),
(951, 737, -1, '-1.0'),
(952, 923, -1, '-1.0'),
(953, 770, -1, '-1.0'),
(954, 282, -1, '-1.0'),
(955, 204, -1, '-1.0'),
(956, 1343, -1, '-1.0'),
(959, 176, -1, '-1.0'),
(960, 426, 35, '1.0'),
(962, 121, -1, '-1.0'),
(963, 1147, -1, '-1.0'),
(964, 91, 70, '2.0'),
(965, 117, -1, '-1.0'),
(966, 460, -1, '-1.0'),
(967, 1044, -1, '-1.0'),
(968, 237, -1, '-1.0'),
(969, 1026, -1, '-1.0'),
(970, 310, -1, '-1.0'),
(971, 723, -1, '-1.0'),
(972, 1036, -1, '-1.0'),
(974, 575, -1, '-1.0'),
(975, 129, -1, '-1.0'),
(976, 479, 350, '10.0'),
(977, 759, -1, '-1.0'),
(980, 991, -1, '-1.0'),
(981, 1330, -1, '-1.0'),
(983, 271, -1, '-1.0'),
(984, 803, -1, '-1.0'),
(985, 1303, -1, '-1.0'),
(986, 644, -1, '-1.0'),
(987, 802, -1, '-1.0'),
(988, 1232, -1, '-1.0'),
(989, 1105, -1, '-1.0'),
(990, 182, -1, '-1.0'),
(991, 717, -1, '-1.0'),
(992, 1373, 350, '10.0'),
(994, 1021, 35, '1.0'),
(997, 875, -1, '-1.0'),
(998, 484, 35, '1.0'),
(999, 750, -1, '-1.0'),
(1000, 881, -1, '-1.0'),
(1001, 860, -1, '-1.0'),
(1003, 488, -1, '-1.0'),
(1004, 1112, -1, '-1.0');

-- --------------------------------------------------------

--
-- Estructura de tabla para la tabla `padrinos`
--

CREATE TABLE IF NOT EXISTS `padrinos` (
  `idpadrinos` int(11) NOT NULL AUTO_INCREMENT,
  `num_empleado` varchar(45) DEFAULT NULL,
  `nombre` varchar(150) DEFAULT NULL,
  `correo` varchar(45) DEFAULT NULL,
  `padrino` int(1) DEFAULT '0',
  PRIMARY KEY (`idpadrinos`)
) ENGINE=InnoDB  DEFAULT CHARSET=utf8 AUTO_INCREMENT=1562 ;

--
-- Volcado de datos para la tabla `padrinos`
--

INSERT INTO `padrinos` (`idpadrinos`, `num_empleado`, `nombre`, `correo`, `padrino`) VALUES
(1, '123456', 'Carlos', 'nallely@deklan.net', 0),
(2, '666666', 'Nallely Flores Vicente', 'anjudark89@gmail.com', 0),
(4, '003983', 'URSULA CHAVEZ CUE', '', 1),
(5, '003969', 'AMELIA ELISABET RIBA CARTER', '', 1),
(6, '003965', 'JORGE EDUARDO BONILLA GARMENDIA', '', 0),
(7, '003964', 'MARLENE RAMIREZ SANABRIA', '', 1),
(8, '003963', 'MARIA DE LOURDES ARGUMEDO CERVERA', '', 1),
(9, '003962', 'DIEGO JAVIER NOVOA BURGOS', '', 0),
(10, '003812', 'CARMEN BELMONT MARTINEZ', '', 0),
(11, '003811', 'JANIS ESPINOSA RODRIGUEZ', 'janis.espinosa@alsea.com.mx', 1),
(12, '003801', 'KAREN YAREET RIOS POLITO', 'melissa.olivia@alsea.com.mx', 1),
(13, '003784', 'INES FERNANDEZ SANCHEZ', '', 1),
(14, '003767', 'MELISSA OLIVA BAUTISTA', '', 1),
(15, '003766', 'LIAM MORENO MARIN', '', 1),
(16, '003752', 'MARIA FERNANDA GONZALEZ ALVAREZ', '', 1),
(17, '003750', 'HUGO ALEJANDRO MEJIA MARTINEZ', '', 1),
(18, '003713', 'VIEDMA AREL SANCHEZ RODRIGUEZ', '', 1),
(19, '003691', 'CYNTHIA GARCIA DOMINGUEZ', '', 0),
(20, '003676', 'JESSYCA VIRIDIANA SANTIBAÑEZ SILVA', '', 0),
(21, '003628', 'DAFNE MARIA  WALTER  MEDINA ', '', 1),
(22, '003627', 'LUZ MARIA RAMIREZ Y RAMIREZ', '', 0),
(23, '003576', 'LESLI FATIMA CRUCES BENITEZ', '', 0),
(24, '003568', 'DULCE MARIA GARCIA GARCIA', '', 0),
(25, '003511', 'ADAN ORNELAS CABRERA', '', 0),
(26, '003509', 'PORFIRIO ARMANDO GARCÍA DE LEÓN MELO', '', 0),
(27, '003506', 'CLAUDIA LETICIA SAUCEDO ANDRIANO', 'leticia.saucedo@alsea.com.mx', 1),
(28, '003505', 'LUIS ANTONIO GARCIA ROJAS', '', 0),
(29, '003503', 'JOSE ANDRES BUSTILLOS MUCIÑO', '', 0),
(30, '003480', 'LAURENCIO LOPEZ TORRES', '', 0),
(31, '003421', 'ERIKA EMMA NUÑEZ AGUILAR', '', 1),
(32, '003338', 'BEATRIZ ADRIANA VAZQUEZ SOTO', '', 0),
(33, '003251', 'KARLA IVONNE SANSORES AGUILAR', '', 0),
(34, '003190', 'FRANCISCO JAVIER LOREDO ESPARZA', '', 0),
(35, '003134', 'GUSTAVO RAFAEL MORENO MEJIA', '', 0),
(36, '003085', 'MARIA DE LA LUZ LUGO PADILLA', '', 0),
(37, '003071', 'KARLA JANETTE IBARRA GUERRERO', '', 1),
(38, '003038', 'ELBA SOCORRO VILLASEÑOR SANTANA', '', 1),
(39, '003021', 'CRISTHIAN ARMANDO HERRERA CENTENO', '', 0),
(40, '002941', 'JAIME FLORENCIO VALLEJO GAMEZ', '', 0),
(41, '002940', 'LUIS RAUL MORALES ARREOLA', 'lmorales@alsea.com.mx', 1),
(42, '002833', 'ALINE MIRANDA ARROYO', '', 0),
(43, '002657', 'MARCO ANTONIO DUEÑAS LOPEZ', '', 0),
(44, '002306', 'ELISA ALMOGABAR OSORIO', '', 1),
(45, '002269', 'LYDIE MONTIEL GUINOT', 'ita_universidad@italiannis.com.mx', 1),
(46, '002021', 'MARIA ADELA ZAPATA REYES', '', 0),
(47, '001741', 'JUAN JOSE ZAMORA GUZMAN', '', 1),
(48, '001708', 'PABLO CASTILLO GARCIA', '', 1),
(49, '001686', 'JOSE ALBERTO SANCHEZ NIETO', '', 1),
(50, '003883', 'ADRIANA JUAREZ TORRES', '', 1),
(51, '003704', 'FRANCISCO MANUEL CARPINTERO SAENZ', '', 1),
(52, '003697', 'TONATIUH ALFONSO LOPEZ MARQUEZ', '', 1),
(53, '003525', 'LUIS OCTAVIO PEREZ NIEVES', '', 1),
(54, '003461', 'KARENINA ESTRADA URIBE', '', 1),
(55, '003460', 'JUAN ANDRES BERNABE CRUZ', '', 0),
(56, '002632', 'MIGUEL ANGEL GONZALEZ RODRIGUEZ', '', 1),
(57, '002613', 'JUAN MANUEL LUGO SANCHEZ', '', 1),
(58, '002542', 'ROCIO LOPEZ LOPEZ', '', 1),
(59, '002003', 'ALEJANDRO ZAPATA VALDEZ', 'alejandro.zapata@cpkmexico.com.mx', 1),
(60, '001180', 'PAOLA ARCE JUAREZ', '', 1),
(61, '003949', 'CESAREO RAMON MARTIN CARVAJAL GUAJARDO', '', 0),
(62, '003923', 'EVA MARIA DEL CARMEN RABAGO VITAL ', 'eva.rabago@alsea.com.mx', 1),
(63, '003880', 'CONSUELO MARIA FRANCO GARZA', '', 0),
(64, '003786', 'MARIA GABRIELA OLMEDO AGUILAR', '', 1),
(65, '003727', 'MARTHA EUNICE VILCHIS PUENTE', '', 1),
(66, '003695', 'DIEGO FERNANDEZ DIAZ', '', 1),
(67, '003673', 'REGINA GUTIERREZ DE LA PARRA', '', 1),
(68, '003611', 'GERARDO RIVERA SANDOVAL', '', 1),
(69, '003567', 'CINTIA GABRIELA RAMIREZ FERNANDEZ', '', 1),
(70, '003448', 'RUTH PAOLA DE LUNA RUIZ', '', 0),
(71, '003054', 'LEIDY DIANA CRUZ CRUZ', '', 1),
(72, '002645', 'THALIA ANTONIETA MARRUN SANCHEZ', 'thalia.marrun@alsea.com.mx', 1),
(73, '002517', 'JESUS ALBERTO CEDEÑO OJEDA', 'jesus-alberto.cedeno@alsea.com.mx', 1),
(74, '002504', 'JORGE CHRISTIAN GURRIA DUBERNARD', 'christian.gurria@alsea.com.mx', 1),
(75, '001688', 'JOSE GUADALUPE RAMIREZ GONZALEZ', 'jose.ramirez@lsea.com.mx', 1),
(76, '000410', 'JESUS APOLINAR FLORES JIMENEZ', '', 1),
(77, '000009', 'DANIEL GONZALEZ GONZALEZ', '', 1),
(78, '003897', 'LUCERO RIVERA FLORES', '', 0),
(79, '003861', 'JORGE ALEJANDRO LEYTTHE CHAVEZ', '', 0),
(80, '003675', 'ANA LAURA DEL VALLE INCLAN', '', 1),
(81, '003674', 'MARIA TERESA TENORIO GARCIA', '', 1),
(82, '003671', 'MARICARMEN MEJIA MARTINEZ', '', 1),
(83, '003641', 'JORGE ANTONIO GARCIA ROMERO', '', 0),
(84, '003566', 'VICTOR MANUEL HUERTA GARCIA', '', 0),
(85, '003516', 'BRENDA VERONICA  JAIMES  OLVERA ', 'brenda.jaimes@chilismexico.com.mx', 1),
(86, '003367', 'JACQUELINE FERIA PLATA', '', 1),
(87, '003274', 'MAYRA VERONICA PINEDA POMAR', 'mayra.pineda@chilismexico.com.mx', 1),
(88, '002890', 'DAVID ERNESTO SOLIS DE LA FUENTE', '', 1),
(89, '002889', 'JUAN ARMANDO VARGAS GARCIA', '', 1),
(90, '002705', 'JUDITH VIVEROS GARCIA', '', 1),
(91, '002391', 'FERNANDO CORONA MENDEZ', 'fernando.corona@chilismexico.com.mx', 1),
(92, '001635', 'JESUS GOMEZ GARCIA', '', 1),
(93, '000057', 'RICARDO IBARRA GONZALEZ', '', 1),
(94, '003875', 'SERGIO FRANCISCO CAMPOS VELAZQUEZ', '', 0),
(95, '003828', 'PATRICIA VENCES VIVANCO', '', 1),
(96, '003806', 'MARIO TREJO INOCENCIO', '', 1),
(97, '003805', 'JORGE FERNANDO ALVARADO  CRUZ', '', 1),
(98, '003804', 'ESTEBAN COLLAZO ASCENCIO', '', 1),
(99, '003736', 'ROY FRANCISCO ROMERO TENORIO', '', 1),
(100, '003696', 'HECTOR MANUEL HUERTA RODRIGUEZ', '', 1),
(101, '003646', 'VANESSA MICHEL ZAMUDIO NEELS', '', 1),
(102, '003536', 'ENRIQUE PELAEZ ABREGO', '', 1),
(103, '003484', 'JORGE ARTURO DIAZ REYNA', '', 0),
(104, '003420', 'SANDRA ESPERANZA EVANGELISTA CONTRERAS', 'sandra.evangelista@alsea.com.mx', 1),
(105, '003212', 'SAUL ANTONIO ALCANTAR TINAJERO', 'saul.alcantar@alsea.com.mx', 1),
(106, '002871', 'NESTOR ANGEL RODRIGUEZ CAMACHO', '', 0),
(107, '002769', 'ESTRELLA JENIFFER HERNANDEZ TORO', '', 1),
(108, '002717', 'IGNACIO MEZA TORRES', '', 1),
(109, '002038', 'JUAN CARLOS CASIMIRO HUERTERO', '', 1),
(110, '001853', 'KAREN GONZALEZ BRAVO', '', 1),
(111, '001487', 'AMPARO ELIZABETH ASTUDILLO SALVADOR', '', 1),
(112, '001454', 'ROSARIO DELIA PACHECO MOTA', '', 1),
(113, '001097', 'CARMEN ADRIANA CASTRO MIRON', '', 1),
(114, '000835', 'JORGE EDGARDO MOLINA MENDEZ', '', 1),
(115, '000541', 'JOSE EDILBERTO MARTIN LUGO', '', 1),
(116, '000141', 'GUILLERMO VILLANEDA GONZALEZ', '', 1),
(117, '003070', 'OSCAR RENATO MERCADO ISLAS', '', 1),
(118, '003970', 'MIGUEL ANGEL LOPEZ RICO', '', 1),
(119, '003952', 'RODRIGO ARANDA SANTAMARIA', '', 1),
(120, '003951', 'JOSE ISAEL SANCHEZ RUIZ', '', 0),
(121, '003915', 'MARIA GUADALUPE ISLAS BARRAGAN', '', 1),
(122, '003903', 'JUAN CARLOS CRUZ MARTINEZ', '', 1),
(123, '003902', 'JUAN FERNANDO GARRIDO LUNA', '', 1),
(124, '003901', 'JOSE ALEJANDRO PALACIOS TOLEDO', '', 1),
(125, '003900', 'MARIA DEL CARMEN MONROY GONZÁLEZ', '', 0),
(126, '003899', 'RICARDO LEON VALADEZ', '', 1),
(127, '003898', 'LUIS ALBERTO ANGEL RIOS', '', 1),
(128, '003896', 'RUBEN NICOLAS JIMENEZ', '', 1),
(129, '003895', 'RAFAEL ROMERO LOPEZ', '', 1),
(130, '003873', 'SUSANA EDITH GONZALEZ RAMIREZ', '', 0),
(131, '003836', 'JUAN FRANCISCO VALADEZ FELIX', '', 1),
(132, '003827', 'FIDEL ROBLEDO MENDOZA', '', 1),
(133, '003826', 'GUADALUPE SANCHEZ CHAVEZ', '', 1),
(134, '003796', 'VERONICA TEMIMILPA ESPINAL', 'veronica.temimilpa@alsea.com.mx', 1),
(135, '003795', 'OLGA LUISA LOPEZ MORIN', '', 0),
(136, '003794', 'DEYKA GABRIELA CHAVEZ SORIA', '', 0),
(137, '003793', 'ERIKA ANALCO ROJAS', '', 0),
(138, '003719', 'MAURICIO ALBERTO MARRERO CHAPA', '', 1),
(139, '003705', 'LUZ DEL CARMEN RODRIGUEZ DURANT RODRIGUEZ', '', 0),
(140, '003703', 'KARLA CECILIA GARCIA FLORES', '', 1),
(141, '003689', 'MICHELLE CLEMENTINA CORTES HIPOLITO', '', 1),
(142, '003666', 'JANETH IVONNE MORALES CRUZ', 'janeth.morales@alsea.com.mx', 1),
(143, '003662', 'ADALINA MONTIEL CASTELLON', '', 0),
(144, '003658', 'EMILIO MIRAMONTES ARAIZA', '', 0),
(145, '003654', 'ERICK ROSALES MARTINEZ', '', 1),
(146, '003639', 'JESSICA MARTINEZ JIMENEZ', '', 0),
(147, '003637', 'MARIA DEL ROSARIO CRUZ TREJO', '', 1),
(148, '003632', 'ARTURO CRUZ OSORIO', '', 0),
(149, '003631', 'VERONICA YANET FIERROS MUNGUIA', '', 0),
(150, '003626', 'GERARDO IVAN CARRILLO ENRIQUEZ', '', 0),
(151, '003625', 'LETICIA PASCUAL YESCAS', '', 1),
(152, '003624', 'EDUARDO RODRIGUEZ RODRIGUEZ', '', 1),
(153, '003614', 'LIZETH MARIA GALLARDO LOPEZ', '', 1),
(154, '003579', 'LUIS ALBERTO ACATITLA RUIZ', '', 1),
(155, '003578', 'MILTON CHRISTIAN VARGAS DOMINGUEZ', '', 1),
(156, '003544', 'VICENTE GERARDO  ESPEJEL BLANCAS', '', 1),
(157, '003519', 'CESAR ALEJANDRO JIMAREZ CEPEDA', '', 1),
(158, '003508', 'MARCELA NAYELLI MARTINEZ SALDAÑA', '', 0),
(159, '003504', 'SALVADOR PAREDES PAREDES', '', 1),
(160, '003495', 'JOSEFINA MARITZA  RAMIREZ VERA', '', 0),
(161, '003477', 'RODRIGO CRUZ TORRES', '', 0),
(162, '003476', 'BELEM KARINA FIGUEROA DUCOING', '', 1),
(163, '003468', 'FRANCISCO JAVIER JUAMBELZ CORTES', '', 0),
(164, '003457', 'MYRNA AGUILAR ESTEVEZ', '', 0),
(165, '003456', 'DIEGO ARMANDO BARCENA PADILLA', '', 1),
(166, '003449', 'DIEGO MENDOZA NOGUERON', '', 0),
(167, '003436', 'EDER JOSE RIVERA MONDRAGON', '', 1),
(168, '003432', 'ANDRES IVAN KOYOC TUN', '', 0),
(169, '003431', 'LUIS GERARDO TORRES CANO', 'luis.torres@alsea.com.mx', 1),
(170, '003430', 'MARIA DEL CARMEN LARA GARCIA', '', 0),
(171, '003425', 'AARON ARVEA CASTRO', '', 0),
(172, '003424', 'ANDREA URBINA ZAVALA', '', 0),
(173, '003406', 'JAHIR PABLO CHAVEZ CHAVEZ', '', 0),
(174, '003391', 'MONICA GOMEZ ROJI', 'monica.gomez@alsea.com.mx', 1),
(175, '003386', 'FATIMA ANAHID MARTINEZ TAPIA', '', 1),
(176, '003385', 'FRANCISCO GARBRIEL SANCHEZ  MIRON', '', 1),
(177, '003365', 'ISIS DZUARA HERRERA CABRERA', '', 1),
(178, '003364', 'NILZA GABRIELA RUIZ IBARRA', '', 0),
(179, '003333', 'ISRAEL DE JESUS LOPEZ FLORES', '', 0),
(180, '003277', 'KARLA MARLENE MARTINEZ LOPEZ', '', 1),
(181, '003275', 'ALAN CASTREJON GALLEGOS', '', 0),
(182, '003225', 'MARCELO TORRES SALDAÑA', '', 1),
(183, '003224', 'DIANA NELLY VARGAS ZARAZUA', '', 1),
(184, '003164', 'FERNANDO EMMANUEL FLORES DE HOYOS', '', 1),
(185, '003163', 'JEAN CARLO FRAGA JAIMES', '', 1),
(186, '003102', 'NANCY LOPEZ PACHECO', '', 0),
(187, '003101', 'LORENZO ANTONIO GALINDO CRUZ', '', 1),
(188, '003100', 'ANDRES JUAREZ MARTINEZ', '', 1),
(189, '003094', 'OSCAR IVAN CEDEÑO CUEVAS', 'oscar.cedeno@alsea.com.mx', 1),
(190, '003093', 'BLANCA ABIGAIL GUTIERREZ FLORES', 'blanca.gutierrez@alsea.com.mx', 1),
(191, '003092', 'JESUS RAFAEL GALVAN RIVAS', '', 1),
(192, '003089', 'JULIO CESAR LOPEZ PRIETO', '', 1),
(193, '003079', 'RAFAEL ISLAS RODRIGUEZ', '', 1),
(194, '003078', 'GERARDO PEREZ GOMORA', '', 0),
(195, '003065', 'MONICA MONDRAGON WATLA', '', 1),
(196, '003028', 'HECTOR OCTAVIO VILCHES LANDIN', '', 1),
(197, '002969', 'FERNANDO AGUILAR MEZA', '', 1),
(198, '002959', 'MIGUEL SANDOVAL VALLE', '', 1),
(199, '002958', 'EDGAR JESUS CARDENAS BUENDIA', '', 1),
(200, '002957', 'LILIANA GONZALEZ CARTEÑO', '', 0),
(201, '002952', 'NORMA PEREZ GUZMAN', '', 1),
(202, '002944', 'EUSEBIO MATA GARCIA', '', 0),
(203, '002918', 'BLANCA ROSA CEDILLO ARROYO', '', 1),
(204, '002917', 'RAMIRO TERAN LOPEZ', '', 1),
(205, '002899', 'ALEJANDRA MORAN JIMENEZ', '', 1),
(206, '002885', 'JENNIFER ESQUIVEL LOPEZ', '', 0),
(207, '002873', 'RAYMUNDO CESAR ROCHA CID', '', 1),
(208, '002865', 'VICTOR MANUEL MARRON BERRUECOS', '', 0),
(209, '002802', 'SANDRA YANELI SANDOVAL GARCIA', '', 1),
(210, '002801', 'NORETH ANDREA ARENAS MENDEZ', '', 1),
(211, '002774', 'CAROLINA MATIAS ACEVEDO', '', 1),
(212, '002724', 'ANA VALERIA FARIAS GONZALEZ', '', 1),
(213, '002723', 'GUSTAVO ONOFRE RODRIGUEZ', '', 1),
(214, '002722', 'JORGE CARRILLO LEYTE', '', 1),
(215, '002721', 'NORMA ANGELICA MARTINEZ BECERRA', '', 0),
(216, '002720', 'MARIA DEL CARMEN ZAVALA VAZQUEZ', '', 0),
(217, '002684', 'MARELY ARAUJO ORTIZ', '', 1),
(218, '002597', 'JAIME RODRIGUEZ RODRIGUEZ', '', 0),
(219, '002590', 'ERIKA MARIA SANTANA VALDEZ', '', 1),
(220, '002549', 'MARIA DE LOS ANGELES URRETA TORRES', '', 0),
(221, '002540', 'LAURA MARLENE SANCHEZ DURAN', '', 1),
(222, '002539', 'SMIRNA MIRELLE BERISTAIN MONTIEL', '', 1),
(223, '002493', 'DANIEL MUÑOZ PALOMO', '', 0),
(224, '002492', 'BRENDA ELIZABETH DON JUAN GONZALEZ', '', 0),
(225, '002491', 'ANGELA ELIZABETH AGUILAR CONTRERAS', '', 0),
(226, '002490', 'DIANA LIZBETH HERNANDEZ ORTEGA', '', 1),
(227, '002478', 'YERRARY DEL BOSQUE MARTINEZ', '', 0),
(228, '002477', 'CARMEN ADRIANA CHAVARRIA MARTINEZ', 'carmen-adriana.chavarria@alsea.com.mx', 1),
(229, '002476', 'ALBA LETICIA SOTO CASTRO', '', 0),
(230, '002458', 'CYNTHIA SALAZAR GONZALEZ', '', 1),
(231, '002457', 'JOSE SAMUEL MIER CHAVEZ', '', 1),
(232, '002456', 'ELIZABETH ARGOTT MENDOZA', 'elizabeth.argot@alsea.com.mx', 1),
(233, '002442', 'ESMERALDA VIRGINIA RODRIGUEZ CASTAÑEDA', '', 0),
(234, '002402', 'LILIANA COLIN SANCHEZ', '', 0),
(235, '002386', 'IMER GILBERTO CAZARES NAVARRO', '', 1),
(236, '002290', 'JOEL RIGOBERTO CORONA RICO', 'jcoronar@alsea.com.mx', 1),
(237, '002273', 'JOEL NAVARRETE SORIANO', '', 1),
(238, '002271', 'SILVIA ADRIANA MOLINA COTA', 'smolina@alsea.com.mx', 1),
(239, '002237', 'KARLA PATRICIA MELENDREZ OBREGON', '', 0),
(240, '002223', 'JUAN CARLOS MOLOTLA JIMENEZ', 'jmolotla', 1),
(241, '002115', 'ROSENDA GUADALUPE DIAZ VALDEZ', '', 0),
(242, '001997', 'VICTORIA ALEJANDRA SAUCEDO GONZALEZ', 'visaucedog@alsea.com.mx', 1),
(243, '001968', 'OMAR TORRES ORTEGA', '', 1),
(244, '001921', 'FELIX AMADOR MARTINEZ', '', 1),
(245, '001920', 'ALMA ANDREA MARTINEZ ANGEL', '', 1),
(246, '001892', 'LUIS ALEJANDRO SAFA BARAJAS', '', 0),
(247, '001891', 'ISRAEL LEAL AGUIRRE', '', 1),
(248, '001890', 'MOISES ARMANDO VAZQUEZ SANCHEZ', '', 1),
(249, '001807', 'ISIS ANGELICA HERNANDEZ GARZA', '', 1),
(250, '001797', 'ROCIO GABRIELA GARCIA SAAVEDRA', 'rgarcia@alsea.com.mx', 1),
(251, '001782', 'CHRISTIAN GUADALUPE HERNANDEZ GONZALEZ', 'chernandez@alsea.com.mx', 1),
(252, '001599', 'ALAN RAMSES PALOMERA CALDERON', '', 1),
(253, '001518', 'ALMA ERIKA SANCHEZ BENAVIDES', '', 0),
(254, '001402', 'MIGUEL ANGUEL OLALDE NUÑEZ', '', 1),
(255, '001392', 'ALEJANDRA ALCANTAR CORRAL', '', 1),
(256, '001391', 'IMELDA GALVEZ ROMAN', 'igalvez@alsea.com.mx', 1),
(257, '001386', 'NADIA BERENICE MARTINEZ VAZQUEZ', '', 1),
(258, '001385', 'ERNESTO MORENO NIETO', '', 1),
(259, '001384', 'ANDREA GONZALEZ AVILA', '', 1),
(260, '001381', 'YOLANDA MENDOZA TORRES', 'ymendoza', 1),
(261, '001379', 'PAULA FELIX SANTOS', '', 1),
(262, '001341', 'MARCO ANTONIO NAVA GARCIA', 'mnava@alsea.com.mx', 1),
(263, '001317', 'ADRIANA SANTAMARIA VALLEJO', 'asantamariav@alsea.com.mx', 1),
(264, '001244', 'TANIA ALONSO TELLEZ GIRON', 'talonso@alsea.com.mx', 1),
(265, '001206', 'MIRNA DALIA FIGUEROA HERNANDEZ', '', 0),
(266, '001096', 'THYANI RADHARANI CAMACHO OLIVARES', '', 0),
(267, '000994', 'DYANA LAURA MARCELA GONZALEZ GARZA', 'dygonzalez@alsea.com.mx', 1),
(268, '000928', 'MARGARITA HERNANDEZ BARRIOS', '', 0),
(269, '000896', 'JOSE ANTONIO QUIROZ VERGARA', 'jaquiroz@alsea.com.mx', 1),
(270, '000766', 'ELOY RENE SALAS RIVERA', '', 1),
(271, '000765', 'GUILLERMO OLMEDO OLIVARES', '', 1),
(272, '000764', 'LAURA SOPERANEZ FRANCO', 'lsopera@alsea.com.mx', 1),
(273, '000750', 'ERNESTO ADAN LUGO PEREZ', '', 1),
(274, '000748', 'MARIA DE JESUS VELAZQUEZ MEDINA', '', 1),
(275, '000739', 'BAUDELIO CARLOS VILLANUEVA ORTIZ', '', 1),
(276, '000737', 'RAMIRO IBARRA LOZANO', 'ramibarra@alsea.com.mx', 1),
(277, '000736', 'OMAR DUEÑEZ MUÑOZ', '', 0),
(278, '000735', 'HUGO ALBERTO CABRERA FELIX', '', 1),
(279, '000728', 'AMADA GABRIELA MEDRANO BELTRAN', '', 1),
(280, '000717', 'OLIVIA SIMONS REYES', '', 1),
(281, '000716', 'RODRIGO SUAREZ ESPINOSA', '', 1),
(282, '000696', 'ELIZABETH MEDRANO BOYZO', '', 1),
(283, '000686', 'GABRIEL RAMIREZ MORALES', '', 1),
(284, '000685', 'SANDRA JIMENEZ CORTES', 'sjimenez@alsea.com.mx', 1),
(285, '000659', 'JOSE LUIS FERRER LOYO', '', 0),
(286, '000100', 'EDUARDO CASTILLO SANTIBANEZ', '', 0),
(287, '003988', 'MIGUEL ANGEL MALVAEZ GUTIERREZ ', '', 1),
(288, '003987', 'MANUEL HERNANDEZ RAMOS', '', 0),
(289, '003986', 'JOSE LUIS  NERI VEGA', 'jose.neri@alsea.com.mx', 1),
(290, '003985', 'JAVIER EDUARDO MOLINA MALDONADO', '', 0),
(291, '003979', 'ERICK DANIEL GAMA GUILLEN', '', 0),
(292, '003978', 'FERNANDO JUNIOR HERNANDEZ LUNA', '', 0),
(293, '003975', 'DAVID PERALTA MIRANDA', '', 0),
(294, '003974', 'DANIEL PULIDO OLMOS', 'danie.pulido@alsea.com.mx', 1),
(295, '003967', 'JOSE ALBERTO VARGAS ROSAS', '', 1),
(296, '003944', 'LUIS ALBERTO PERALTA BUSTOS', '', 0),
(297, '003926', 'LILIAN AYME RAMIREZ SILVA', '', 0),
(298, '003918', 'IRMA ESTHER AGUIRRE GARDUÑO', '', 0),
(299, '003889', 'ROBERTO CAMARILLO GONZALEZ', '', 0),
(300, '003888', 'JAVIER HORTIALES ALONSO', '', 1),
(301, '003854', 'ASTRID GERALDINE MORALES SOLIS', '', 0),
(302, '003852', 'IVAN RAFAEL OLVERA MORENO', 'ivan.olvera@alsea.com.mx', 1),
(303, '003846', 'ROBERTO BECERRIL VAZQUEZ', '', 1),
(304, '003844', 'DAVID ROMHAN TORRES', 'david.romhan@alsea.com.mx', 1),
(305, '003840', 'EDSON RODRIGO QUINTANA GONZALEZ', '', 1),
(306, '003839', 'MARIA DEL MAR SOTELO MORENO', '', 1),
(307, '003831', 'JOEL DOMINGUEZ CARRILLO', '', 1),
(308, '003830', 'LUIS ASDRUBAL VALLADARES CARRILES', '', 1),
(309, '003829', 'HUMBERTO GERARDO MORALES SUAREZ', '', 1),
(310, '003820', 'FRANCISCO MANUEL ESCALONA GOMEZ', '', 1),
(311, '003814', 'HUMBERTO NAVA RIVERA', 'humberto.nava@alsea.com.mx', 0),
(312, '003813', 'OSCAR MARTIN ORNELAS ZARATE', 'oscar.ornelas@alsea.com.mx', 1),
(313, '003778', 'JAIME ALEJANDRO RIVAS SONI', 'jaime.rivas@alsea.com.mx', 1),
(314, '003768', 'ARMANDO PALOMARES ALVA', 'armando.palomares@alsea.com.mx', 1),
(315, '003760', 'IVAN ZAMARRON GOMEZ', '', 1),
(316, '003712', 'LAURA VÁZQUEZ GONZÁLEZ', '', 0),
(317, '003710', 'EVA LETICIA CHAVEZ HIDALGO', '', 0),
(318, '003701', 'ALEJANDRO ARREGUI GONZALEZ', '', 0),
(319, '003683', 'JUAN ZAMORA CRUZ', '', 0),
(320, '003672', 'CARLOS ALFONSO PEREZ ALVAREZ', '', 0),
(321, '003670', 'FRANCISCO ALEJANDRO CELEDON CUEVAS', 'francisco-alejandro.celedon@alsea.com.mx', 1),
(322, '003660', 'HERMILO CALDERON TEPEXY', 'hermilo.calderon@alsea.com.mx', 1),
(323, '003655', 'OMAR PAZ GAMA GUILLEN', 'omar.paz@alsea.com.mx', 1),
(324, '003617', 'CLAUDIO AARON OBREGON RIOS', 'claudio.obregon@alsea.com.mx', 0),
(325, '003616', 'IVAN ALEJANDRO GUTIERREZ MEJIA', '', 0),
(326, '003600', 'JOSE CARLOS MUÑOZ MENDEZ', '', 0),
(327, '003584', 'FABRICIO CADENA HERNANDEZ', 'fabricio.cadena@alsea.com.mx', 1),
(328, '003577', 'GERARDO ALFONSO DELEANDRO CARREÑO', 'gerardo.deleandro@alsea.com.mx', 0),
(329, '003561', 'JOSE DANIEL CASTILLO URIBE', '', 0),
(330, '003555', 'CLAUDIA EUGENIA MEDINA CONTRERAS', '', 0),
(331, '003546', 'PEDRO ADAIR MENDIZABAL ROJAS', '', 0),
(332, '003538', 'MÓNICA ELIDEÉ REYES TORRES', 'monica.reyes@alsea.com.mx', 1),
(333, '003531', 'ALDO ORTIZ ALVARADO', '', 0),
(334, '003523', 'JUAN SALVADOR SANCHEZ RUVALCABA', '', 0),
(335, '003502', 'LUIS ANTONIO HUERTA SANCHEZ', 'luis.huerta@alsea.com.mx', 0),
(336, '003483', 'RICARDO CESAR OLVERA MARTINEZ', '', 1),
(337, '003438', 'FERNANDO AYALA MEZA', '', 0),
(338, '003426', 'JUAN CARLOS OCHOA MEDINA', '', 0),
(339, '003416', 'ANGEL DE JESUS HERNÁNDEZ MEJÍA', '', 0),
(340, '003415', 'JORGE FERNANDO DOMINGUEZ ALONSO', '', 0),
(341, '003414', 'LUIS RODRIGO CASTILLO TELLO', '', 0),
(342, '003400', 'JONATHAN JAIR CONTRERAS HERNÁNDEZ', '', 0),
(343, '003397', 'ARES HERNANDEZ HERNANDEZ', '', 0),
(344, '003395', 'ERIK CAMPOS MORENO', 'erick.campos@alsea.com.mx', 1),
(345, '003362', 'DAVID ISRAEL HERNANDEZ LUNA ', '', 1),
(346, '003357', 'SALVADOR LIZARDO APONTE ESCALANTE', 'salvador.aponte@alsea.com.mx', 1),
(347, '003356', 'GLORIA ISABEL TORRES SOTELO', '', 0),
(348, '003319', 'ROGELIO URIBE PUGA', '', 0),
(349, '003317', 'ALEJANDRO MORALES JUAREZ', '', 0),
(350, '003316', 'SALOMON LOPEZ ROSAS', 'salomon.lopez@alsea.com.mx', 1),
(351, '003315', 'CARLOS ARTURO GARCIA AGUILERA', 'carlos.garcia@alsea.com.mx', 1),
(352, '003272', 'RICARDO RIVERA NAVARRO', '', 1),
(353, '003263', 'GILBERTO CANSECO GARCÍA', '', 0),
(354, '003242', 'JORGE ANTONIO CASCO HERNANDEZ', 'jorge.casco@alsea.com.mx', 1),
(355, '003228', 'JESUS ANDRES LERMA TAPIA', '', 0),
(356, '003217', 'JUAN AZAYACATZIN HERNANDEZ PALAFOX', '', 1),
(357, '003216', 'EULALIO ANAYA AVILA', '', 0),
(358, '003215', 'UZZIEL SANCHEZ  CARMONA', '', 0),
(359, '003207', 'FRANCISCO JAVIER QUIROZ TORIBIO', '', 1),
(360, '003206', 'MONICA GUADALUPE CORREA CORREA', '', 0),
(361, '003205', 'ADAD DAMIAN MENDEZ MARQUEZ', '', 1),
(362, '003199', 'NORMA ALICIA RESENDIZ SANTOS', '', 1),
(363, '003195', 'DIANA CAROLINA APARICIO BELTRAN', '', 0),
(364, '003177', 'ESTEBAN LOPEZ GODINEZ', '', 0),
(365, '003176', 'JESUS  RAMIREZ SORIANO', '', 0),
(366, '003160', 'MARIO IVAN PORTAL NUÑEZ', 'mario.portal@alsea.com.mx', 1),
(367, '003159', 'ISAIAS GOMEZ AQUINO', '', 0),
(368, '003151', 'JAVIER ALBERTO AGOITIA PEREZ', 'javier.agoitia@alsea.com.mx', 1),
(369, '003149', 'JOSE LUIS APARICIO LOPEZ', 'jose.aparicio@alsea.com.mx', 1),
(370, '003146', 'ALONDRA IXCHEL GIL PEREZ', '', 1),
(371, '003144', 'ERIC ALBERTO PEDRAZA SERRANO', '', 0),
(372, '003140', 'IVAN MERCED NUÑEZ', '', 1),
(373, '003138', 'MARIO ALBERTO SAUCEDO ARIAS', '', 0),
(374, '003128', 'JULIAN GASTON SILVA X', 'julian.silva@alsea.com.mx', 1),
(375, '003081', 'GERARDO RODRIGUEZ HERNANDEZ', 'gerardo.rodriguez@alsea.com.mx', 1),
(376, '003064', 'JUAN CARLOS RAMIREZ MARTINEZ', '', 0),
(377, '003035', 'GABRIELA FLORES HERNANDEZ', '', 1),
(378, '003033', 'MARIO ALBERTO GARZA GARCIA', '', 0),
(379, '003009', 'RICARDO NOE JIMENEZ FLORES', '', 0),
(380, '002994', 'RENE PEREZ MANJARREZ', '', 0),
(381, '002973', 'EDUARDO GUEVARA MARTINEZ', '', 0),
(382, '002960', 'RAMON PADILLA PACHECO', '', 1),
(383, '002950', 'RICARDO LOZANO LOZANO', '', 1),
(384, '002895', 'CLAUDIO ANDREI RAMIREZ MUÑOZ', '', 0),
(385, '002881', 'GABRIEL MORENO PIÑA', 'gabriel.moreno@alsea.com.mx', 1),
(386, '002875', 'RAUL ANTONIO PIO GALAN', '', 0),
(387, '002863', 'JORGE ALBERTO RETEGUIN PIMENTEL', '', 1),
(388, '002848', 'TEOFILO CARLOS BORJA ISUNZA', '', 0),
(389, '002843', 'IVAN ADRIAN QUIROZ MORALES', '', 0),
(390, '002818', 'SANDRA PATRICIA MIRANDA RUIZ', '', 0),
(391, '002814', 'ARTURO COVARRUBIAS SALVADOR', '', 0),
(392, '002805', 'ALEJANDRA OLMEDO BRITO', '', 0),
(393, '002741', 'PERLA ESCAMILLA LEYVA', '', 1),
(394, '002734', 'JOSUE DAVID BATUN RODRIGUEZ', '', 0),
(395, '002729', 'JUAN ANTONIO RAMOS RAMIREZ', '', 0),
(396, '002582', 'JOSE GUADALUPE BRAVO SANCHEZ', '', 0),
(397, '002567', 'JUAN FRANCISCO CHARCO AVILA', 'juan-francisco.charco@alsea.com.mx', 0),
(398, '002562', 'MARCO ALONSO YANEZ VALENZUELA', '', 0),
(399, '002560', 'MARCOS ARMANDO FERRETI MEZA', '', 0),
(400, '002559', 'JULIETA DEL CARMEN MUNGUIA CARRARA', '', 0),
(401, '002556', 'DANIEL FRANCISCO RUIZ CAMPOS', '', 0),
(402, '002545', 'LUIS FELIPE VALDES GIL', '', 0),
(403, '002523', 'JOSE GREGORIO GARZA ORNELAS', 'jose-gregorio.garza@alsea.com.mx', 0),
(404, '002500', 'ALEJANDRO DE MONSERR ZEPEDA SALDAÑA', 'alejandro-demonserrat.zepeda@ALSEA.COM.MX', 1),
(405, '002486', 'CESAR ALONSO DE LA ROSA PEÑA', '', 0),
(406, '002445', 'HUGO MARTINEZ ROSALES', '', 0),
(407, '002363', 'NATALIO CANTO TUZ', 'ncanto@alsea.com.mx', 1),
(408, '002358', 'MIRIAM BERENICE DIAZ URQUIDI', 'miriam-berenice.diaz@alsea.com.mx', 1),
(409, '002294', 'JUSTINO CABRERA CRUZ', 'jcabrerac@alsea.com.mx', 1),
(410, '002284', 'DANIEL EDEL VERTIZ SALAZAR', 'dvertiz@alsea.com.mx', 1),
(411, '002248', 'JAIME MANUEL CERRITEÑO VIRREY', 'jcerriteno@alsea.com.mx', 1),
(412, '002111', 'NORA MARIA LARRACILLA HERNANDEZ', '', 1),
(413, '002101', 'MIGUEL ANGEL HERNANDEZ SALINAS', '', 0),
(414, '002079', 'SALVADOR GARCIA CID', '', 0),
(415, '002044', 'ALVARO RODRIGUEZ BUENO TORRES', 'arodriguezbueno@alsea.com.mx', 1),
(416, '002037', 'JOSE JUAN PEREZ GARCIA', '', 0),
(417, '001963', 'JOSE FRANCISCO DAVILA SANCHEZ ARMAS', '', 0),
(418, '001950', 'LUIS GERARDO JIMENEZ MUÑOZ', '', 0),
(419, '001936', 'TANIA ELIZABETH TABARES CORONA', '', 0),
(420, '001869', 'HUGO RUIZ HERNANDEZ', '', 1),
(421, '001863', 'ROBERTO MORALES CARRASCO', '', 1),
(422, '001849', 'ALFREDO MEJIA MURILLO', '', 1),
(423, '001817', 'LUIS ADRIAN SANDOVAL OROPEZA', 'lsandoval@alsea.com.mx', 1),
(424, '001757', 'LILIANA FLORES BAEZA', 'lflores@alsea.com.mx', 1),
(425, '001755', 'GABRIEL LUCERO MARTINEZ', '', 0),
(426, '001707', 'ORLANDO RODRIGUEZ MORENO', 'orodriguez@alsea.com.mx', 1),
(427, '001689', 'JOSE LUIS IBARRA DAVILA', '', 1),
(428, '001682', 'HUMBERTO ALFARO GALAN', '', 1),
(429, '001672', 'EDGAR MAHAD GUTIERREZ HERNANDEZ', '', 1),
(430, '001666', 'ARNULFO LOPEZ PRECIADO', '', 1),
(431, '001607', 'GUILLERMO ROGELIO GARCIA ROCHA', 'guillermo.garcia@alsea.com.mx', 0),
(432, '001516', 'ANTONIO CIELO IBARRA', 'acielo@alsea.com.mx', 1),
(433, '001463', 'ARMANDO ESCAMILLA RAMIREZ', '', 1),
(434, '001429', 'RAFAEL ROMERO ATILANO', '', 1),
(435, '001262', 'RAFAEL CRESPO GOMEZ', '', 1),
(436, '001218', 'MARIO ALBERTO MONDRAGON MUÑOZ', '', 1),
(437, '001200', 'ROSAURA HUANTE FRANCO', '', 1),
(438, '001187', 'ALEJANDRO JOEL OCHOA VELAZQUEZ', '', 1),
(439, '001046', 'FRANCISCO JAVIER CONTRERAS MEHAYER', 'fcontreras@alsea.com.mx', 0),
(440, '000721', 'ALMA LIDIA ZAVALA DURAN', '', 1),
(441, '000720', 'MARIA GUADALUPE MUÑOZ FLORES', '', 1),
(442, '000684', 'MONICA BEATRIZ GALLARDO DOMINGUEZ', '', 1),
(443, '000673', 'ALBERTO ADRIAN VASCONCELOS RICARDEZ', 'avascon@alsea.com.mx', 1),
(444, '000289', 'ABRAHAM PEREZ MENDEZ', 'aperez2@alsea.com.mx', 1),
(445, '000279', 'SERGIO BRUNO SANCHEZ CATALA', '', 1),
(446, '000113', 'HIRAM ELIM ARAUJO GARCIA', 'haraujo@alsea.com.mx', 1),
(447, '000105', 'CESAR ALEJANDRO MORENO RAMIREZ', 'cemoreno@alsea.com.mx', 0),
(448, '003445', 'JULIO SEBASTIAN ORTEGA ZAFRILLA', 'julio.ortega@alsea.com.mx', 1),
(449, '003360', 'MARC OLIVIER JEAN MA BRANET POLLET', 'marc.branet@alsea.com.mx', 1),
(450, '002661', 'ITZEL ESTELA ZARATE GONZALEZ', 'itzel.zarate@alsea.com.mx', 1),
(451, '003866', 'ELDA LUCIA HERNANDEZ AGUILAR', '', 0),
(452, '001079', 'DIEGO GAXIOLA CUEVAS', '', 1),
(453, '003946', 'ARTURO PONCE NECOECHEA', '', 0),
(454, '003941', 'EDMUNDO CASTILLO PANTOJA', 'edmundo.castillo@alsea.com.mx', 0),
(455, '003680', 'BALTASAR VEZ DE LA GARZA', 'baltasar.vez@alsea.com.mx', 0),
(456, '003210', 'DELIA SABANERO ORTIZ', 'delia.sabanero@alsea.com.mx', 1),
(457, '003074', 'GUILLERMO CRUZ HERNANDEZ', '', 1),
(458, '003008', 'EDWIN NAVA LOPEZ', 'edwin.nava@alsea.com.mx', 1),
(459, '002713', 'FRANCISCO JOHNATAN CALDERON MARIN', '', 1),
(460, '002712', 'EDGAR DANIEL SOLIS CADENA', '', 1),
(461, '002163', 'MARCELA CORTES SOLANO', '', 1),
(462, '001576', 'ANGEL PERALTA RAMIREZ', '', 0),
(463, '001136', 'ALBERTO CARLOS MARIN YACAMAN', '', 1),
(464, '001045', 'ADRIAN ALVAREZ MUÑOZ', 'aalvarez@alsea.com.mx', 1),
(465, '001017', 'FRANCISCO GUZMAN GUZMAN', 'fguzman@alsea.com.mx', 1),
(466, '000774', 'ALEJANDRO MARQUEZ LICEA', 'amarquez@alsea.com.mx', 1),
(467, '000662', 'RUBEN LOPEZ PAREDES', '', 1),
(468, '000536', 'GABRIEL VENANCIO RUFINO', '', 1),
(469, '000151', 'VALENTIN CURIEL DUARTE', '', 0),
(470, '000107', 'MARIO SANCHEZ MARTINEZ', '', 1),
(471, '003945', 'REBECA VIVANCO BELTRAN', '', 1),
(472, '003929', 'RICARDO MACIAS LEYVA', '', 0),
(473, '003928', 'ALEJANDRO CALVO ARIAS', '', 0),
(474, '003924', 'JOSE LEONEL IBARRA CORTEZ', 'leonel.ibarra@alsea.com.mx', 1),
(475, '003894', 'NATALIA  PROL CARREIRO', '', 0),
(476, '003890', 'MARIA ALEJANDRA ARTEAGA AYALA ', '', 0),
(477, '003877', 'ALFREDO BUSTANI MARTINEZ', 'alfredo.bustani@alsea.com.mx', 1),
(478, '003851', 'KARLA EMMELIN PRADO COSIO', '', 1),
(479, '003843', 'EDMUNDO GARZA DELGADO', 'edmundo.garza@alsea.com.mx', 1),
(480, '003788', 'MAYTE MIRIAM MEZA DIAZ', 'mayte.meza@alsea.com.mx', 1),
(481, '003787', 'PAUL REYES BAEZ NAVARRO', 'paul.reyes@alsea.com.mx', 1),
(482, '003777', 'IVAN  GARIBAY GARCIA', '', 0),
(483, '003764', 'LAURA VERONICA ORTEGA NOCEDAL', '', 0),
(484, '003763', 'LIZETT LAURA NAJERA MALDONADO', 'lizett.najera@alsea.com.mx', 1),
(485, '003756', 'ALMA YOSAJANDY LUNA DELGADILLO', '', 0),
(486, '003754', 'MARIO EDUARDO SANCHEZ HERNANDEZ', '', 1),
(487, '003753', 'EDGAR MANUEL NAVA ARREDONDO', '', 1),
(488, '003748', 'MARIA DEL SOCORRO  GUAJARDO ELIZONDO', '', 1),
(489, '003746', 'MARIANA ZEPEDA GIL', 'mariana.zepeda@alsea.com.mx', 1),
(490, '003745', 'ADRIANA GONZALEZ FLORES', '', 0),
(491, '003707', 'DOLORES HERRERA GONZALEZ', '', 0),
(492, '003694', 'MAGALI JIMENEZ ZAVALA', 'magali.jimenez@alsea.com.mx', 1),
(493, '003669', 'MARIA DEL PILAR GUERRERO GONZALEZ', '', 1),
(494, '003661', 'EVA SAMANTHA ESPINOSA GARCIA PELAYO', 'samantha.espinosa@alsea.com.mx', 1),
(495, '003657', 'ANA LUISA SEDANO CHAVEZ', '', 0),
(496, '003647', 'EDUARDO ISRAEL TERAN GONZALEZ', '', 0),
(497, '003606', 'LISSET SILVA MENDOZA', 'lisset.silva@alsea.com.mx', 1),
(498, '003593', 'GABRIELA YARMELI MORALES SEGURA', 'gabriela.morales@alsea.com.mx', 1),
(499, '003563', 'FATIMA MURADAS GIL', '', 0),
(500, '003529', 'MARISOL MONTSERRAT GONZALEZ LEON', '', 0),
(501, '003492', 'LUCIA PERALTA REYNA', '', 1),
(502, '003433', 'RAFAEL ANTONIO AVILA', 'rafael.antonio@alsea.com.mx', 1),
(503, '003404', 'SARED SOLANO HERNANDEZ', '', 0),
(504, '003226', 'JOSE ENRIQUE BRISEÑO VELASCO', 'jose.briseno@alsea.com.mx', 1),
(505, '003214', 'ERIN MORENO MARIN', '', 0),
(506, '003141', 'ANA PAULA CHAPA MORALES', '', 1),
(507, '003062', 'MAYRA CASIMIRO OLEA', '', 0),
(508, '003043', 'ADRIANA ANDRADE ALMEIDA', 'adriana.andrade@alsea.com.mx', 1),
(509, '002999', 'DIANA MARGARITA GUTIERREZ SALAZAR', '', 0),
(510, '002990', 'EVELYN ROMERO CARRIL', '', 1),
(511, '002978', 'MARIA ANDREA RODRIGUEZ MACIAS', 'andrea.rodriguez@alsea.com.mx', 1),
(512, '002920', 'CARLOS ALBERTO CASTAÑEDA MARTINEZ', '', 1),
(513, '002815', 'IVALU NAVA DIAZ', '', 0),
(514, '002583', 'ELIBETH VIVAS HERRERA', 'elibeth.vivas@alsea.com.mx', 1),
(515, '002329', 'NANCY MICHAEL AGUILLON GONZALEZ', '', 1),
(516, '001848', 'ALEJANDRO CASTILLO MUÑIZ', '', 0),
(517, '001784', 'MARIA ELENA LEDESMA ROMERO', '', 0),
(518, '001587', 'CARLOS ALBERTO MENDEZ YESCAS', '', 0),
(519, '001225', 'LUCIA ESCALANTE PAULINO', 'lucia.escalante@alsea.com.mx', 1),
(520, '001203', 'CLARA IVONNE MADRID CANUDAS', 'ivonne.madrid@alsea.com.mx', 1),
(521, '000972', 'NELLY ANGELICA FLORES PAEZ', '', 1),
(522, '000596', 'AMAYA OTEGUI FERNANDEZ', '', 1),
(523, '000302', 'JUAN CARLOS RUIZ GARCIA', '', 0),
(524, '000214', 'ISRAEL CAMARILLO CUEVAS', '', 1),
(525, '000149', 'AURELIO ORTIZ ESCANDON', '', 0),
(526, '000094', 'GERARDO MARTINEZ GUDIÑO', '', 0),
(527, '000054', 'VICTORIO VALADEZ FLORES', '', 0),
(528, '000041', 'SILVIA TERESA MESTIZO PEREZ', 'silvia.mestizo@alsea.com.mx', 1),
(529, '000020', 'MARIA DEL PILAR TORRADO MONGE', '', 1),
(530, '000001', 'JOSE LUIS TREJO ZIMBRON', '', 0),
(531, '003980', 'YISBRAHAM GUADALUPE RUIZ CAMPOS', '', 0),
(532, '003977', 'SUSY PAMELA LOPEZ HERNANDEZ', '', 0),
(533, '003976', 'MIGUEL MAURICIO CERVANTES RUBIO', '', 0),
(534, '003973', 'JOSE HUMBERTO FERNANDEZ BONILLA', '', 0),
(535, '003972', 'JOSE DARIO REYES VILCHIS', '', 0),
(536, '003971', 'ROBERTO DAVID NAVA  SILVA', '', 0),
(537, '003959', 'ANDRES EUGENIO RODRIGUEZ MIRAMON LOPEZ', '', 0),
(538, '003957', 'RAUL OROPEZA CERVANTES', '', 0),
(539, '003956', 'CECILIA HERNANDEZ RAMIREZ', '', 0),
(540, '003955', 'JOSE RAMIRO REYES ROMAN', '', 0),
(541, '003954', 'LUIS MANUEL GARAY RUIZ', '', 0),
(542, '003938', 'DIEGO FACIO LOPEZ', '', 1),
(543, '003937', 'LAURA LEON GARCIA', '', 1),
(544, '003936', 'JORGE QUINTANA DIAZ', '', 0),
(545, '003931', 'JORGE ARMANDO HUERTA FLETES', 'jorge.huerta@alsea.com.mx', 1),
(546, '003919', 'ROXANA  ALVAREZ PERDIGON', '', 1),
(547, '003907', 'GABRIEL CAMPOS GONZALEZ', 'gabriel.campos@alsea.com.mx', 1),
(548, '003906', 'MARCIAL BASTIDA GOMEZ', '', 0),
(549, '003905', 'JORGE GUSTAVO SANCHEZ FLORES', '', 0),
(550, '003891', 'ANGELICA VALENCIA CONTRERAS', '', 0),
(551, '003886', 'BERENICE ESCOBEDO RICO', '', 0),
(552, '003882', 'JOSE ANTONIO HERRERA CERVERA', '', 0),
(553, '003870', 'ALFREDO BARRAGAN GARCIA', '', 0),
(554, '003869', 'JESUS LEONARDO CAPETILLO SALINAS', '', 0),
(555, '003868', 'LUIS MOLINA JAIMES', '', 0),
(556, '003863', 'MIGUEL ANGEL PEREZ PADILLA', '', 1),
(557, '003857', 'ISRAEL HERNANDEZ BARRETO', '', 1),
(558, '003847', 'LUIS JAIR SANCHEZ ALBARRAN', '', 1),
(559, '003845', 'DANIELA CASTRO GALLARDO', 'daniela.castro@alsea.com.mx', 1),
(560, '003838', 'FRANCISCO ALBERTO PEÑA PEREZ', '', 0),
(561, '003837', 'ALEJANDRO MARTINEZ LORENZO', '', 1),
(562, '003834', 'ELISEO RAMIREZ GONZALEZ', '', 0),
(563, '003808', 'HAYDE CHAVEZ MORENO', '', 1),
(564, '003783', 'YAZMIN JUAREZ VILLAGRAN', '', 1),
(565, '003747', 'ANTONIO RESENDIZ CAMARENA', '', 0),
(566, '003743', 'SARA CRISTINA FELIX GOMEZ', '', 1),
(567, '003742', 'LEONARDO LINARES JIMENEZ', '', 0),
(568, '003741', 'VILLEBALDO DE ALFADI CADENA OLIVARES', '', 1),
(569, '003740', 'VICTOR ISRAEL ESPINOSA RAMIREZ', '', 0),
(570, '003731', 'MARIO AGUILAR GUEVARA', '', 0),
(571, '003723', 'PABLO JOSE FERNANDEZ PRESAS', '', 0),
(572, '003714', 'OMAR SAUL MARTINEZ PEREZ', 'omar.martinez@alsea.com.mx', 1),
(573, '003711', 'JORGE ARMANDO VALDEZ DOMINGUEZ', '', 0),
(574, '003700', 'PILAR ANDREA MAHECHA BELTRAN', '', 0),
(575, '003699', 'RENE MARCOS VICENTEÑO AVILA', '', 1),
(576, '003681', 'ELIZABETH PEREZ ACOSTA', '', 0),
(577, '003645', 'PERLA MEDEL MANCHOLA', '', 0),
(578, '003636', 'JULIO CESAR RODRIGUEZ ROSALES', '', 0),
(579, '003619', 'LAURA DEMICHELIS CHAPA', '', 0),
(580, '003613', 'RUTH EDITH CORONA VERA', '', 1),
(581, '003608', 'GERARDO HERNANDEZ MUNGUIA', '', 0),
(582, '003597', 'JOSE RAMON AVELLO ESPINOSA DE LOS MONT', '', 0),
(583, '003590', 'RICARDO BAEZ LOPEZ', '', 0),
(584, '003587', 'MARCO ANTONIO ESPARZA BADILLO', '', 0),
(585, '003586', 'JOSE CARRILLO CEBADO', '', 0),
(586, '003583', 'JUAN MANUEL PRIETO PEREZ', '', 0),
(587, '003574', 'LUIS JAVIER OROZCO VILLAGRAN', '', 0),
(588, '003570', 'MAYRA JUDITH SANTIAGO FLORES', 'mayra.santiago@alsea.com.mx', 1),
(589, '003569', 'NELLY ABISAI CASTILLO AVILES', '', 0),
(590, '003554', 'PAOLA IVETTE CRUZ SOTO', '', 0),
(591, '003550', 'VICTOR HUGO GUZMAN BARRIENTOS', '', 0),
(592, '003543', 'RAUL RAMIREZ TOVAR', '', 0),
(593, '003537', 'OSCAR MERCADO TREJO', '', 0),
(594, '003535', 'ERICK ALFREDO CARBALLAR UHLIG', '', 0),
(595, '003515', 'EBER JOSAFAT MOSQUEDA VALLES', '', 0),
(596, '003514', 'GRISELDA  PAEZ HERNANDEZ', '', 1),
(597, '003513', 'NOE PARDO HERNANDEZ', '', 0),
(598, '003512', 'JUAN JESUS LEON BECERRA', '', 0),
(599, '003501', 'MARTHA ALICIA MILLAN BECERRIL', '', 1),
(600, '003493', 'JAIME FERNANDO ROSAS MARTINEZ', '', 0),
(601, '003487', 'RAFAEL RIVERA FERNANDEZ', 'rafael.rivera@alsea.com.mx', 1),
(602, '003478', 'GERARDO DIAZ CANALES ', '', 0),
(603, '003472', 'PAMELA ROLDAN OLIN', '', 1),
(604, '003462', 'MYRNA ADRIANA VEGA ROMERO', 'myrna.vega@alsea.com.mx', 1),
(605, '003423', 'CARLOS EDUARDO GUERRERO ORTIZ', '', 1),
(606, '003418', 'KEYLA MARTINEZ MONTIEL', '', 0),
(607, '003411', 'AARON GABRIEL CULBER LOPEZ GOROSTIETA', '', 1),
(608, '003407', 'JUAN MANUEL GARCIA CASTILLO', '', 1),
(609, '003388', 'ELIZABETH ARIADNA  HUERTA REYES', '', 0),
(610, '003382', 'ISRAEL LOREDO ESPARZA', '', 0),
(611, '003378', 'RICARDO AMBRIZ OLVERA', '', 0),
(612, '003370', 'JENNY JARAMILLO PEREZ', '', 0),
(613, '003286', 'JOSE MANUEL MUÑOZ RANGEL', '', 0),
(614, '003248', 'IVETTE ARACELI ROMERO MONDRAGON', '', 1),
(615, '003204', 'RICARDO VEGA MARTINEZ', '', 0),
(616, '003202', 'EDGAR RICARDO VEGA VELAZQUEZ', '', 0),
(617, '003193', 'VALERIA CYNTHIA MARINI ', '', 0),
(618, '003184', 'MAYRA GABRIELA HERNANDEZ MARMOL', 'mayra.hernandez@starbucks.com.mx', 1),
(619, '003174', 'MAURICIO NAVARRETE ESPINOSA', '', 0),
(620, '003077', 'DEYANIRA SARAI SIRA MELENDEZ', '', 1),
(621, '003060', 'OMAR ELIACIN ADAME GONZALEZ', '', 0),
(622, '003025', 'JOSE MANUEL SAGÜES BEORLEGUI', '', 0),
(623, '003013', 'SOFIA VIANEY VAZQUEZ CORONA', '', 1),
(624, '002943', 'ENRIQUE ALBERTO GARCIA RUIZ', '', 1),
(625, '002924', 'TANIZ ANDRES ESCOBAR SANCHEZ', '', 0),
(626, '002914', 'JIMENA VELAZQUEZ MENDIOLEA', '', 1),
(627, '002904', 'JAVIER ROGELIO DE LA GARZA DE FLON', '', 0),
(628, '002900', 'TOMAS GONZALEZ RODELA', '', 1),
(629, '002872', 'RAMON IBARRA GALLAGA', '', 0),
(630, '002853', 'BERNARDO ANTONIO ARIAS SANCHEZ', '', 0),
(631, '002844', 'RODOLFO Z HERNANDEZ NAVARRETE', '', 0),
(632, '002839', 'HILDA PORTILLO CRUZ', '', 1),
(633, '002808', 'JUAN CARLOS CARMONA TENORIO', '', 1),
(634, '002807', 'ERIK ABRAHAM RANGEL OCAMPO', '', 1),
(635, '002768', 'KARINA JACQUELINE GONZALEZ ANONALES', 'karina.gonzalez@alsea.com.mx', 1),
(636, '002693', 'JUANA MARIBEL JAIMEZ LIMA', '', 1),
(637, '002507', 'CLAUDIO GILBERTO PEÑA BASTIDA', '', 0),
(638, '002446', 'JOSE ALBERTO RODRIGUEZ RODRIGUEZ', '', 0),
(639, '001884', 'ZULEMA CITLALLIC MAGAÑA BARRETO', '', 1),
(640, '001765', 'ABELARDO GONZALEZ LEAL', '', 0),
(641, '001522', 'HECTOR ORTIZ JOSE', '', 0),
(642, '001485', 'JENNY BERENICE ZETINA MATAMOROS', 'jenny.zetina@starbucks.com.mx', 1),
(643, '001465', 'JOSE MANUEL HERNANDEZ LOZADA', '', 1),
(644, '001220', 'MARISELA MARTINEZ CASTRO', '', 1),
(645, '001117', 'MIGUEL ANGEL QUIROZ HERNANDEZ', '', 0),
(646, '001075', 'RODRIGO AMAYA ZARAGOZA', '', 0),
(647, '001065', 'MARLEN STEPHANY ALCANTARA BARRERA', '', 0),
(648, '000978', 'CELIA ANABEL ARRIETA MOORE', '', 1),
(649, '000725', 'JOSE ARMANDO ROMERO CHAVARIN', '', 1),
(650, '000675', 'SAUL ENRIQUE MORALES GOMEZ', '', 1),
(651, '000446', 'ALEJANDRO NACIF FAUR O FARRILL', '', 1),
(652, '000417', 'HERBERT DE JESUS CHAN PEREZ', '', 0),
(653, '000120', 'MAYRA TREJO BRICEÑO', '', 0),
(654, '003096', 'BLANCA ANAHIT BARRANCO CELON', '', 0),
(655, '003039', 'JUAN JOSE ROBLES TOVAR', '', 0),
(656, '002656', 'OSCAR BLANCAS LOPEZ', '', 0),
(657, '003982', 'JESUS ALEJANDRO RENDON VAZQUEZ', '', 0),
(658, '003953', 'ANGEL CRUZ JIMENEZ', '', 0),
(659, '003948', 'JOSELYN SANCHEZ CISNEROS', '', 0),
(660, '003943', 'ARMANDO AVILA MARTINEZ', '', 0),
(661, '003935', 'ALBERTO BELLO  ARIAS', '', 0),
(662, '003934', 'NELLY ISABEL PALACIOS REGALADO', '', 0),
(663, '003912', 'NORMA OLIVIA RAMIREZ VAZQUEZ', '', 1),
(664, '003911', 'HILARIO MARQUEZ NICOLAS', '', 0),
(665, '003893', 'SAMUEL ARTURO ZUÑIGA COTA', '', 1),
(666, '003871', 'IVAN ALEJANDRO GUERRERO CASTILLO', '', 1),
(667, '003849', 'SONIA MACIAS RETAMA', '', 0),
(668, '003848', 'MANUEL SEVERIANO PATIÑO HERRERA', '', 0),
(669, '003842', 'HAYDEE GARCIA CEJA', 'haydee.garcia@dominos.com.mx', 1),
(670, '003825', 'LEONARDO MARTÍNEZ RAMÍREZ', '', 0),
(671, '003810', 'SARA CHAVEZ SANCHEZ', '', 0),
(672, '003802', 'MAX ANTONIO VINNER LOZA', 'max.viner@dominos.com.mx', 1),
(673, '003782', 'EDGAR ISIDRO CHAVEZ MARTINEZ', '', 1),
(674, '003780', 'MARIA DE LOS ANGELES PEREZ RIVAS', 'maria-delosangeles.perez@alsea.com.mx', 1),
(675, '003765', 'JOSE MANUEL ZAVALA CRUZ', 'jose-manuel.zavala@dominos.com.mx', 1),
(676, '003725', 'CARLA MILAGROS RODRIGUEZ BARRON', '', 0),
(677, '003709', 'JOSE DANIEL ALVAREZ AYALA', '', 0),
(678, '003693', 'MAURICIO VALENCIA DELUCIO', '', 0),
(679, '003686', 'EDGAR OMAR VILLAFAÑE RUIZ', '', 1),
(680, '003682', 'EDGAR ARTURO NERI SAUCEDO', '', 0),
(681, '003664', 'JULIO CESAR CEVADA ALVAREZ', '', 0),
(682, '003651', 'ANDRES SOMELLERA RAMIREZ', '', 1),
(683, '003649', 'JUAN LUIS BUENO MOTA', '', 1),
(684, '003643', 'LUIS ADOLFO SILVA BERNAL', 'luis.silva@dominos.com.mx', 1),
(685, '003642', 'RAFAEL TRUJILLO MARTINEZ', '', 1),
(686, '003638', 'ANA CAROLINA MORALES AVILA', '', 0),
(687, '003596', 'VICTOR ANGEL GONZALEZ MORENO', '', 1),
(688, '003562', 'MARTHA JUDITH CANCHE KOH', '', 0),
(689, '003559', 'JOSE AMBRIZ  OLVERA', '', 0),
(690, '003540', 'MARTHA PATRICIA GARCIA MACIAS', '', 1),
(691, '003524', 'LILIANA CONTRERAS HERNÁNDEZ', '', 0),
(692, '003521', 'HECTOR RODOLFO CANDELARIA MARTINEZ', '', 0),
(693, '003518', 'ARMANDO  ALFONSO LEON', '', 1),
(694, '003488', 'JUAN FRANCISCO  TIENDA SANTOS', '', 1),
(695, '003475', 'DAVID PINEDA TREJO', '', 1),
(696, '003467', 'EDGAR UTRERA PEREZ', '', 1),
(697, '003466', 'ADRIAN ALEJANDRO MORENO HERNANDEZ', '', 0),
(698, '003435', 'JULIO JORGE  SILVA BARON', 'julio.silva@dominos.com.mx', 1),
(699, '003428', 'GERARDO HUMBERTO RUIZ ROA', '', 0),
(700, '003417', 'LUCILENE VICARI TEIXEIRA', '', 0),
(701, '003405', 'ROSA VICTORIA SIERRA BALAM', '', 1),
(702, '003393', 'GONZALO ARTURO CANTU RUIZ', '', 0),
(703, '003392', 'FABIOLA CARRILLO CERVANTES', '', 1),
(704, '003387', 'ERICK ALEJANDRO PORCAYO CONTRERAS', '', 0),
(705, '003368', 'RICARDO GUTIERREZ  XOCHIMITL', 'ricardo.gutierrez@dominos.com.mx', 1),
(706, '003351', 'ANA VALERIA GUERRERO COBIAN', 'valeria.guerrero@dominos.com.mx', 1),
(707, '003321', 'CINTHYA MENDOZA GOYTIA', 'cinthya.mendoza@alsea.com.mx', 0),
(708, '003268', 'JOSE ANTONIO GARCIA CARRO', '', 1),
(709, '003267', 'SINAI MOLINA  JIMENEZ', '', 1),
(710, '003261', 'ANA PAULA GARZA CASTILLO', 'ana-paula.garza@dominos.com.mx', 1),
(711, '003243', 'JULIO CESAR ECHEVERRIA  MIRANDA', '', 0),
(712, '003239', 'JUAN FRANCISCO MEJIA LUGO', '', 1),
(713, '003213', 'ANTONIO MARTINEZ GUDIÑO', '', 0),
(714, '003198', 'ALEJANDRO MARTINEZ CRUZ', '', 0),
(715, '003173', 'CARLOS SANCHEZ TENA', '', 0),
(716, '003166', 'JESUS EMILIO BELTRAN HUERTA', '', 1),
(717, '003139', 'YAZMIN YADIRA  TEUTLI VAZQUEZ', '', 1),
(718, '003117', 'DANIEL OSVALDO LOPEZ FUENTES', 'daniel.lopez@dominos.com.mx', 1),
(719, '003115', 'JOSE  LEON ORDAZ', '', 1),
(720, '003112', 'FERNANDO ELIEZER SOSA  OSORIO', '', 1),
(721, '003086', 'ISRAEL CARREÑO MORENO', '', 0),
(722, '003080', 'RAUL ROMO VEGA', 'raul.romo@dominos.com.mx', 1),
(723, '003075', 'EDWIN MARTIN GUSTAVO RIVERA HUERTA', '', 1),
(724, '003055', 'ALEJANDRA CRUZ ROMELIA', '', 1),
(725, '003048', 'FANNY CAROLINA GONZALEZ GALVAN', '', 1),
(726, '003016', 'ALFREDO MARTINEZ ROMERO', '', 0),
(727, '003015', 'JUAN MANUEL BOLAÑOS ESPINOSA', '', 0),
(728, '003012', 'CARLOS ORTIZ NAVARRO', '', 0),
(729, '002993', 'JESUS ALFREDO ARELLANO ESTRADA', '', 1),
(730, '002986', 'ANDREA ATALA NAVARRO', '', 0),
(731, '002984', 'SARA MARIA LUISA GUADIAN MORENO', '', 1),
(732, '002947', 'EDGARD ALVAREZ SANCHEZ', '', 0),
(733, '002932', 'NOE GALEANA SANCHEZ', '', 0),
(734, '002928', 'BEATRIZ ELENA CABRALES MARTINEZ', '', 1),
(735, '002884', 'ADAN SANCHEZ HERNANDEZ', 'adan.sanchez@dominos.com.mx', 0),
(736, '002868', 'CARLOS GERARDO TELLO MATA', '', 1),
(737, '002824', 'BERENICE LOEZA QUIÑONES', 'berenice.loeza@dominos.com.mx', 1),
(738, '002776', 'RAFAEL DAGOBERTO CALLEJA MORALES', '', 1),
(739, '002772', 'MARCELA RAMIREZ ARELLANO', '', 0),
(740, '002754', 'ERNESTINO BERNABE OSORIO', '', 1),
(741, '002745', 'MARIO ALBERTO BALDERAS MENDEZ', '', 0),
(742, '002742', 'DEYSI JANET MARES NARVAEZ', '', 0),
(743, '002735', 'GREGORIO ISAAC VILLA ALTAMIRANO', '', 0),
(744, '002654', 'JUAN ANTONIO RAMIREZ MARTINEZ', '', 0),
(745, '002628', 'DIEGO JOSE MIGUEL SANDOVAL ALVAREZ', '', 0),
(746, '002612', 'DAVID JESUS TRINIDAD CASTILLO', '', 0),
(747, '002611', 'NANCY GUTIERREZ VAZQUEZ', '', 1),
(748, '002598', 'RISA HAYME GUZMAN FRANCO', '', 0),
(749, '002569', 'SALETA OROPEZA GARCIA', 'saleta.oropeza@dominos.com.mx', 1),
(750, '002565', 'ELIZABETH MENDEZ CANO', 'elizabeth.mendez@dominos.com.mx', 1),
(751, '002508', 'EVELYN PEREZ ALPIZAR', '', 0),
(752, '002429', 'NARDA ARACELLY KUYOC HERRERA', 'narda-aracelly.kuyoc@dominos.com.mx', 1),
(753, '002361', 'MARIA DEL CARMEN MOLINA ROJAS', 'maria.molina@dominos.com.mx', 1),
(754, '002350', 'JUAN ANTONIO GALLARDO VALLEJO', '', 1),
(755, '002349', 'EMILIO SOSA MUNGUIA', '', 1),
(756, '002340', 'MARIA EUGENIA MORENO DE LA VEGA', '', 0),
(757, '002326', 'DAVID PADILLA HERNANDEZ', '', 0),
(758, '002324', 'ALFONSO TINOCO ESTRADA', '', 1),
(759, '002318', 'VIVIAN KARLA DEL VALLE MORO', 'vdelvalle@dominos.com.mx', 1),
(760, '002286', 'JUAN JOSE MALAGON MONTALVO', 'jmalagon@dominos.com.mx', 1),
(761, '002225', 'LUZ ARGENTINA VALADEZ POSADAS', '', 1),
(762, '002212', 'LUIS ENRIQUE BAUTISTA NAJERA', '', 0),
(763, '002182', 'IRAN NASHELLI GONZALEZ TOSTADO', '', 1),
(764, '002173', 'SERGIO ANTONIO TREJO NIEVES', '', 1),
(765, '002159', 'JUANA GONZALEZ MARTINEZ', '', 0),
(766, '002140', 'FELIPE DE JESUS VARELA ENRIQUEZ', '', 0),
(767, '002133', 'VANESSA YAZMIN VARILLAS BEJARANO', '', 1),
(768, '002131', 'GERARDO ANTONIO NAZAR RUBIERA', '', 1),
(769, '002058', 'YESSICA REAL RODRIGUEZ', '', 1),
(770, '002027', 'FERNANDO JAVIER COLIN ALBARRAN', '', 1),
(771, '001999', 'FERMIN ISLAS NUÑEZ', '', 0),
(772, '001995', 'TATIANA TELLEZ GIRON RUIZ', '', 0),
(773, '001919', 'JEANETTE REGNIER GONZALEZ', 'jeanetteregnier@gmail.com', 1),
(774, '001826', 'JESUS SOTO GARAY', 'jsoto@dominos.com.mx', 1),
(775, '001802', 'ROBERTO JAVIER GUTIERREZ SANSON', '', 1),
(776, '001787', 'KARINA CENTENO LEAL', '', 1),
(777, '001775', 'JOSE EDUARDO ONTIVEROS ALBOR', '', 0),
(778, '001709', 'REBECA DE LA PAZ MARTIN VELAZQUEZ', '', 1),
(779, '001697', 'MARIA ELBA PAREDES PAREDES', '', 1),
(780, '001593', 'AISA SANTIAGO ORDOÑEZ', '', 1),
(781, '001540', 'RAUL GOMEZ SANCHEZ', '', 0),
(782, '001443', 'SAUL EVANGELISTA HERNANDEZ', '', 0),
(783, '001419', 'DARIO NATHANIEL GARCIA LIMA', 'dgarcial@dominos.com.mx', 1),
(784, '001418', 'SERGIO OSWALDO DE LA PAZ ARELLANO', '', 1),
(785, '001417', 'JAQUELIN ELIZABETH AGUIRRE CHAVEZ', '', 0),
(786, '001406', 'KARLA PATRICIA MORALES PEZA', '', 1),
(787, '001375', 'MARIO ALBERTO ARROYO MARTINEZ', '', 0),
(788, '001374', 'FELIPE LOPEZ JUAREZ', '', 1),
(789, '001332', 'AGUSTIN ROBLES TOSCANO', '', 0),
(790, '001297', 'MONICA CORTES ARZATE', '', 0),
(791, '001226', 'RODOLFO RAMIREZ CARBAJAL', '', 0),
(792, '001185', 'ANA MARIA LERMA ABREGO', '', 1),
(793, '001175', 'LORENA AGUILAR GONZALEZ', '', 1),
(794, '001055', 'MIRIAM NANCY BERNAL SALDIVAR', '', 1),
(795, '001012', 'MARCO ANTONIO MARTIN LUGO', '', 0),
(796, '000981', 'PAOLA BERENICE CARDOSO BERNARDINO', '', 1),
(797, '000963', 'ALEJANDRO GUERRERO FRANCO', '', 0),
(798, '000947', 'JAVIER GASTON LEAL CRUZ', '', 0),
(799, '000946', 'CARLOS ISRAEL GARCIA FLORES', '', 1),
(800, '000912', 'OSCAR GALICIA JIMENEZ', '', 1),
(801, '000905', 'ALEJANDRA ESPINOSA ASHANE', '', 1),
(802, '000881', 'RAUL SINOHE SIERRA SANTAMARIA', '', 1),
(803, '000803', 'JAVIER CAMPOS RAMIREZ', '', 1),
(804, '000775', 'GUILLERMO RAMIREZ ROLDAN', '', 0),
(805, '000453', 'ANA LUISA MEJIA SORIANO', '', 1),
(806, '000365', 'MARIA EVA ARELLANO SANCHEZ', '', 1),
(807, '000356', 'GABRIEL DELGADO BLANCAS', '', 1),
(808, '000232', 'HUMBERTO ANDRADE UMBRAL', '', 1),
(809, '000228', 'MARIA DE LOURDES TLATEMPA LEYVA', '', 1),
(810, '000175', 'LUIS LEONARDO CERVANTES CURIEL', '', 0),
(811, '000104', 'VICTOR HUGO FLORES OLMEDO', '', 0),
(812, '000090', 'MARIA DEL REFUGIO ALVAREZ ARROYO', 'malvarez@dominos.com.mx', 0),
(813, '000084', 'VICENTE MACIN CORTEZ', '', 1),
(814, '000078', 'ALEJANDRO RAUL ESPINOSA GUTIERREZ', 'aespin@dominos.com.mx', 1),
(815, '000061', 'EDUARDO GANDARA TORRE', '', 1),
(816, '000058', 'MARTIN ARIEL SANTOS TEMPONI', '', 1),
(817, '000044', 'VICTOR MANUEL SOTELO DE LANDA', '', 1),
(818, '000039', 'MARGARITA LOPEZ CLARA', '', 0),
(819, '000035', 'CRESCENCIO ROMERO CHINO', '', 0),
(820, '000024', 'JAVIER MARTINEZ MARTINEZ', 'jmartinez@dominos.com.mx', 1),
(821, '000017', 'DANTE AUGUSTO GARCIA RUIZ', '', 1),
(822, '000007', 'JOAQUIN LASCURAIN GONZALEZ', '', 1),
(823, '003958', 'YAZMIN CASIMIRO OLEA', '', 0),
(824, '003917', 'VICTOR HUGO VARGAS CEDILLO', '', 0),
(825, '003916', 'LUIS ALBERTO CABRERA MARTINEZ', '', 0),
(826, '003816', 'SALVADOR VILLASEÑOR BARRAGAN', '', 0),
(827, '003761', 'PABLO MORAYTA GUERRERO', '', 1),
(828, '003659', 'SERGIO ALBERTO TREJO SANDOVAL', '', 0),
(829, '003633', 'GUSTAVO NAVARRO RANGEL', '', 0),
(830, '003605', 'SILVIA MARGARITA GUADARRAMA SERRANO', '', 0),
(831, '003604', 'CRISTINA SERNA CAMBRON', '', 0),
(832, '003603', 'LUIS FELIPE VAZQUEZ VERA', 'luis.vazquez@alsea.com.mx', 1),
(833, '003602', 'JOSE MIGUEL ARAGON RIOS', 'jose.aragon@alsea.com.mx', 1),
(834, '003589', 'LAZARO YASEFT BAEZ RICO', '', 0),
(835, '003271', 'ALEJANDRA RIOS SPINOLA', 'alejandra.rios@alsea.com.mx', 1),
(836, '003116', 'VICTOR FABIAN MEJIA GONZALEZ', '', 1),
(837, '003105', 'VICTOR HUGO SANCHEZ CERDA', '', 0),
(838, '002992', 'LORAYNE YADIRA GUZMAN TELLEZ', '', 1),
(839, '002931', 'ROMA RAQUEL CAMPOS LEON', '', 1),
(840, '002882', 'CLARA IVETTE NOGUES NIVON', 'clara.nogues@alsea.com.mx', 1),
(841, '002365', 'SERGIO DAVID VELAZQUEZ GUZMAN', 'sergio-david.velazquez@alsea.com.mx', 1),
(842, '001839', 'FEDERICO RODRIGUEZ ROVIRA', 'frodriguezr@alsea.com.mx', 1),
(843, '001528', 'SOLEDAD CACIQUE RICARDEZ', '', 1),
(844, '001344', 'JAVIER DIAZ BARREIRO', 'jdiaz@alsea.com.mx', 1),
(845, '001334', 'JOSE ALFONSO XOSPA XOLALPA', 'jxospa@alsea.com.mx', 1),
(846, '000444', 'ERIC MELENDEZ CAMARILLO', 'emelendez@alsea.com.mx', 1),
(847, '003940', 'LUIS ALBERTO CASTRO ROMAN', 'luis.castro@alsea.com.mx', 1),
(848, '003867', 'ERICK LUNA PEREZ', 'erick.luna@alsea.com.mx', 1),
(849, '002714', 'MONSERRAT VARGAS OSORIO', 'mvargaso@alsea.com.mx', 1),
(850, '000246', 'MARIA ELENA PEREZ ENRIQUEZ', 'meperez@alsea.com.mx', 1),
(851, '003947', 'MARIA DEL CARMEN PINTOR PEREZ', '', 0),
(852, '003850', 'MONICA VANESSA MENDEZ ESPINOZA', '', 0),
(853, '003818', 'MICHEL MARTINEZ FLORES', '', 0),
(854, '003817', 'MONICA ADRIANA LARA ANAYA', 'monica.lara@alsea.com.mx', 1),
(855, '003738', 'NESTOR HERNANDEZ FLORES', '', 0),
(856, '003730', 'NORAINY MARIA PONCE VELAZQUEZ', '', 0),
(857, '003698', 'DIANA BELINDA NUEVO ROSAS', 'diana.nuevo@alsea.com.mx', 1),
(858, '003650', 'NANCY YAZMIN SERRANO OLIVARES', '', 0),
(859, '003558', 'RAUL MEJORADA ARCOS', '', 1),
(860, '003547', 'JORGE ALBERTO RAMIREZ ORTIZ', 'jorge.ramirez@alsea.com.mx', 1),
(861, '003517', 'LINDA GRACIELA MAGAÑA SPINOLA', 'linda.magana@alsea.com.mx', 1),
(862, '003454', 'LILIANA OLIVO CARLIN', '', 1),
(863, '003413', 'VICTOR SIERRA MENDOZA', '', 1),
(864, '003123', 'CAROLINA AIDEE SANCHEZ GUERRERO', '', 0),
(865, '003036', 'OSCAR HERNANDEZ RAMIREZ', '', 1),
(866, '002997', 'FERNANDO GUTIERREZ LOPEZ', '', 1),
(867, '002977', 'SEGISMUNDO MERCADO VELAZQUEZ', '', 1),
(868, '002962', 'BERENICE VAZQUEZ TALAVERA', '', 1),
(869, '002800', 'IVAN GUILLERMO ORTIZ DELGADO', '', 0),
(870, '002494', 'NANCY GUADALUPE OSORIO PIÑA', '', 0),
(871, '001526', 'EDGAR HILARIO MEZA', '', 1),
(872, '001278', 'EDGAR ISRAEL MARTINEZ PEREZ', '', 0),
(873, '003824', 'VICTOR HUGO PAYAN MARTINEZ', 'victor.payan@alsea.com.mx', 1),
(874, '003552', 'ZAID ANTONIO CUEVAS CECENES', '', 1),
(875, '003441', 'ALFREDO OLIVERA HERNANDEZ', '', 1),
(876, '003440', 'GERARDO SOSA GARZA', '', 1),
(877, '003439', 'ISAAC HERNANDEZ TRUJILLO', '', 1),
(878, '003402', 'LLERARDO VILLALPANDO ANGELES', '', 1),
(879, '003399', 'ENEDINA IRAIS ROMERO LARA', '', 0),
(880, '003297', 'VICTOR RICARDO CACHOUA CARRASCO', '', 1),
(881, '003293', 'ROSALIO PEREZ LOEZA', '', 1),
(882, '003292', 'ROGELIO ALVARADO RIVERA', '', 0),
(883, '003290', 'JULIO ERICK FLORES TORRES', '', 1),
(884, '003288', 'JOSE PAUL VAZQUEZ LLERA', '', 0),
(885, '003285', 'JOSE CRUZ GONZALEZ DIAZ', 'cruz.gonzalez@alsea.com.mx', 1);
INSERT INTO `padrinos` (`idpadrinos`, `num_empleado`, `nombre`, `correo`, `padrino`) VALUES
(886, '003284', 'JOSE ALBERTO HOLGUIN PACHECO', '', 1),
(887, '003281', 'GRACIELA  CONTRERAS HERNANDEZ', '', 0),
(888, '003280', 'GIUSEPPE  BOSCO BERROSPE', '', 0),
(889, '003133', 'GERMÁN SAMUEL CORTES HERNANDEZ', '', 1),
(890, '001850', 'ISRAEL SANCHEZ SANCHEZ', 'israel.sanchez@alsea.com.mx', 1),
(891, '001659', 'ADOLFO JOEL ORNELAS GUTIERREZ', '', 1),
(892, '003968', 'IRMA ALEJANDRA ROSA CASTILLO PEREZ', '', 0),
(893, '003479', 'JAIME ARMIN CAÑAS ACAR', '', 1),
(894, '003463', 'LILIANA ROSAS HERRERA', '', 0),
(895, '003270', 'FERNANDO MACEDO DELGADO', '', 0),
(896, '003201', 'MARCO ANTONIO OROZCO ARIAS', '', 1),
(897, '002880', 'MARCELA HERNANDEZ RAMIREZ', '', 1),
(898, '001135', 'BLANCA ELIDEE SANCHEZ GARCIA', '', 0),
(899, '000441', 'ELIZABETH ESTRELLA GARRIDO LOPEZ', '', 1),
(900, '000422', 'ANDRES GARCIA MORENO RODRIGUEZ', '', 1),
(901, '003103', 'ALEJANDRA GUADALUPE GONZALEZ NICACIO', '', 0),
(902, '001482', 'RENATO DURAN CRUZ', '', 0),
(903, '000761', 'GUILLERMO GUZMAN CARBAJAL', '', 0),
(904, '000385', 'JOSE RODRIGO RIVEROLL OTERO', '', 0),
(905, '003653', 'JAIME LOPEZ HERNANDEZ', '', 0),
(906, '003910', 'NORMA ANGELICA LUNA ALVAREZ', '', 0),
(907, '003874', 'DARIO TAPIA ORTEGA', '', 1),
(908, '003572', 'JOSE ANTONIO RUIZ ORTEGA', '', 0),
(909, '003548', 'LUIS GALINDO TORRES', '', 1),
(910, '003446', 'ISRAEL SAID ZAPATA JUAREZ', '', 1),
(911, '003442', 'MAURICIO TORRES NAVA', '', 1),
(912, '003419', 'PRICILA ANDRADE VALADEZ', '', 1),
(913, '003156', 'JOSE JOAQUIN PALOMINOS VALENCIA', '', 1),
(914, '001928', 'PAULINA JIMENEZ SANTANA', 'paulina.jimenez@pfchangsmexico.com.mx', 1),
(915, '001622', 'ENRIQUE ARANDA NICASIO', '', 0),
(916, '000511', 'JAIME VASQUEZ ZENDEJAS', 'jvasquez@alsea.com.mx', 1),
(917, '003876', 'EDUARDO DIAZ ARROYO', '', 0),
(918, '003551', 'NANCY GRICELDA GODINES CORTES', '', 0),
(919, '003961', 'ADRIANA GARCIA ZARAGOZA', '', 0),
(920, '003663', 'JORGE MIGUEL KOVACS MORAYTA', 'jorge.kovacs@starbucks.com.mx', 1),
(921, '003342', 'RICARDO CASTRO FRANCO', '', 0),
(922, '003208', 'LEONARDO ANTONIO COLIN GINES', '', 0),
(923, '002624', 'MARTHA TAMAYO GODINEZ', '', 1),
(924, '002616', 'ABRAHAM PACHECO VAZQUEZ', '', 0),
(925, '002586', 'RUBEN VICTORIANO TRUJILLO LOPEZ', '', 0),
(926, '000968', 'CARLOS ARMANDO DIAZ HERNANDEZ', '', 0),
(927, '000370', 'MARICELA LOPEZ VEGA', '', 0),
(928, '000162', 'ARTURO MIJANGOS MENDOZA', '', 0),
(929, '000040', 'HECTOR SANCHEZ BALDERAS', '', 0),
(930, '000005', 'MARCELA CORTES LOPEZ', '', 0),
(931, '002906', 'MARIO ALBERTO PAEZ MARTINEZ', 'mario.paez@alsea.com.mx', 1),
(932, '000913', 'SELENE GONZALEZ SERRATO', '', 1),
(933, '003966', 'EDGAR PEÑA OSORIO', 'edgar.pena@starbucks.com.mx', 1),
(934, '003942', 'JENNESSE AURORA ANGELES OLGUIN ', '', 0),
(935, '003925', 'MILDRED ALEJANDRA NUÑEZ GARCÍA', 'mildred.nunez@starbucks.com.mx', 1),
(936, '003914', 'HUGO GUERRERO BONILLA', 'hugo.guerrero@starbucks.com.mx', 1),
(937, '003913', 'OSCAR ANTONIO ARAGON GARCIA', '', 0),
(938, '003904', 'INES TADEA GOMEZ SARAVIA RIVEROLL', 'ines.gomez@starbucks.com.mx', 1),
(939, '003892', 'ALFREDO RODRIGUEZ ALVARADO', '', 0),
(940, '003885', 'EDUARDO ULISES MEJIA DUEÑAS', 'eduardo.mejia@starbucks.com.mx', 1),
(941, '003862', 'SELENE VAZQUEZ RABANALES', '', 0),
(942, '003860', 'ENRIQUE BARBOSA CANO', '', 0),
(943, '003853', 'ILIANA JIMENEZ RODRIGUEZ', '', 0),
(944, '003823', 'DANIEL EUGENIO SANCHEZ VARGAS', '', 0),
(945, '003809', 'OSCAR GABRIEL LOPEZ HERNANDEZ', '', 1),
(946, '003791', 'JOSE MARIA BRACAMONTES ALMERAZ', 'jose.bracamontes@alsea.com.mx', 1),
(947, '003789', 'CARLOS GARCIA ROJAS', '', 0),
(948, '003785', 'MIGUEL ANGEL ANGUIANO PEREZ', 'miguel.anguiano@starbucks.com.mx', 1),
(949, '003721', 'EDGAR RIOS LINARES', 'edgar.rios@starbucks.com.mx', 1),
(950, '003720', 'ISMAEL HERNANDEZ GALICIA', '', 0),
(951, '003667', 'JORGE ALBERTO BOJORQUEZ RODRIGUEZ', 'jorge.bojorquez@starbucks.com.mx', 1),
(952, '003652', 'SANDRA LOZANO GUERRERO', '', 0),
(953, '003640', 'FEDERICO MARTINO ARREOLA', '', 0),
(954, '003620', 'LAURA FEROLLA OCAMPO', '', 0),
(955, '003612', 'SARAI JIMENEZ GARCIA', '', 1),
(956, '003595', 'DIANA ABREU SAUCEDO', '', 0),
(957, '003594', 'RICARDO AGUSTIN MELENDEZ LOPEZ', '', 0),
(958, '003588', 'RAMON NOLASCO LEYVA', '', 0),
(959, '003510', 'CHRISTIAN MEDINA CAPETILLO', '', 0),
(960, '003490', 'MARIA ETHELIA MARTINEZ GONZALEZ', '', 0),
(961, '003470', 'CHRISTIAN  GONZALEZ CASTELAN', '', 0),
(962, '003465', 'ISSA EUGENIA RODRIGUEZ BELTRAN', 'issa.rodriguez@starbucks.com.mx', 1),
(963, '003453', 'OSCAR PACHECO MORENO', 'oscar.pacheco@starbucks.com.mx', 1),
(964, '003451', 'EDITH MARTINEZ LOPEZ', '', 0),
(965, '003444', 'CLAUDIA SOLIS RIVERA', '', 0),
(966, '003443', 'VANESSA PALACIOS PONCE', '', 0),
(967, '003437', 'LLUVIA FABIOLA ACOSTA EVENES', '', 0),
(968, '003409', 'PATRICIA FIORENTINI MARINEZ', 'patricia.fiorentini@starbucks.com.mx', 1),
(969, '003401', 'NAHIELY SILVANA CAMARENA GAMEZ', '', 0),
(970, '003396', 'LAURA ELENA GOMEZ BECERRA', '', 0),
(971, '003380', 'MARIA BEATRIZ VELIZ ZENDEJAS', 'beatriz.veliz@starbucks.com.mx', 1),
(972, '003354', 'LIZETH DUARTE PICOS', 'lizeth.duarte@starbucks.com.mx', 1),
(973, '003347', 'ALICIA ESSES DABBAH', 'aesses@starbucks.com.mx', 1),
(974, '003346', 'OSCAR CORTES LOPEZ', '', 1),
(975, '003345', 'PAMELA CECILIA  PEREZ NOVOA ', '', 1),
(976, '003341', 'PABLO ADRIAN HERNANDEZ RODRIGUEZ', '', 0),
(977, '003340', 'EDGAR  JARAMILLO MANRIQUEZ', '', 0),
(978, '003339', 'MONICA IZTLI GARCIA VAZQUEZ', 'monica.garcia@starbucks.com.mx', 1),
(979, '003337', 'JOSE ARTURO PALOMAR NUÑEZ', 'jose.palomar@alsea.com.mx', 1),
(980, '003320', 'ANA LAURA QUIROS PEREZ', '', 0),
(981, '003266', 'MONICA GUTIERREZ  LARA', '', 0),
(982, '003255', 'WILLIBALDO CANO PEREZ', '', 0),
(983, '003245', 'ADRIANA MENDIOLA FLORES', '', 0),
(984, '003238', 'ANDREA SANTOS GRANADOS', '', 1),
(985, '003233', 'LORENA MARTINEZ CONTRERAS', '', 0),
(986, '003230', 'ERIKA NAYELLI MONROY VELAZQUEZ', 'emonroyv@starbucks.com.mx', 1),
(987, '003218', 'JENNY IVONNE CAMACHO ROSALES', '', 0),
(988, '003209', 'GERARDO OSUNA MARTINEZ', '', 1),
(989, '003155', 'LETICIA SAINZ FUERTES', '', 0),
(990, '003154', 'ROXANA CAMARILLO HERNANDEZ', '', 1),
(991, '003147', 'HUMBERTO DAVID MORALES MARTINEZ', '', 1),
(992, '003142', 'GRECIA YUNNUEN LAFUENTE OLOARTE', 'grecia.lafuente@starbucks.com.mx', 0),
(993, '003130', 'ISAI ADRIAN MARTINEZ REYNA', '', 1),
(994, '003129', 'NATALIA MATA CAMACHO', 'natalia.mata@starbucks.com.mx', 1),
(995, '003122', 'MARIA IVET GUERRERO RODARTE', 'maria.guerrero@starbucks.com.mx', 1),
(996, '003121', 'RUBEN CONTRERAS ARIAS', 'ruben.contreras@starbucks.com.mx', 1),
(997, '003120', 'ELSA ISELA CALDERON ESCUTIA', 'elsa.calderon@alsea.com.mx', 1),
(998, '003119', 'JUDITH ROBLEDO MENDOZA', 'judith.robledo@starbucks.com.mx', 1),
(999, '003118', 'KARINA LUGO HERNÁNDEZ', 'klugo@starbucks.com.mx', 1),
(1000, '003097', 'LUIS ANTONIO SANCHEZ MEDINA', '', 1),
(1001, '003084', 'JORGE ORTEGA DEL RIO', '', 0),
(1002, '003063', 'DANIEL RAMOS GODINA', 'daniel.ramos@starbucks.com.mx', 1),
(1003, '003053', 'OSCAR ROLANDO ALEMAN PAZ', '', 0),
(1004, '003052', 'ANA LAURA OAXACA ORDOÑEZ', 'aoxaca@starbucks.com.mx', 1),
(1005, '003051', 'JOEL ELIAS AREVALO HERRERA', '', 1),
(1006, '003049', 'MIGUEL ANGEL CHAPA SANCHEZ', '', 1),
(1007, '003042', 'MAURICIO MORALES ZANATTA', '', 0),
(1008, '003032', 'JUAN VICTOR VAZQUEZ MEJIA', '', 1),
(1009, '003027', 'ARTURO MARTINEZ GUTIERREZ', '', 1),
(1010, '003017', 'GABRIELA DE LA TORRE GOMEZ', '', 0),
(1011, '002988', 'JULIO CESAR GARCIA GUERRERO', '', 0),
(1012, '002983', 'JUAN CARLOS LOZOYA LOZOYA', '', 0),
(1013, '002979', 'GRISEL VICTORIA SALINAS RIVERA', '', 0),
(1014, '002971', 'CONSUELO ROGEL FLORES', '', 0),
(1015, '002938', 'JOSE OSCAR BASTIDA PAVON', '', 1),
(1016, '002922', 'VANESSA CARREÑO RIOS', '', 1),
(1017, '002874', 'CRISTINA ORTEGA GUEVARA', 'cristina.ortega@starbucks.com.mx', 1),
(1018, '002858', 'MARIA DE LOURDES OROZCO HERRERA', '', 0),
(1019, '002857', 'ANA PAULA GUADARRAMA FAVA', '', 0),
(1020, '002826', 'PABLO MARTIN MENDOZA TORREBLANCA', 'sergio.elias@starbucks.com.mx', 0),
(1021, '002825', 'SERGIO ELIAS GASPAR', 'sergio.elias@starbucks.com.mx', 1),
(1022, '002820', 'FRANCISCO LIZARDO HERNANDEZ MEDINA', 'francisco.hernandez@starbucks.com.mx', 1),
(1023, '002779', 'JANET ADRIANA BONIFACIO CHAVIRA', 'janet.bonifacio@starbucks.com.mx', 1),
(1024, '002748', 'VIRGINIA CARRERA OLVERA', '', 0),
(1025, '002727', 'GERARDO JOSE BUENFIL PATRON', 'gerardo.buenfil@starbucks.com.mx', 1),
(1026, '002726', 'MIRIAM GARCIA PAZ', '', 1),
(1027, '002711', 'ESTELA TEJA MOLINA', 'eteja@starbucks.com.mx', 1),
(1028, '002709', 'HAZAR SUSIM TREJO HERNANDEZ', '', 0),
(1029, '002695', 'NAZARETH ISAI SALINAS CASTILLO', '', 0),
(1030, '002691', 'SUSANA DIAZ VARGAS', '', 0),
(1031, '002679', 'MARIA FERNANDA JACOB FRANCO', 'maria-fernanda.jacob@starbucks.com.mx', 0),
(1032, '002678', 'DIANA JESSICA GONZALEZ LOPEZ', 'diana.gonzalez@starbucks.com.mx', 1),
(1033, '002655', 'LUIS RUBEN PEREYRA ESCOBAR', 'luis.escobar@starbucks.com.mx', 1),
(1034, '002615', 'JUAN CARLOS RAMOS GODINA', '', 1),
(1035, '002579', 'ALEJANDRA BERENICE CRUZ MARTINEZ', 'alejandra-berenice.cruz@starbucks.com.mx', 0),
(1036, '002512', 'JULIO CESAR MERELES RUIZ', '', 1),
(1037, '002502', 'LOURDES ELIANNE LEAL CRUZ', 'lleal@starbucks.com.mx', 1),
(1038, '002462', 'BLANCA NAYERI GONZALEZ VALDEZ', '', 0),
(1039, '002447', 'ALFREDO CASAS GOMEZ', '', 0),
(1040, '002433', 'JOSE LUIS JIMENEZ ESPINOZA', '', 0),
(1041, '002410', 'GUADALUPE JONGUITUD LARA', '', 1),
(1042, '002408', 'DANIELA DOMINGUEZ CAUDILLO', '', 0),
(1043, '002279', 'ERICKA VICTORIA GUAD MURILLO LARRAÑAGA', '', 0),
(1044, '002211', 'MARIANA CUEVAS FLORES', 'mcuevas@starbucks.com.mx', 1),
(1045, '002210', 'JESSICA DEYANIRA VALTIER MORALES', 'jvaltier@starbucks.com.mx', 1),
(1046, '002202', 'EFRAIN EMILIO MATA OCAÑAS', 'efrain.mata@starbucks.com.mx', 1),
(1047, '002178', 'ULISES QUIJANO MORALES', '', 0),
(1048, '002141', 'MARIANA EUGENIA LUGO PRECIADO', '', 1),
(1049, '002116', 'MAYELA CABRERA RAMOS', 'mcabrerar@starbucks.com.mx', 1),
(1050, '002053', 'JUAN FRANCISCO TORRES AMAYA', '', 0),
(1051, '002009', 'WENDY REBECA NIETO SANCHEZ', 'wnieto@starbucks.com.mx', 1),
(1052, '001989', 'RAMON LEONARDO GUEVARA ESPEJEL', '', 0),
(1053, '001965', 'JORGE ALBERTO BELTRAN QUINTERO', '', 0),
(1054, '001945', 'GISELA MARQUEZ RAMIREZ', '', 0),
(1055, '001932', 'NORA ELISA PADILLA CASTRO', 'npadilla@starbucks.com.mx', 1),
(1056, '001871', 'PAULINA ARELLANO RUIZ', 'parellano@starbucks.com.mx', 1),
(1057, '001861', 'LUIS MIGUEL RODARTE BRIONES', '', 1),
(1058, '001860', 'ANDRES GUILLERMO LOPEZ HIDALGO', '', 0),
(1059, '001840', 'ANA CELIA MORENO GASTELUM', 'amorenog@starbucks.com.mx', 1),
(1060, '001804', 'MARIANO MAÑON TALAMANTES', 'mmanon@starbucks.com.mx', 1),
(1061, '001801', 'DANHIRA RODRIGUEZ ALVIDREZ', 'drodriguez@starbucks.com.mx', 1),
(1062, '001744', 'SALVADOR ALEJANDRO ALTAMIRANO GARCIA', '', 0),
(1063, '001733', 'JOSE JORGE MURGA GARCIA', '', 1),
(1064, '001653', 'ADRIANA HERNANDEZ CORTES', '', 0),
(1065, '001574', 'ESTEBAN FLORES BENITEZ', 'eflores@starbucks.com', 1),
(1066, '001499', 'JORGE ALBERTO MICHEL MINAKATA', 'Jmichel@starbucks.com.mx', 1),
(1067, '001495', 'VICTOR MANUEL ESTEVEZ OROZCO', 'vestevez@starbucks.com.mx', 1),
(1068, '001453', 'MARIA JOSE VELAZQUEZ VEGA', '', 0),
(1069, '001452', 'ARGENIS PAREDES SILVA', '', 1),
(1070, '001434', 'RAMIRO FLORES DELGADO', 'rfloresd@starbucks.com.mx', 1),
(1071, '001415', 'ALBERTO COLLADO GARCIA', '', 1),
(1072, '001312', 'GUILLERMO REFFREGER SOTO', '', 1),
(1073, '001311', 'OSCAR ARANDA NICASIO', '', 0),
(1074, '001310', 'CARLOS BASILIO ZUBIAUR SANCHEZ', '', 1),
(1075, '001304', 'ABDIEL GUTIERREZ CERVANTES', '', 1),
(1076, '001251', 'ABEL OLIVAR POLANCO', '', 1),
(1077, '001132', 'ANA MARIA GARCIA CORONADO', '', 0),
(1078, '000939', 'BLANCA AZZAREL MUÑOZ GONZALEZ', 'blanca.munoz@starbucks.com.mx', 1),
(1079, '000438', 'MARIA FERNANDA TORRES PINO', 'ftorresp@starbucks.com.mx', 1),
(1080, '000429', 'CARLOS HUMBERTO ESTRADA CHAVEZ', '', 1),
(1081, '003984', 'LAURA ALVAREZ ARTEAGA', '', 0),
(1082, '003981', 'JORGE ARTURO ZUÑIGA RESENDIZ', '', 0),
(1083, '003960', 'KARLA ALICIA VIRGINI PEREZ HERNANDEZ', 'karla.perez@alsea.com.mx', 0),
(1084, '003950', 'GUADALUPE NATALY  ROMERO MEDINA', '', 0),
(1085, '003939', 'PAOLA MARIANELA MARTINEZ SANCHEZ', '', 0),
(1086, '003932', 'GABRIEL ANGEL HERNANDEZ HERNANDEZ', '', 0),
(1087, '003930', 'GERARDO CESAR FLORES', 'gerardo.cesar@alsea.com.mx', 1),
(1088, '003927', 'JOSEFINA PINEDA CORONADO', '', 0),
(1089, '003920', 'ROBERTO ARTURO VERDEJO BUBURRON', '', 0),
(1090, '003909', 'ALMA DELIA VALENZUELA SAAVEDRA', '', 0),
(1091, '003908', 'JOSE LUIS GUTIERREZ MORAN', '', 0),
(1092, '003878', 'GUILLERMO ABDEL VILLAR JUAREZ', 'guillermo.villar@alsea.com.mx', 1),
(1093, '003864', 'MONICA PAOLA ROSALES VALVERDE', '', 0),
(1094, '003859', 'KEREN SUHEILI OCHOA HERNANDEZ', '', 0),
(1095, '003858', 'ALEJANDRA VEGA MENA', 'alejandra.vega@alsea.com.mx', 0),
(1096, '003856', 'ADRIANA GRANADOS CRUZ', 'ADRIANA.GRANADOS@ALSEA.COM.MX', 0),
(1097, '003841', 'REYNEL GERVACIO DIAZ', '', 0),
(1098, '003835', 'JESUS ANTONIO VALDEZ JIMENEZ', '', 0),
(1099, '003833', 'IVAN CARDENAS RODRIGUEZ', 'ivan.cardenas@alsea.com.mx', 1),
(1100, '003832', 'XARELLY ESPINOSA RANGEL', '', 0),
(1101, '003822', 'CHRISTIAN JANETH RAMIREZ REYES', '', 0),
(1102, '003821', 'JASMIN GARCIA DE LA CRUZ', '', 0),
(1103, '003819', 'LETICIA ALCANTARA CRUZ', '', 0),
(1104, '003815', 'JESICA MILLAN PUEBLA', '', 0),
(1105, '003799', 'OMAR OSVALDO VELASCO BASTIDA', 'omar.velasco@alsea.com.mx', 1),
(1106, '003798', 'KARINA ANAHI TABARES ORTIZ', '', 0),
(1107, '003792', 'EDUARDO GARCIA GARCIA', '', 0),
(1108, '003779', 'ANTONIO VAZQUEZ ESPINOSA', '', 0),
(1109, '003776', 'ANA VICTORIA PIÑA SPINDOLA', '', 1),
(1110, '003774', 'JESICA MAYELI GAITAN VAZQUEZ', '', 0),
(1111, '003770', 'ANA PAOLA VIVEROS RAMIREZ', '', 0),
(1112, '003769', 'DANIELA TRAPAGA SANCHEZ', 'daniela.trapaga@alsea.com.mx', 1),
(1113, '003762', 'MIGUEL ANGEL ESPINOSA HERNANDEZ', 'miguel.espinosa@alsea.com', 1),
(1114, '003759', 'HORTENSIA GONZALEZ MORALES', '', 0),
(1115, '003758', 'RENE BECKER  SANDOVAL', '', 1),
(1116, '003757', 'ROSAHI MARTINEZ MENDOZA', 'rosahi.martinez@alsea.com.mx', 1),
(1117, '003755', 'EMILIO TZEC MUKUL', '', 0),
(1118, '003739', 'CAROLINA HIDALGO ENRÍQUEZ', '', 0),
(1119, '003737', 'MARA PATRICIA BAUTISTA ROMERO', '', 0),
(1120, '003735', 'BRENDA MARINA MARTINEZ HERNANDEZ', '', 0),
(1121, '003734', 'JOSE ALBERTO  HERNANDEZ CORDERO', '', 0),
(1122, '003733', 'KARINA YVETTE GARCIA GASPAR', '', 0),
(1123, '003728', 'YANIN RIVERA SANCHEZ', '', 0),
(1124, '003724', 'JAZMIN ANAHI  BAEZ MARCOS ', 'jazmin.baez@alsea.com.mx', 1),
(1125, '003722', 'DANIEL BRISEÑO MARTINEZ', '', 0),
(1126, '003716', 'YESSICA YASMIN CAMACHO SALAS', '', 0),
(1127, '003715', 'JOSE ALBERTO JIMENEZ GALVAN', '', 0),
(1128, '003708', 'MARIA GUADALUPE DIAZ VILLALOBOS', '', 0),
(1129, '003706', 'GERARDO ANTONIO GARCIA CIRILO', 'gerardo.garcia@alsea.com.mx', 0),
(1130, '003687', 'ROSENDO DANIEL  ROMERO GOMEZ', '', 0),
(1131, '003684', 'CLAUDIA SHAROON TORRES ROMAN', '', 0),
(1132, '003679', 'HABACUC JAFET ACEVEDO ESCAMILLA', 'habacuc.acevedo@alsea.com.mx', 1),
(1133, '003678', 'ADRIANA GEORGINA CASTRO GUERRERO', 'adriana-georgina.castro@alsea.com.mx', 1),
(1134, '003648', 'ZARED CARDENAS SANCHEZ', 'zared.cardenas@alsea.com.mx', 1),
(1135, '003644', 'OSCAR SAITH RON FREGOSO', '', 0),
(1136, '003635', 'LILIANA GRACIELA COLON ALANIZ', '', 0),
(1137, '003634', 'ALEJANDRO TORRES ZENTENO', '', 1),
(1138, '003623', 'LETICIA ORDOÑEZ MORENO', '', 0),
(1139, '003599', 'JOSE ISRAEL ZAPATA RODRIGUEZ', '', 1),
(1140, '003592', 'RODRIGO JAVIER SANCHEZ MEZA', '', 0),
(1141, '003582', 'JORGE LUIS RODRIGUEZ DE LA CONC RIVERA', '', 0),
(1142, '003581', 'SANDY MERINO CARPIO', '', 0),
(1143, '003571', 'RICARDO TOLEDO GOMEZ', 'ricardo.toledo@alsea.com.mx', 1),
(1144, '003564', 'ROCIO CECILIA HERNANDEZ CUEVAS', '', 1),
(1145, '003553', 'LEANDRO CESAR MONTIEL MURILLO', '', 1),
(1146, '003549', 'GLAFIRA ERIKA LAZCANO CASTILLO', '', 0),
(1147, '003542', 'RAUL HERNANDEZ GARCIA', 'raul.hernandez@alsea.com.mx', 1),
(1148, '003530', 'IVETT HERNANDEZ MARTINEZ', '', 0),
(1149, '003522', 'KATYA MARTINEZ VAZQUEZ', '', 0),
(1150, '003499', 'ALFREDO REYES CRUZ', '', 0),
(1151, '003481', 'NORMA THALIA PEREDA SANCHEZ', 'norma.pereda@alsea.com.mx', 1),
(1152, '003474', 'THALIA ELIZABETH BENITEZ CAMARA', '', 0),
(1153, '003473', 'JHEISI JUDITH NORIEGA AGUIRRE', '', 0),
(1154, '003471', 'RICARDO EMMANUEL VILLALOBOS GONZALEZ', '', 1),
(1155, '003403', 'ANGEL EDUARDO SANCHEZ CASTELL', '', 0),
(1156, '003394', 'LIZBETH PAMELA CRUZ HERNANDEZ', 'lizbeth-pamela.cruz@alsea.com.mx', 0),
(1157, '003389', 'ANA LY JIMENEZ SANCHEZ', '', 0),
(1158, '003384', 'JULIA MENDOZA MARQUEZ', '', 0),
(1159, '003373', 'PATRICIA RAMIREZ PACHECO', '', 1),
(1160, '003369', 'EDUARDO DANIEL ARJONA TAMEZ', 'eduardo.arjona@alsea.com.mx', 1),
(1161, '003366', 'CARMEN DANAE CAMPOS NOLASCO', '', 1),
(1162, '003363', 'VICTOR OCTAVIO VERGARA GUARDADO', '', 1),
(1163, '003358', 'LUIS BALTIERRA RODRIGUEZ', '', 0),
(1164, '003350', 'ERENDIRA GUADALUPE MARTINEZ JUAREZ', '', 0),
(1165, '003330', 'JOSE DE JESUS MOGOLLAN CAMPOS', 'jose.mogollan@alsea.com.mx', 1),
(1166, '003326', 'BEATRIZ AURORA MORALES JIMENEZ', '', 0),
(1167, '003314', 'CLAUDIA ISABEL GARZON MARTINEZ', '', 0),
(1168, '003313', 'EDGAR GONZALEZ CRUZ', '', 0),
(1169, '003312', 'ADRIAN SOLIS PALAFOX', 'adrian.solis@alsea.com.mx', 1),
(1170, '003311', 'EUGENIO RAYMUNDO GONZALEZ BARRERA', '', 0),
(1171, '003310', 'OMAR RODRIGUEZ TOVAR', 'omar.rodriguez@alsea.com.mx', 1),
(1172, '003309', 'GRISELDA LORENA PEDRO GARCIA', '', 1),
(1173, '003303', 'GUILLERMINA LUCAS GUTIERREZ', '', 0),
(1174, '003300', 'DULCE MARIA REYES GUZMAN', 'dulce.reyes@alsea.com.mx', 1),
(1175, '003291', 'MARIA ELIZABETH HARFUSH RIOS', '', 0),
(1176, '003260', 'CLAUDIA ELIZABETH PALOMARES RODRIGUEZ', '', 0),
(1177, '003259', 'AARON NEPHTALI CHAN NAH', '', 0),
(1178, '003253', 'VICTOR ALFONSO ALVA GARCIA', '', 0),
(1179, '003249', 'IVAN CASTILLO PINEDA', '', 0),
(1180, '003247', 'FRANCISCO JAVIER ORTIZ VARGAS', '', 0),
(1181, '003234', 'NORMA PATRICIA MONTES BAUTISTA', '', 0),
(1182, '003231', 'SELENE DE LOS ANGELE LOPEZ JUAREZ', '', 1),
(1183, '003229', 'LUIS ANGEL DOMINGUEZ ALONSO', '', 0),
(1184, '003222', 'ISRAEL GARCIA FLORES', '', 0),
(1185, '003219', 'JULIO CESAR RUIZ MENDOZA', 'julio.ruiz@alsea.com.mx', 1),
(1186, '003194', 'ALBERTO  CONTRERAS VALDEZ', '', 0),
(1187, '003182', 'ESTEBAN SANTIN BARAJAS', '', 1),
(1188, '003179', 'JÓSE MANUEL LORETO GÓMEZ', '', 0),
(1189, '003168', 'MARIA ORQUIDEA BUENDÍA CORREA', '', 0),
(1190, '003167', 'KARLA ABIGAIL ARRIAGA  GALINDO', 'karla.arriaga@alsea.com.mx', 1),
(1191, '003150', 'ANGELICA JAZMIN ROJAS ROSAS', '', 1),
(1192, '003125', 'MIGUEL ANGEL DUEÑAS ZUÑIGA', '', 1),
(1193, '003073', 'ERIKA NOEMI LARA GUTIERREZ', '', 0),
(1194, '003061', 'OCTAVIO TERRONES SALAZAR', 'oterrones@alsea.com.mx', 1),
(1195, '003047', 'JORGE LUIS CABRERA PEREZ', '', 1),
(1196, '003029', 'NAYELI TERRAZAS MEDINA', '', 0),
(1197, '003019', 'JESUS SALVADOR ARANDA RIVERA', '', 0),
(1198, '003018', 'MARLENE GUZMAN ROSALES', '', 0),
(1199, '003010', 'JOSE MANUEL DAVILA CASTRO', '', 0),
(1200, '002985', 'ALEJANDRA VANESA ARELLANO MINERO', '', 0),
(1201, '002949', 'WENDY IMELDA GONZALEZ ROJAS', '', 1),
(1202, '002939', 'RAFAEL DOMINGO CONTRERAS CAMPOS', '', 1),
(1203, '002929', 'MARIA SUSANA MORAN BARRIO', 'susana.moran@alsea.com.mx', 1),
(1204, '002877', 'LEONARDO DANIEL NORIEGA GALINDO', '', 0),
(1205, '002864', 'MARIA DEL CARMEN GARAY CAÑAS', 'maria-delcarmen.garay@alsea.com.mx', 1),
(1206, '002828', 'MANUEL ALEJANDRO GONZALEZ FLORES', '', 0),
(1207, '002816', 'MIGUEL ANGEL GUITRON SALDAÑA', '', 0),
(1208, '002809', 'IGNACIO HUERTA GALLEGOS', '', 0),
(1209, '002793', 'ADRIANA HERNANDEZ MATEO', '', 0),
(1210, '002715', 'OSCAR MANUEL DURAN MARTINEZ', '', 1),
(1211, '002692', 'FERNANDO TRUEBA DEL VALLE', '', 0),
(1212, '002642', 'LUZ AIDEE RODRIGUEZ BOTELLO', 'luz-aidee.rodriguez@alsea.com.mx', 1),
(1213, '002620', 'MARION CANCINO PEREZ', '', 0),
(1214, '002601', 'MAYRA YOLANDA FLORES OSORNO', '', 1),
(1215, '002578', 'CLAUDIA GUADALUPE DIAZ VALADEZ', '', 1),
(1216, '002577', 'FABIOLA GALINDO SANTIAGO', 'fabiola.galindo@alsea.com.mx', 1),
(1217, '002575', 'GUADALUPE PULIDO BLANDO', 'guadalupe.pulido@alsea.com.mx', 1),
(1218, '002528', 'GUILLERMO DE JESUS CEJA ZUÑIGA', '', 0),
(1219, '002520', 'ALEJANDRO VILLARRUEL MORALES', '', 1),
(1220, '002516', 'LAURA IVETTE NAVARRO ESCAMILLA', '', 1),
(1221, '002511', 'MARIO ALBERTO AMADOR DE JESUS', 'mario-alberto.amador@alsea.com.mx', 0),
(1222, '002505', 'LETICIA DOROTY HERNANDEZ CERVANTES', '', 0),
(1223, '002488', 'GERARDO AUGUSTO AGUILAR MENA', '', 0),
(1224, '002483', 'MONICA IBETH TERAN VAZQUEZ', '', 1),
(1225, '002466', 'ANA LIA VALVERDE CASTILLO', 'ana-lia.valverde@alsea.com.mx', 1),
(1226, '002454', 'HECTOR ERNESTO PLANCARTE SAAVEDRA', '', 0),
(1227, '002452', 'SALVADOR MARTINEZ ENCISO', '', 0),
(1228, '002427', 'LAURA PALOMA HERNANDEZ ALARCON', '', 1),
(1229, '002416', 'FABIOLA VAZQUEZ NAVARRO', '', 0),
(1230, '002411', 'MONICA GABRIELA GARZA JARERO', '', 0),
(1231, '002405', 'MAURICIO MOLINA ALONSO', '', 0),
(1232, '002396', 'CLARA ARACELI GARRIDO SARABIA', '', 1),
(1233, '002382', 'LICELI GERVACIO RAMIREZ', '', 0),
(1234, '002356', 'NALLELY FLOR SIBAJA MUÑOZ', '', 0),
(1235, '002354', 'ESTEBAN ORTIZ MARTINEZ', '', 0),
(1236, '002345', 'MARCO ANTONIO SANCHEZ CHORES', 'marco-antonio.sanchez@alsea.com.mx', 1),
(1237, '002328', 'EMMANUEL CRUZ LARA', '', 1),
(1238, '002325', 'ROSA LIZET LUNA OCAMPO', '', 0),
(1239, '002319', 'KARINA LIZETH SEPULVEDA ELIZONDO', '', 1),
(1240, '002304', 'EDGAR URIEL HERNANDEZ GILBERTO', '', 0),
(1241, '002296', 'GRISELDA GONZALEZ INFANTE', '', 0),
(1242, '002295', 'MARCO ARTURO PONCE SANTIAGO', 'mponces@alsea.com.mx', 1),
(1243, '002277', 'VICTOR MANUEL MEZA JUAREZ', '', 0),
(1244, '002226', 'MARIA AYDE HERLINDA RUIZ FIERROS', '', 1),
(1245, '002221', 'LUIS MIGUEL SANDOVAL MARTINEZ', '', 1),
(1246, '002205', 'MIGUEL ANGEL SORIA LOPEZ', '', 0),
(1247, '002196', 'DIANA RAMIREZ CID', '', 1),
(1248, '002136', 'MIGUEL ANGEL MORALES PALACIOS', '', 0),
(1249, '002102', 'ROBERTO SERRALDE NIETO', '', 0),
(1250, '002088', 'ALEJANDRO CAMACHO BELMONT', '', 1),
(1251, '002066', 'CLAUDIA MENDOZA RODRIGUEZ', '', 1),
(1252, '002059', 'YESSICA MARIBEL CONTRERAS RODRIGUEZ', '', 1),
(1253, '002056', 'DAVID ALBAVERA CENTENO', '', 1),
(1254, '002055', 'ZORAIDA VALDES FLORES CARRANZA', '', 1),
(1255, '001987', 'GABRIELA ROSALES EVANGELISTA', '', 1),
(1256, '001949', 'MARICELA CASTILLO SIXTOS', '', 1),
(1257, '001937', 'JOSE COLIN CARMONA', '', 1),
(1258, '001923', 'ISRAEL GARCIA FLORES', '', 1),
(1259, '001903', 'JOSE  LUIS VAZQUEZ RIVERA', '', 1),
(1260, '001876', 'MARIA DEL ROSARIO RIOJA FRANCO', '', 1),
(1261, '001859', 'MAYRA BERENISSE MALACARA RODRIGUEZ', '', 1),
(1262, '001838', 'TANIA BARTOLINI CRUZ', '', 0),
(1263, '001837', 'XOCHITL RAMOS GOMEZ', '', 1),
(1264, '001834', 'EDITH LILIANA RODRIGUEZ PEREZ', '', 1),
(1265, '001831', 'YANINA CRISTINA PEREZ SALAS', '', 0),
(1266, '001813', 'NADIA MERCEDES ZAMORA CEDILLO', '', 1),
(1267, '001808', 'SALOMON SALAS CARAPIA', '', 0),
(1268, '001790', 'JAVIER PEREZ DEL VALLE', '', 0),
(1269, '001769', 'ADOLFO PALACIOS ORTIZ', '', 1),
(1270, '001730', 'LAURA GUILLERMINA MONTOYA SANCHEZ', '', 0),
(1271, '001703', 'NAHUM JUAREZ SANTOS', '', 1),
(1272, '001652', 'DELTA LUCERO TELLEZ CHONG', '', 1),
(1273, '001633', 'MARIA GUADALUPE GARDUÑO CHAPINA', '', 1),
(1274, '001609', 'MARISOL HERRERA', 'marisol.herrera@alsea.com.mx', 1),
(1275, '001582', 'VIRGILIO ESPINOZA PEREZ', 'vespinoza@alsea.com.mx', 1),
(1276, '001560', 'EDUARDO CORTES MUNGUIA', '', 1),
(1277, '001552', 'SAMUEL OROZCO FRANCO', '', 0),
(1278, '001531', 'ELENA REYNA RAMOS ALMAZO', '', 1),
(1279, '001530', 'MATILDE DEL CARMEN ALVARADO HERNANDEZ', '', 1),
(1280, '001520', 'RAFAEL AVALOS HERNANDEZ', '', 0),
(1281, '001489', 'SUSANA PEREZ RIVERA', '', 0),
(1282, '001476', 'DANIEL MONTALVO CASTILLO', '', 1),
(1283, '001413', 'VICTOR MANUEL SERRANO CAMACHO', '', 0),
(1284, '001412', 'MARIA LUISA VASQUEZ JUAREZ', '', 1),
(1285, '001403', 'NANCY JUDITH OCHOA MORALES', 'nancy.ochoa@alsea.com.mx', 1),
(1286, '001389', 'ADRIANA VELASCO GALICIA', '', 0),
(1287, '001343', 'ADAN REYNA ROSALES', '', 1),
(1288, '001339', 'ERIKA LORENA ORTIZ GAETA', '', 1),
(1289, '001328', 'CARLOS FILIBERTO CONTRERAS DIAZ', '', 0),
(1290, '001298', 'JOEL ZUÑIGA GORDILLO', '', 1),
(1291, '001287', 'ROSA BERTHA VERDE SANCHEZ', '', 0),
(1292, '001210', 'ALFREDO LANZAGORTA SOSA', '', 1),
(1293, '001167', 'JESUS PADILLA SALGADO', '', 1),
(1294, '001157', 'FULGENCIO LOPEZ GARCIA', '', 1),
(1295, '001098', 'ALMA GABRIELA BAEZ GUTIERREZ', '', 1),
(1296, '001092', 'PEDRO ANGELES ESPARZA', '', 0),
(1297, '001070', 'ELIZABETH MONROY MOTA', 'emonrroy@alsea.com.mx', 1),
(1298, '001056', 'DANIEL GONZALEZ MARTINEZ', '', 0),
(1299, '000971', 'CHRISTIAN SOSA CERVANTES', '', 0),
(1300, '000930', 'MONICA MIREYA MENDEZ VELAZQUEZ', '', 1),
(1301, '000877', 'EFREN ABARCA BENITEZ', 'eabarca@dominos.com.mx', 1),
(1302, '000876', 'EDUARDO SOLIS ARREOLA', '', 0),
(1303, '000784', 'RUPERTO CRISANTO TORRES BORGES', '', 1),
(1304, '000715', 'JUAN GABRIEL JIMENEZ CISNEROS', '', 1),
(1305, '000714', 'MARIA DOLORES AVILA CASTRO', '', 1),
(1306, '000712', 'MARIA DOLORES AGUILAR LOPEZ', 'daguilar@alsea.com', 1),
(1307, '000711', 'ALFONSO BARRUETA GALEANA', '', 0),
(1308, '000708', 'RAUL RODRIGUEZ SANCHEZ', '', 0),
(1309, '000707', 'LUIS CAMARILLO CORNEJO', '', 0),
(1310, '000697', 'MARIA ADRIANA MALVAEZ RODRIGUEZ', '', 0),
(1311, '000695', 'GREGORIO SALAZAR MORALES', '', 0),
(1312, '000613', 'JAIME HERNANDEZ SOTERO', '', 0),
(1313, '000549', 'MONICA ROBLES AVITUA', '', 1),
(1314, '000501', 'ALBERTO EMETERIO LUNA RUBIO', '', 0),
(1315, '000463', 'SIMON MUÑOZ FERNANDEZ', '', 0),
(1316, '000452', 'ADRIANA MARTINEZ MORAN', '', 0),
(1317, '000418', 'JOSE DANIEL FERNANDEZ MARTINEZ', '', 1),
(1318, '000397', 'ANGELES ROMERO LIMON', '', 1),
(1319, '000396', 'PEDRO ALEJANDRO GUTIERREZ LOPEZ', '', 1),
(1320, '000360', 'FIDEL DELGADO SOTO', 'fdelgado@alsea.com.mx', 1),
(1321, '000346', 'MARIA LAURA XOCHICALE LIMA', '', 1),
(1322, '000331', 'RUBEN MENDEZ JUAREZ', '', 1),
(1323, '000270', 'JAVIER FRANCO CENTENO', '', 0),
(1324, '000251', 'MARCO ANTONIO VAZQUEZ ZUÑIGA', '', 0),
(1325, '000229', 'FERNANDO SANCHEZ MARTINEZ', '', 0),
(1326, '000187', 'MARIA DEL ROSARIO RAMIREZ VALENZUELA', '', 1),
(1327, '000145', 'CAMILO RAFAEL JIMENEZ GONZALEZ', '', 1),
(1328, '000088', 'CLEMENTE MARTINEZ GARCIA', '', 0),
(1329, '000076', 'IGNACIO LOPEZ CASTRO', '', 0),
(1330, '000055', 'MARIA DEL CARMEN FLORES RIVERA', '', 1),
(1331, '000047', 'MARIO GONZALEZ BAUTISTA', 'mario.gonzalez@alsea.comñ.mx', 0),
(1332, '000033', 'SANDRA ROMERO OSORNO', '', 0),
(1333, '000032', 'ERNESTO ALEJANDRO RODRIGUEZ MEDINA', 'erdgz@alsea.com.mx', 1),
(1334, '000019', 'JOSE LUIS CASTAÑEDA GARCIA', '', 1),
(1335, '000010', 'MARIA CRISTINA VALENCIA ACEVEDO', '', 1),
(1336, '003872', 'GERARDO VELA MUÑOZ', '', 0),
(1337, '003677', 'HECTOR MANUEL RODRIGUEZ ENRIQUEZ', 'hector.rodriguez@thecheesecakefactorymexico.c', 0),
(1338, '003256', 'LEONEL ENRIQUE PASTRANA TENORIO', '', 1),
(1339, '002439', 'OSCAR PRECIADO RUBIO', '', 1),
(1340, '002317', 'CYNTHIA ACELA BLANCAS MORAN', '', 1),
(1341, '002190', 'SOFIA MARGARITA ROBLES CASTILLO', '', 1),
(1342, '003922', 'FRANCISCO JAVIER TOUSSAINT PARRODI', '', 0),
(1343, '003921', 'LUZ GUILLERMINA ESPARZA LIZARRAGA', 'guillermina.esparza@alsea.com.mx', 1),
(1344, '003491', 'CLAUDIA GUADALUPE FLORES CANO', '', 0),
(1345, '002854', 'MONICA MARCELA TORRES AZCARRAGA', '', 0),
(1346, '001641', 'VERONICA MENDIETA VAZQUEZ', '', 0),
(1347, '001116', 'MARIA MAGDALENA MARRON DE PAVIA', '', 1),
(1348, '000540', 'SERGIO MILLAN CISNEROS', '', 1),
(1349, '000434', 'GERARDO ROJAS BLASQUEZ', '', 1),
(1350, '003884', 'ABRIL JIMENA MICHEL ORTEGA', 'abril.michel@alsea.com.mx', 1),
(1351, '003879', 'MARIA ELENA VAZQUEZ CHAVEZ', '', 1),
(1352, '003726', 'ANA MARIA ALVAREZ BUJALIL', '', 1),
(1353, '003560', 'RAUL IGLESIAS AVAYOU', '', 0),
(1354, '003486', 'CID OMAR PEREZ PEREZ', '', 1),
(1355, '002543', 'ESTEBAN ALVAREZ GAMA', '', 0),
(1356, 'vips6398137', 'ILEANA ARACELI FELIX DIAZ SIERRA', '', 0),
(1357, 'vips6000317', 'GUADALUPE FERNANDO CERVANTES MARTINEZ', '', 0),
(1358, 'vips521430', 'MARIA GUADALUPE ESCAMILLA ANGELES', '', 0),
(1359, 'vips6407825', 'LUIS FERNANDO GONZALEZ VAZQUEZ', '', 0),
(1360, 'vips6521106', 'DANIEL SEBASTIAN SOLORZANO DUENAS', '', 0),
(1361, 'vips5570967', 'BRENDA KARINA HERNANDEZ FLORES', '', 0),
(1362, 'vips6104078', 'ANA LUZ PUIG MONARRES', '', 0),
(1363, 'vips577348', 'GERARDO CESAR DELGADO REYES', '', 0),
(1364, 'vips1150352', 'MARIBEL PATRICIA SANTIAGO ROJAS', '', 0),
(1365, 'vips5280822', 'LUBIN ROMERO URIOSTEGUI', '', 0),
(1366, 'vips6002342', 'CLAUDIA FLORES COZART', '', 0),
(1367, 'vips6080720', 'GIL ALBERTO OLIVARES MEDINA', '', 0),
(1368, 'vips5178504', 'CLAUDIA ISELA PAZ VALDEZ', '', 0),
(1369, 'vips6828829', 'PEDRO GUTIERREZ DAVALOS', '', 0),
(1370, 'vips2482752', 'LYDIA ESPERANZA TORRES GARCIA', '', 0),
(1371, 'vips1147174', 'MARIA GUADALUPE MEJIA HERNANDEZ', '', 0),
(1372, 'vips5035023', 'MARIA CONCEPCION VERA JUAREZ', '', 0),
(1373, 'vips6250140', 'CARLOS ALFONSO VERGARA PARRA', 'carlos.vergara@alsea.com.mx', 1),
(1374, 'vips5506612', 'JOSE JAVIER MENESES SOBRINO', '', 0),
(1387, 'vips6554955', 'GISELA AIDE CASTILLO DOMINGUEZ', '', 0),
(1388, 'vips6007396', 'LETICIA CORENO GARCIA', '', 0),
(1389, 'vips6554933', 'FRANCISCO GONZALEZ REZA', '', 0),
(1390, 'vips5645930', 'ARTURO CORTES SERRANO', '', 0),
(1391, 'vips5131233', 'FRANCISCO CURA TRUJILLO', '', 0),
(1392, 'vips1143706', 'ROBERTO MIGUEL SANTILLAN SANCHEZ', '', 0),
(1393, 'vips6445873', 'EMMA HERNANDEZ GARCIA', '', 0),
(1394, 'vips6379565', 'LILIANA MILLAN GONZALEZ', '', 0),
(1395, 'vips6419672', 'ELISA CRISTINA OLIVARES RAMOS', '', 0),
(1396, 'vips6327500', 'JOSE LUIS CARDENAS VERA', '', 0),
(1397, 'vips6630115', 'JUAN CARLOS LOPEZ MARTINEZ', '', 0),
(1398, 'vips5106091', 'FERNANDO GONZALEZ RUBIO GUTIERREZ', '', 0),
(1399, 'vips6003449', 'MONICA LILIANA SANDOVAL PRADO', '', 0),
(1400, 'vips5407922', 'BERNARDO CASTRO NEGRETE', 'bernardo.castro@alsea.com.mx', 1),
(1401, 'vips559138', 'OLGA REGINA VAZQUEZ LOPEZ', '', 0),
(1402, 'vips6388249', 'ROCIO ARACELI ALONSO MARTINEZ', '', 0),
(1403, 'vips6746813', 'CLAUDIA ADRIANA GASCON GARCIA', '', 0),
(1404, 'vips6649288', 'ZUE ADRIANA ORTEGA JIMENEZ', '', 0),
(1405, 'vips6672438', 'NOEMI RAMIREZ QUINTERO', 'noemi.ramirez@alsea.com.mx', 1),
(1406, 'vips6919327', 'SERGIO CANO FLORES', '', 0),
(1407, 'vips2584455', 'JOSE ANGEL LOPEZ CASTILLO', '', 0),
(1408, 'vips6247241', 'GRISELDA BELLO ESQUIVEL', '', 0),
(1409, 'vips6390088', 'LISSETE FABIOLA MALDONADO GALINDO', '', 0),
(1410, 'vips6004752', 'EDUARDO GONZALEZ GARCIA', '', 0),
(1411, 'vips6026532', 'MARIA MAGDALENA SOLIS SUAREZ', '', 0),
(1412, 'vips6401689', 'CARLOS FRANCISCO ESCOTO RODRIGUEZ', '', 0),
(1413, 'vips6737633', 'ANDREA AGLAE PILIADO RODRIGUEZ', '', 0),
(1414, 'vips6003970', 'ADRIAN JOSUE URBINA GALVAN', '', 0),
(1415, 'vips6598812', 'MELANNIE GEOVANNA VILLAGOMEZ CRUZ', '', 0),
(1416, 'vipsVendor', 'CARLOS ORLANDO GONZALEZ PEREZ', '', 0),
(1417, 'vipsVendor', 'FERNANDO LIRA MARTINEZ', '', 0),
(1418, 'vips5553310', 'ADRIANA GABRIELA LEGORRETA MARTINEZ', '', 0),
(1419, 'vips6897499', 'EDUARDO HERRERA PEREZ', '', 0),
(1420, 'vips6589357', 'JORGE ISAAC CASTRO PEREZ', '', 0),
(1421, 'vips6781653', 'JOSE ALBERTO MENDOZA CHAVEZ', '', 0),
(1422, 'vips6788581', 'MANUEL OMAR MERA FLORES', '', 0),
(1423, 'vips6036665', 'AMALIA AGUILA FRANCO', '', 0),
(1424, 'vips6562134', 'EDUARDO GABRIEL CARDENAS', '', 0),
(1425, 'vips6002343', 'ALEJANDRA MONDRAGON CHAVARRIA', '', 0),
(1426, 'vips1177070', 'LUIS VILLASANA LARIOS', '', 0),
(1427, 'vips6257964', 'ERICK IVAN ORTEGA GONZALEZ', '', 0),
(1428, 'vips6000210', 'ALBERTO VALLEJO PERALTA', '', 0),
(1429, 'vips6000282', 'FAUSTO JUAREZ MONTES', '', 0),
(1430, 'vips1119976', 'ANA LAURA OLIVA DURAN', '', 0),
(1431, 'vips1141144', 'MARTIN ALCANTARA CAZARES', '', 0),
(1432, 'vips1086736', 'JUAN MONTANO SIERRA', '', 0),
(1433, 'vips6004684', 'MIGUEL ANGEL ARZATE SOSA', '', 0),
(1434, 'vips2773230', 'MARIBEL GAMEZ MARTINEZ', '', 0),
(1435, 'vips5367364', 'JULISSA GARCIA RUIZ', '', 0),
(1436, 'vips1169555', 'CARLOS HERNANDEZ GUTIERREZ', '', 0),
(1437, 'vips6577884', 'VERONICA MATIAS TORRES', '', 0),
(1438, 'vips6194300', 'CECILIA MENDOZA BAUTISTA', '', 0),
(1439, 'vips2115296', 'GILBERTO ALEJANDRO RAMIREZ GRANADOS', '', 0),
(1440, 'vips5637204', 'MIGUEL ANGEL SUAREZ HERNANDEZ', '', 0),
(1441, 'vips6004918', 'LUIS ROBERTO VILLEGAS MARTINEZ', '', 0),
(1442, 'vips6037148', 'MIGUEL ANGEL CASTRO NOVELO', '', 0),
(1443, 'vips6120679', 'ADRIANA ALCANTARA SOMERA', '', 0),
(1444, 'vips6766011', 'ALEJANDRO VARGAS FIGUEROA', '', 0),
(1445, 'vips6603344', 'CHRISTIAN ALEJANDRO ALVARADO CANALES', '', 0),
(1446, 'vips6102052', 'REYNA GUADALUPE AYALA FUENTES', '', 0),
(1447, 'vips6189502', 'MARIA ASUNCION REBOLLAR BENITEZ', '', 0),
(1448, 'vips5449167', 'ILEANA MONTEMAYOR MENCHACA', '', 0),
(1449, 'vips6777189', 'ALEJANDRO CORONEL RIVAS', '', 0),
(1450, 'vips6890843', 'ORLANDA CALDERON ORTIZ', '', 0),
(1451, 'vips6097177', 'CLAUDIA EVELYN PEREZ MORALES', '', 0),
(1452, 'vips5044719', 'ALMA DELIA LOPEZ GONZALEZ', '', 0),
(1453, 'vips1100843', 'OTILIA OCAMPO SANDOVAL', '', 0),
(1454, 'vips1967116', 'JESUS ENRIQUE REYNOSO ALVAREZ', '', 0),
(1455, 'vips6306599', 'GRACIELA CABALLERO REYES', '', 0),
(1456, 'vips1973114', 'ARELI HERNANDEZ CAMPOS', '', 0),
(1457, 'vips6433176', 'SANDY AIDEE LOPEZ ESCAMILLA', '', 0),
(1458, 'vips1602911', 'VERONICA SANCHEZ ROA', '', 0),
(1459, 'vips3289778', 'MARIA ELBA CHAVEZ ORTIZ', '', 0),
(1460, 'vips6413830', 'TANIA PAOLA FLORES PEDRAZA', '', 0),
(1461, 'vips6756759', 'LUZ DEL CARMEN DIAZ DE VIVAR LUNA', '', 1),
(1462, 'vips376534', 'RAUL ROSETE GUADARRAMA', '', 0),
(1463, 'vips1025321', 'JOSE ANTONIO ALVARADO CALVO', 'jose.alvarado@alsea.com.mx', 1),
(1464, 'vips5532774', 'VICTOR ENRIQUE GUZMAN MARTINEZ', '', 0),
(1465, '666666', 'Nallely Flores Vicente', 'anjudark89@gmail.com', 0),
(1466, '003990', 'Juan Pablo Seldner Uribe', 'juan.seldner@alsea.com.mx', 0),
(1467, '004046', 'Francisco Demesa', NULL, 1),
(1468, '004044', 'Ximena Camarillo Leal', 'ximena.camarillo@alsea.com.mx', 1),
(1469, '004043', 'Claudia	Flores Delgado', NULL, 1),
(1470, '004008', 'Sergio Ismael Ramirez Lopez', 'ismael.ramirez@alsea.com.mx', 1),
(1471, '003989', 'DANIELA GALÁN', 'daniela.galan@starbucks.com.mx', 1),
(1472, '004119', 'EMILIO SALVADOR  LOPEZ VIVES', 'emilio.lopez@dominos.com.mx', 0),
(1473, '004120', 'SANTIAGO MARTINEZ LEAL', 'santiago.martinez@dominos.com.mx', 0),
(1474, '004121', 'FERNANDO AGUILAR CHAVEZ', 'fernando.aguilar@dominos.com.mx', 0),
(1475, '004122', 'MARIO MENDEZ  ESPINA', 'mmendeze@dominos.com.mx', 0),
(1476, '004123', 'LAURA LIZETH MEDINA PACHECO', 'laura.medina@dominos.com.mx', 0),
(1477, '004124', 'NADIA YAMILE  IZQUIERDO MARTINEZ', 'nadia.izquierdo@dominos.com.mx', 0),
(1478, '004125', 'JORGE RODRÍGUEZ RAMÍREZ', 'jorge.rodriguezr@alsea.com.mx', 0),
(1479, '004126', 'DIANA LORENA PALOMO GARCIA', 'diana.palomo@dominos.com.mx', 0),
(1480, '004127', 'ERASMO VEGA ENRIQUEZ', 'erasmo.vega@starbucks.com.mx', 0),
(1481, '004128', 'GERARDO SANTIAGO OLMOS', 'gerardo.santiago@starbucks.com.mx', 0),
(1482, '004129', 'ALONSO ARTURO PICAZO  ARIZMENDI', 'alonso.picazo@alsea.com.mx', 0),
(1483, '004130', 'JAIME ANTONIO RUELAS GUTIERREZ', 'jruelas@starbucks.com.mx', 0),
(1484, '004131', 'DIEGO CHAM ANAYA', 'diego.cham@starbucks.com.mx', 1),
(1485, '004132', 'DIANA GABRIELA RAMIREZ VINIEGRA', 'dianag.ramirez@alsea.com.mx', 0),
(1486, '004133', 'JORGE ELIAS VICENTE MORALES', 'jorge.vicente@starbucks.com.mx', 1),
(1487, '004134', 'CAROLINA OROSA GURRIA', 'carolina.orosa@alsea.com.mx', 0),
(1488, '004135', 'MARA REYES ESPINOSA', 'mara.reyes@alsea.com.mx', 0),
(1489, '004136', 'ISAAC FRANCISCO VALLEJO HERNANDEZ', 'isaac.vallejo@alsea.com.mx', 0),
(1490, '004137', 'CARLOS VELASCO RAMIREZ', 'carlos.velasco@alsea.com.mx', 0),
(1491, '004138', 'JOSE DAVID FIGUEROA ROMAN', 'jose.figueroa@alsea.com.mx', 0),
(1492, '004139', 'ERIKA GUADALUPE BARBOSA PIZA', 'erika.barbosa@alsea.com.mx', 0),
(1493, '004140', 'MIRIAM ISABEL CAMARGO CUEN', 'miriam.camargo@alsea.com.mx', 0),
(1494, '004141', 'DANIEL  LUNA ROBLES', 'daniel.luna@alsea.com.mx', 0),
(1495, '004142', 'MARSELLA XANADU JESSICA GUZMAN BELLO', 'marsella.guzman@alsea.com.mx', 0),
(1496, '004143', 'ANA ALICIA RUVALCABA SEGOVIANO', 'ana.ruvalcaba@alsea.com.mx', 0),
(1497, '004144', 'CESAR ALBERTO GARCIA RUBIO', 'cesar.garcia@alsea.com.mx', 0),
(1498, '004145', 'ALMA DELIA LOPEZ GONZALEZ', 'alma.lopez@alsea.com.mx', 0),
(1499, '004146', 'MANUEL ALEJANDRO GALINDO ARTEAGA', 'manuel.galindo@alsea.com.mx', 0),
(1500, '004147', 'CESAR EDUARDO CRUZ  MATEOS', 'cesar.cruz@alsea.com.mx', 0),
(1501, '004148', 'GUSTAVO  GALINDO CHAVEZ', 'gustavo.galindo@alsea.com.mx', 0),
(1502, '004149', 'LUZ MYLENA GOMEZ GORDILLO MARTINEZ', 'mylena.gomez@alsea.com.mx', 0),
(1503, '004150', 'SANDRA GABRIELA RUIZ MEDINA', 'sandra.ruiz@dominos.com.mx', 0),
(1504, '004151', 'FERNANDO GARCIA CRUZ', 'fernando.garcia@alsea.com.mx', 0),
(1505, '004152', 'VALENTIN MUÑOZ GUTIERREZ', 'valentin.munoz@alsea.com.mx', 0),
(1506, '004153', 'EDGAR FABILA ALLENDELAGUA', 'edgar.allendelagua@alsea.com.mx', 0),
(1507, '004154', 'RICARDO ERNESTO GRANADOS ALBARRAN', 'ricardo.granados@alsea.com.mx', 0),
(1508, '004155', 'LAURA GALVAN ROMERO', 'laura.galvan@alsea.com.mx', 0),
(1509, '004156', 'PAOLA RAMOS PEDRAZA', 'paola.ramos@starbucks.com.mx', 0),
(1510, '004157', 'GAD JIMENEZ GARCIA', 'gad.jimenez@alsea.com.mx', 0),
(1511, '004158', 'FERNANDO SANCHEZ OCTAVO', 'fernando.sanchezo@alsea.com.mx', 0),
(1512, '004159', 'RUBEN ANGEL ALBOR AVENDAÑO', 'ruben.albor@alsea.com.mx', 0),
(1513, '004160', 'JUAN ANTONIO AVILA LITA', 'juan.avila@dominos.com.mx', 0),
(1514, '004161', 'LISANDRO CORTES OROPEZA', 'lisandro.cortes@dominos.com.mx', 0),
(1515, '004162', 'ROGELIO GONZALEZ GONZALEZ', 'rogelio.gonzalez@dominos.com.mx', 0),
(1516, '004163', 'JESUS ALEJANDRO MARTINEZ ARIAS', 'jesus.martinez@dominos.com.mx', 0),
(1517, '004164', 'ALVARO ALONSO ALCOCER DAVILA', 'alvaro.alcocer@pfchangsmexico.com.mx', 0),
(1518, '004165', 'FERNANDO GARRIDO CONTRERAS', 'fernando.garrido@dominos.com.mx', 0),
(1519, '004166', 'ROSA MANUELA ESTRADA URBINA', 'rosa.estrada@dominos.com.mx', 0),
(1520, '004167', 'ANTONIO CARRILLO RAMIREZ', 'antonio.carrillo@alsea.com.mx', 1),
(1521, '004168', 'ROGELIO ZAVALA RUMUALDO', 'rogelio.zavala@alsea.com.mx', 0),
(1522, '004169', 'HUMBERTO MORALES HERNANDEZ', 'humberto.moralesh@alsea.com.mx', 0),
(1523, '004170', 'DIANA SAMPERIO ALVAREZ', 'diana.samperio@dominos.com.mx', 0),
(1524, '004171', 'MARIA FERNANDA LOPEZ GARCIA', 'fernanda.lopez@alsea.com.mx', 0),
(1525, '004172', 'ALMA VICTORIA GUZMAN RIVAS ARMAND', 'alma-victoria.guzman@cpkmexico.com.mx', 0),
(1526, '004173', 'MIGUEL ANGEL GARCIA GOMEZ', 'miguel-angel.garcia@alsea.com.mx', 0),
(1527, '004174', 'CLAUDIA CRISTINA CASTRO CAMARILLO', 'claudia.castro@alsea.com.mx', 0),
(1528, '004175', 'ACACIO ANTONIO VALDEZ GUTIERREZ', 'acacio.valdez@alsea.com.mx', 0),
(1529, '004176', 'JOSE LUIS GUTIERREZ GARNICA', 'jose.gutierrez@alsea.com.mx', 0),
(1530, '004177', 'CARLOS ALBERTO ROMERO RUIZ', 'carlos.romero@alsea.com.mx', 0),
(1531, '004178', 'MIGSAR NAVARRO SANTIESTEBAN', 'migsar.navarro@alsea.com.mx', 0),
(1532, '004179', 'RICARDO ESCALANTE ACUÑA', 'ricardo.escalante@alsea.com.mx', 0),
(1533, '004180', 'ANGELICA SANTIAGO TORRES', 'angelica.santiago@alsea.com.mx', 0),
(1534, '004181', 'HEIDI NAVA PACHECO', 'heidi.nava@alsea.com.mx', 0),
(1535, '004182', 'ELISA MARIA BELTRAN AVENDAÑO', 'elisa.beltran@alsea.com.mx', 0),
(1536, '004183', 'MARIA FERNANDA GRANADOS SALAZAR', 'fernanda.granados@alsea.com.mx', 0),
(1537, '004184', 'EDUARDO RODRIGUEZ RAMIREZ', 'eduardo.rodriguez-ramirez@alsea.com.mx', 0),
(1538, '004185', 'ALBERTO IBARRA GARCIA', 'alberto.ibarra-garcia@alsea.com.mx', 0),
(1539, '004186', 'EDGAR DANIEL ALDANA VALDEZ', 'edgar.aldana@alsea.com.mx', 0),
(1540, '004187', 'FABIAN MARTINEZ MARTINEZ', 'fabian.martinez@alsea.com.mx', 0),
(1541, '004188', 'ESTHER BERMEJO OLVERA', 'esther.bermejo@alsea.com.mx', 0),
(1542, '004189', 'NOHEMI BERENICE GOMEZ IBARRA', 'nohemi.gomez@alsea.com.mx', 0),
(1543, '004190', 'BLANCA ESTHELA PEREZ SANCHEZ', 'blanca.perez@alsea.com.mx', 0),
(1544, '004191', 'ALFONSO ARMANDO FRANCO SAN JUAN', 'alfonso.franco@alsea.com.mx', 0),
(1545, '004192', 'DAVID MUNGUIA CANO', 'david.munguia@alsea.com.mx', 0),
(1546, '004193', 'HECTOR BECERRIL MEDINA', 'hecbecme@gmail.com', 0),
(1547, '004194', 'MARCO ANTONIO CAMPOS MILLAN', 'marco-antonio.campos@alsea.com.mx', 0),
(1548, '004195', 'ADA FABIOLA CORNEJO SAAVEDRA', 'fabiola.cornejo@alsea.com.mx', 0),
(1549, '004196', 'SERGIO IVAN GUZMAN CARREON', 'sergio.guzman@starbucks.com.mx', 0),
(1550, '004197', 'LEONARDO MIGUEL MARTINEZ CARRILLO', 'leonardo.miguel.martinez@alsea.com.mx', 0),
(1551, '004198', 'PILAR AIDEE GONZALEZ HUERTA', 'pilar.gonzalez@alsea.com.mx', 0),
(1552, '004199', 'ANA CLAUDIA RUIZ VILLA', 'ana.ruiz@alsea.com.mx', 0),
(1553, '004200', 'JESUS ENRIQUE HERNANDEZ LLANEZ', 'jesus.hernandez@alsea.com.mx', 0),
(1554, '004201', 'ISRAEL BOLLAS  JUAREZ', 'israel.bollas@alsea.com.mx', 0),
(1555, '004202', 'JOSE JUAN CHAVEZ MENDEZ', 'jose.chavez@alsea.com.mx', 0),
(1556, '004203', 'VICTOR DANIEL MARTINEZ JACINTO', 'victor.martinez@alsea.com.mx', 0),
(1557, 'as004092', 'ANA GABRIELA GUTIERREZ RANGEL', NULL, 0),
(1560, '004047', 'ROBERTO CARLOS FLORES', 'roberto-carlos.flores@alsea.com.mx', 0),
(1561, '002048', 'TEOFILO BORJA', 'teofilo.borja@alsea.com.mx', 0);

--
-- Restricciones para tablas volcadas
--

--
-- Filtros para la tabla `cartas`
--
ALTER TABLE `cartas`
  ADD CONSTRAINT `fk_cartas_ninos_padrinos1` FOREIGN KEY (`ninos_padrinos_ninos_idninos`, `ninos_padrinos_padrinos_idpadrinos`) REFERENCES `ninos_padrinos` (`ninos_idninos`, `padrinos_idpadrinos`) ON DELETE NO ACTION ON UPDATE NO ACTION;

--
-- Filtros para la tabla `ninos`
--
ALTER TABLE `ninos`
  ADD CONSTRAINT `fk_ninos_comedores1` FOREIGN KEY (`comedores_idcomedores`) REFERENCES `comedores` (`idcomedores`) ON DELETE NO ACTION ON UPDATE NO ACTION,
  ADD CONSTRAINT `fk_ninos_genero1` FOREIGN KEY (`genero_idgenero`) REFERENCES `genero` (`idgenero`) ON DELETE NO ACTION ON UPDATE NO ACTION;

--
-- Filtros para la tabla `ninos_padrinos`
--
ALTER TABLE `ninos_padrinos`
  ADD CONSTRAINT `fk_ninos_has_padrinos_ninos` FOREIGN KEY (`ninos_idninos`) REFERENCES `ninos` (`idninos`) ON DELETE NO ACTION ON UPDATE NO ACTION,
  ADD CONSTRAINT `fk_ninos_has_padrinos_padrinos1` FOREIGN KEY (`padrinos_idpadrinos`) REFERENCES `padrinos` (`idpadrinos`) ON DELETE NO ACTION ON UPDATE NO ACTION;

/*!40101 SET CHARACTER_SET_CLIENT=@OLD_CHARACTER_SET_CLIENT */;
/*!40101 SET CHARACTER_SET_RESULTS=@OLD_CHARACTER_SET_RESULTS */;
/*!40101 SET COLLATION_CONNECTION=@OLD_COLLATION_CONNECTION */;
